ID,Name,DOB,Gender,Occupation,Arrest_Count
1,Advik Maharaj,1977-03-18,Male,Labourer,0
2,Ekaraj Chaudry,2006-08-06,Male,Farmer,0
3,Siddharth Balay,1962-07-29,Male,Unemployed,5
4,Ikbal Kaul,1994-12-08,Male,Labourer,1
5,Hardik Saini,1975-07-20,Male,Unknown,0
6,Liam Ahuja,1971-05-31,Male,Student,1
7,Onkar Mall,1971-02-16,Male,Mechanic,1
8,Om Chaudry,1966-11-10,Male,Mason,7
9,Chanakya Parmer,1983-12-15,Male,Unemployed,0
10,Anya Sharaf,1997-01-14,Female,Mason,6
11,Saanvi Brar,1998-02-11,Female,Vendor,0
12,Pratyush Handa,2008-06-29,Male,Auto Driver,0
13,Aradhana Kari,1980-03-28,Female,Farmer,1
14,Jackson Chaudhuri,1986-06-01,Male,Vendor,1
15,Utkarsh Patla,1971-08-13,Male,Daily Wage Worker,0
16,Peter Kadakia,2006-02-25,Male,Student,0
17,Balendra Garg,1996-11-23,Male,Mason,0
18,Finn Shere,1986-05-15,Male,Unemployed,0
19,Januja Nair,1964-05-09,Female,Mason,0
20,Anamika Mutti,1987-11-06,Female,Unknown,1
21,Bachittar Kakar,1999-02-22,Male,Security Guard,1
22,Hitesh Tata,1987-06-21,Male,Shopkeeper,1
23,Ekbal Lanka,1970-01-18,Male,Painter,1
24,Karan Sangha,2000-04-03,Male,Shopkeeper,0
25,Pratyush Kanda,1969-12-17,Male,Farmer,0
26,Chakradev Batta,1968-01-04,Male,Painter,1
27,Fariq Sami,2001-02-17,Male,Electrician,0
28,Reyansh Raj,2001-02-04,Male,Farmer,1
29,Jeremiah Apte,2006-11-03,Male,Private Employee,8
30,Kiaan Oak,1968-02-20,Male,Labourer,1
31,Urishilla Dugar,1991-06-04,Female,Student,0
32,Lekha Tella,1972-09-14,Female,Business,0
33,Manthan Tripathi,2001-12-27,Male,Student,0
34,Faraj Prakash,1971-07-17,Male,Security Guard,7
35,Ojasvi Suresh,1961-11-15,Female,Business,0
36,Radhika Mohanty,1976-11-03,Female,Driver,9
37,Kavya Brar,1966-05-17,Female,Tailor,0
38,Bakhshi Walia,1969-02-07,Male,Tailor,1
39,Vyanjana Gandhi,1978-08-02,Female,Tailor,0
40,Hitesh Zacharia,2007-06-29,Male,Mason,1
41,Nachiket Rastogi,2006-04-03,Male,Cook,0
42,Theodore Varughese,1991-04-09,Male,Private Employee,10
43,Jatin Kar,1964-11-26,Male,Auto Driver,12
44,Advaith Karpe,2000-08-03,Male,Driver,1
45,Aarush Bobal,2003-06-30,Male,Auto Driver,1
46,Ishwar Bir,1962-09-07,Male,Shopkeeper,1
47,Balendra Varkey,1976-09-28,Male,Security Guard,0
48,Xavier Kala,1997-03-29,Male,Painter,1
49,Warjas Kibe,1992-09-24,Male,Unemployed,0
50,Girish Chandra,1967-02-22,Male,Private Employee,0
51,Peter Sampath,1988-07-10,Male,Mechanic,0
52,Avi Chaudhari,1964-09-02,Male,Daily Wage Worker,0
53,Omkaar Chopra,1977-06-20,Male,Tailor,12
54,Ranveer Yadav,1991-01-28,Other,Labourer,0
55,Siddharth Goswami,1979-07-03,Male,Security Guard,1
56,Kritika Borra,1990-09-14,Female,Student,1
57,Aryan Zachariah,1961-07-20,Male,Electrician,1
58,Jagat Ganesan,1988-03-15,Male,Business,0
59,Wridesh Kala,1987-11-02,Male,Tailor,7
60,Fitan Raghavan,1960-09-10,Male,Unknown,0
61,Kevin Sha,1979-12-16,Male,Cook,4
62,Yagnesh Dubey,1973-06-20,Male,Driver,0
63,Ikbal Bhardwaj,1999-12-17,Male,Unknown,0
64,Naksh Bhandari,1963-12-17,Male,Painter,1
65,Yashasvi Wali,1971-04-06,Female,Mechanic,1
66,Banjeet Grewal,1965-03-18,Male,Mason,12
67,Jacob Raval,1968-09-14,Male,Private Employee,0
68,Anmol Bumb,1989-01-27,Male,Unknown,0
69,Kalpit Jayaraman,2006-02-14,Male,Cook,1
70,Kashvi Lanka,1987-06-25,Female,Auto Driver,0
71,Mason Shankar,1982-01-23,Male,Tailor,0
72,Aayush Shanker,2002-10-25,Male,Tailor,0
73,Bina Yogi,1975-01-19,Female,Shopkeeper,0
74,Dominic Palla,1965-03-24,Male,Shopkeeper,0
75,Qasim Mane,1971-04-13,Male,Mechanic,1
76,Matthew Wadhwa,1961-01-29,Male,Daily Wage Worker,0
77,Charles Desai,1978-07-18,Male,Painter,0
78,Chatresh Dugal,1979-01-30,Male,Shopkeeper,1
79,Henry Oza,1974-05-27,Male,Electrician,1
80,Zayyan Suresh,1977-08-20,Male,Farmer,4
81,Chakradhar Sampath,1979-05-17,Male,Vendor,0
82,Aarav Nath,1969-06-13,Male,Unemployed,0
83,Gaurika Sathe,1998-02-02,Female,Mechanic,0
84,Aayush Choudhury,1965-09-01,Male,Tailor,1
85,Anita Pingle,2000-03-09,Female,Shopkeeper,0
86,Upasna Datta,1963-05-24,Female,Student,0
87,Qabil Baral,1984-11-23,Male,Private Employee,1
88,Kritika Chauhan,1984-08-12,Female,Auto Driver,0
89,Faras Khalsa,1971-08-10,Male,Unemployed,0
90,Samuel Bakshi,1972-10-02,Male,Electrician,0
91,Samesh Kothari,1978-09-14,Male,Mechanic,1
92,Darika Raja,1963-03-08,Female,Daily Wage Worker,1
93,Indrajit Iyengar,1991-11-14,Male,Tailor,0
94,Michael Kari,1975-09-19,Male,Daily Wage Worker,1
95,Gopal Rastogi,1982-11-19,Male,Painter,1
96,Bakhshi Mallick,1984-06-10,Male,Cook,11
97,Noah Bala,1968-05-24,Male,Unemployed,0
98,Gaurav Lanka,1963-02-24,Male,Tailor,0
99,Teerth Pai,1981-11-22,Male,Driver,1
100,Dalbir Rajan,1999-10-14,Male,Farmer,1
101,Joshua Basu,1990-03-22,Male,Painter,1
102,Guneet Patla,1989-11-23,Male,Mechanic,1
103,Noah Murthy,2005-09-09,Male,Student,1
104,Mason Tripathi,1981-08-05,Male,Labourer,0
105,Nihal Rau,2007-12-29,Male,Unknown,1
106,Devansh Handa,1989-02-27,Male,Electrician,1
107,Gagan Mitra,1988-03-07,Male,Student,1
108,Max Mangat,1974-11-07,Male,Private Employee,5
109,Naveen Shroff,1990-08-11,Male,Auto Driver,0
110,Hredhaan Vaidya,1992-09-30,Male,Auto Driver,0
111,Brijesh Mander,1995-08-16,Male,Unknown,1
112,Chakradhar Keer,2006-05-01,Male,Auto Driver,2
113,Jeevika Issac,1970-07-29,Female,Farmer,0
114,Arin Konda,1992-11-17,Male,Cook,0
115,Vasatika Sachdeva,2003-05-27,Female,Farmer,1
116,Rehaan Talwar,1987-09-29,Male,Tailor,1
117,Ethan Ahluwalia,1967-10-20,Male,Cook,1
118,Januja Goda,2007-11-26,Female,Security Guard,0
119,Arya Krish,1968-10-21,Female,Daily Wage Worker,1
120,Ekalinga Shetty,2005-12-22,Male,Daily Wage Worker,1
121,Timothy Thaman,1989-08-02,Male,Private Employee,0
122,Fariq Soman,1991-03-05,Male,Auto Driver,0
123,Jatin Malhotra,1996-01-08,Male,Driver,1
124,Jagdish Maharaj,1990-06-25,Male,Painter,8
125,Luke Keer,1979-01-14,Male,Unknown,0
126,Odika Zachariah,1966-01-11,Female,Unknown,0
127,Forum Kashyap,1986-08-12,Female,Business,1
128,Hredhaan Bhatt,1988-10-11,Male,Tailor,0
129,Noah Shukla,1988-11-03,Male,Daily Wage Worker,0
130,Harshil Salvi,1987-01-19,Male,Mason,1
131,Sachi Sood,1960-12-12,Female,Tailor,8
132,Manthan Ramakrishnan,1989-01-22,Male,Labourer,8
133,Yagnesh Kanda,1979-02-13,Male,Electrician,1
134,Xavier Balakrishnan,1987-01-04,Male,Mechanic,1
135,Samaksh Gandhi,1992-05-09,Male,Mason,1
136,Agastya Ramesh,2000-10-28,Male,Driver,0
137,Fiyaz Sangha,1969-10-12,Other,Vendor,0
138,Gavin Bedi,1978-04-02,Male,Unemployed,0
139,Nihal Kakar,1991-06-28,Male,Labourer,0
140,Om Raghavan,1979-06-26,Male,Farmer,0
141,Jonathan Bumb,1992-07-20,Male,Daily Wage Worker,0
142,Atharv Palla,1975-10-22,Male,Farmer,0
143,Anusha Balasubramanian,1977-05-17,Female,Farmer,1
144,Advaith Dua,1976-10-12,Male,Mason,0
145,Warjas Contractor,1998-12-04,Male,Auto Driver,6
146,Vidhi Kunda,1985-08-25,Female,Farmer,0
147,Dakshesh Gade,1981-09-17,Male,Painter,0
148,Agastya Muni,1999-09-24,Male,Private Employee,8
149,Sneha Issac,1965-09-19,Female,Farmer,1
150,Charan Mitra,2007-02-10,Male,Electrician,1
151,Ansh Palan,1996-10-19,Male,Cook,1
152,Qasim Biswas,1994-12-23,Male,Tailor,1
153,Abeer Salvi,1993-11-27,Male,Unknown,0
154,Upma Pathak,2003-10-19,Female,Driver,1
155,Faraj Saran,1972-07-13,Male,Electrician,1
156,Wyatt Shroff,1990-03-10,Male,Security Guard,0
157,Neel Korpal,1966-06-12,Male,Vendor,1
158,Umang Kohli,1992-03-03,Male,Daily Wage Worker,0
159,Om Balakrishnan,1994-03-09,Male,Painter,0
160,Gavin Sura,1974-12-25,Male,Security Guard,0
161,Kai Oak,1979-07-30,Male,Auto Driver,0
162,Abdul Varughese,1973-07-19,Male,Unknown,1
163,Jai Ray,1993-10-17,Male,Tailor,1
164,Wazir Swaminathan,1991-01-17,Male,Daily Wage Worker,0
165,Chakradhar Menon,1975-08-17,Male,Tailor,0
166,Jairaj Mohan,2005-09-23,Male,Security Guard,1
167,Urvashi Wali,1983-12-10,Other,Mechanic,1
168,Noah Pandey,2008-05-17,Male,Labourer,0
169,Krishna Mohan,1977-08-27,Male,Unemployed,0
170,Darpan Hans,1982-01-07,Male,Security Guard,2
171,George Handa,1975-04-10,Male,Security Guard,1
172,Lakshit Vohra,2001-02-27,Male,Unemployed,1
173,Chandresh Hari,1980-09-15,Male,Driver,0
174,Pranit Gola,1981-02-11,Male,Unemployed,1
175,Dev Mahal,1963-08-24,Male,Auto Driver,8
176,Madhav Date,2003-12-15,Male,Auto Driver,1
177,Charan Arora,1999-08-12,Male,Electrician,1
178,Wahab Srinivas,1990-07-09,Male,Unemployed,0
179,Hiral Behl,1977-09-23,Female,Mechanic,1
180,Dakshesh Bhattacharyya,1987-10-25,Male,Student,0
181,Balhaar Bera,1970-11-15,Male,Painter,1
182,Max Chada,1977-06-08,Male,Auto Driver,1
183,Sathvik Kara,1996-02-09,Male,Electrician,5
184,Varenya Savant,1980-10-12,Female,Unknown,0
185,Michael Bhasin,2002-01-12,Male,Tailor,0
186,Ishita Kakar,1978-07-22,Female,Shopkeeper,4
187,Farhan Khatri,1972-05-17,Male,Unknown,1
188,Farhan Agate,1988-05-06,Male,Business,1
189,Wahab Manne,1962-10-08,Male,Security Guard,0
190,Mitali Mandal,2008-05-20,Female,Private Employee,0
191,Balendra Kaur,1978-07-20,Male,Unknown,0
192,Pavani Contractor,1997-08-09,Other,Daily Wage Worker,0
193,Falan Lata,1970-03-24,Male,Electrician,0
194,Darpan Gandhi,1981-06-24,Other,Painter,1
195,Urvashi Dash,1992-06-10,Female,Security Guard,1
196,Saksham Magar,1994-08-09,Male,Farmer,1
197,Theodore Buch,2001-03-30,Male,Security Guard,1
198,Upma Naidu,2001-08-18,Female,Tailor,3
199,Agastya Chand,1976-02-15,Male,Private Employee,8
200,Lipika Baria,1972-06-20,Female,Labourer,1
201,Timothy Mall,1972-11-23,Male,Mechanic,1
202,Yatan Chand,1992-07-13,Male,Unemployed,0
203,Tara Nath,1982-05-24,Female,Electrician,1
204,Faris Narayan,1988-07-23,Male,Auto Driver,1
205,Maanas Rattan,1997-12-24,Male,Tailor,0
206,Suhani Chakrabarti,1981-12-13,Other,Farmer,0
207,Neel D’Alia,1988-01-19,Male,Shopkeeper,1
208,Vihaan Sachdev,1964-03-27,Male,Daily Wage Worker,1
209,Zarna Pathak,2002-12-01,Other,Auto Driver,0
210,Timothy Behl,1974-05-26,Male,Cook,0
211,Ekaja Mani,1990-05-12,Female,Daily Wage Worker,1
212,Darsh Balakrishnan,2003-06-03,Male,Cook,0
213,Fariq Mukhopadhyay,1998-01-12,Male,Business,1
214,Tanvi Chander,1975-11-02,Female,Electrician,1
215,Vihaan Dalal,2004-08-15,Male,Tailor,1
216,Yahvi Manne,1995-03-06,Female,Auto Driver,0
217,Triya Subramanian,1992-09-06,Female,Painter,9
218,Vedant Dhillon,1986-08-26,Male,Mason,0
219,Ekansh Boase,1979-05-07,Male,Unemployed,11
220,Onkar Tripathi,1978-09-23,Male,Farmer,1
221,Lohit Misra,2000-06-27,Male,Electrician,4
222,Falan Sekhon,1997-03-13,Male,Shopkeeper,6
223,Orinder Natarajan,1998-02-07,Male,Mason,1
224,Vasatika Nagy,1973-05-20,Female,Tailor,1
225,Rehaan Kaur,1988-07-01,Male,Security Guard,0
226,Nathan Solanki,2008-07-15,Male,Auto Driver,1
227,Libni Doshi,1994-04-03,Other,Driver,0
228,Dev Thakkar,2000-09-16,Male,Farmer,1
229,Daksha Sarraf,1967-05-02,Female,Unemployed,0
230,Abhimanyu Dhawan,1988-06-12,Male,Vendor,0
231,Baljiwan Singh,1978-08-01,Male,Unknown,0
232,Rushil Buch,1982-11-27,Male,Driver,1
233,Nathan Sura,1997-05-13,Male,Auto Driver,0
234,Bakhshi Keer,2003-07-01,Male,Daily Wage Worker,0
235,Jhalak Chana,1990-01-29,Female,Electrician,0
236,Chandresh Sawhney,1971-11-14,Male,Vendor,1
237,Akshay Batra,1982-08-15,Male,Painter,1
238,Nandini Parmer,1986-01-20,Female,Mechanic,1
239,Elijah Konda,1996-09-10,Male,Mason,1
240,Pranit Garde,1972-06-17,Other,Business,12
241,Rayaan Khosla,1994-05-31,Male,Labourer,0
242,Kala Shenoy,2003-12-16,Female,Security Guard,1
243,Victor Kumer,2005-12-04,Male,Auto Driver,1
244,Viraj Mani,2006-08-29,Male,Mechanic,0
245,Balhaar Sathe,1984-01-24,Male,Unemployed,1
246,Simon Krishna,1991-08-20,Male,Vendor,0
247,Ira Rajagopalan,1993-06-06,Female,Private Employee,0
248,Jagat Raj,1999-06-20,Male,Tailor,1
249,Manbir Merchant,1962-01-15,Male,Daily Wage Worker,1
250,Mahika Anand,1999-01-22,Female,Security Guard,1
251,Yuvraj Mangat,1976-03-16,Male,Private Employee,1
252,Januja Gupta,2002-10-19,Female,Shopkeeper,0
253,Ekantika Chatterjee,2003-03-31,Female,Mason,1
254,Mohammed Sastry,1962-10-26,Male,Mason,10
255,Dominic Chana,1980-08-18,Male,Vendor,1
256,Sarthak Gill,1974-03-18,Male,Vendor,5
257,Qadim Wali,1994-09-11,Male,Tailor,0
258,Fitan Kurian,1993-05-03,Male,Electrician,1
259,Omkaar Contractor,1992-06-01,Male,Farmer,2
260,Ekavir Kara,2006-07-28,Male,Security Guard,5
261,Rajeshri Chana,1987-05-26,Female,Shopkeeper,1
262,Kevin Yadav,1968-12-15,Male,Tailor,0
263,Raksha Lala,2000-04-29,Female,Farmer,1
264,Ria Chokshi,2006-06-21,Female,Daily Wage Worker,7
265,Warinder Bakshi,2002-09-15,Male,Electrician,1
266,Indrajit Bhatnagar,2003-10-15,Male,Vendor,1
267,Matthew Rege,1968-06-26,Male,Daily Wage Worker,0
268,Aradhana Barad,1981-04-05,Female,Electrician,5
269,Dalbir Chatterjee,1976-07-10,Male,Labourer,7
270,Rishi Setty,1985-10-17,Male,Shopkeeper,0
271,Faras Sachdeva,2005-02-11,Male,Tailor,0
272,Wishi Reddy,1979-08-01,Female,Auto Driver,0
273,Qasim Kalla,1990-09-20,Male,Labourer,0
274,Warinder Patil,1967-04-23,Other,Tailor,0
275,Praneel Bhat,1987-08-22,Male,Labourer,7
276,Girish Das,1991-06-29,Male,Auto Driver,0
277,Hitesh Bail,1963-12-28,Male,Unemployed,8
278,Jairaj Dass,1998-12-19,Male,Driver,1
279,Bakhshi Johal,2000-06-13,Male,Farmer,0
280,Kamala Narasimhan,1970-08-03,Female,Unemployed,1
281,Lakshit Dhillon,1969-05-23,Male,Labourer,9
282,Harita Choudhary,2005-07-13,Female,Painter,1
283,Dominic Aurora,1984-12-04,Male,Electrician,3
284,Neel Babu,1972-05-27,Male,Shopkeeper,6
285,Atharv Date,1989-03-12,Male,Unknown,1
286,Azad Soni,1991-01-19,Male,Cook,1
287,Chatura Seth,1994-10-31,Male,Farmer,0
288,Anthony Verma,1981-01-27,Male,Auto Driver,1
289,Alexander Bhat,1993-02-21,Male,Farmer,1
290,Tanay Chokshi,1993-11-28,Male,Vendor,1
291,Balhaar Buch,1982-06-20,Male,Driver,3
292,Bachittar Date,1979-04-06,Male,Vendor,0
293,Rayaan Wali,1980-08-12,Male,Tailor,0
294,Zayyan Sani,1967-04-19,Male,Painter,0
295,Janaki Sani,1991-04-11,Female,Business,0
296,Samuel Nori,1991-05-29,Male,Security Guard,0
297,Sarthak Chandran,1981-10-25,Male,Tailor,1
298,Naksh Kumer,1986-01-07,Male,Painter,0
299,Warjas Bhavsar,1966-10-03,Male,Daily Wage Worker,6
300,Chakradhar Sankaran,1967-02-13,Male,Business,1
301,Dhruv Bhasin,2000-06-15,Male,Shopkeeper,1
302,Darsh Roy,1984-08-10,Male,Labourer,10
303,Atharv Mani,2001-05-28,Male,Painter,0
304,Patrick Chawla,1999-11-16,Male,Private Employee,0
305,Garima Subramaniam,1975-10-22,Female,Shopkeeper,0
306,Parth Pillai,1968-05-13,Male,Daily Wage Worker,1
307,Isaiah Sanghvi,1998-09-20,Male,Electrician,0
308,Kiaan Balakrishnan,1972-10-28,Male,Farmer,0
309,Mohammed Nori,1984-06-07,Male,Unknown,1
310,Gautam Dhar,1999-01-31,Male,Mason,0
311,Bakhshi Dhar,2003-08-20,Male,Business,0
312,Chakradev Wali,1975-03-10,Male,Business,0
313,Shaurya Setty,1983-09-30,Male,Painter,1
314,Qasim Muni,1982-08-15,Male,Auto Driver,1
315,Atharv Dugal,1971-04-05,Male,Unemployed,1
316,Chaitaly Magar,1990-09-13,Female,Private Employee,1
317,Xavier Sathe,1988-09-24,Male,Painter,1
318,Hritik Vala,1968-04-16,Male,Private Employee,1
319,Upasna Choudhry,1979-10-28,Female,Vendor,3
320,Mitesh Bath,1975-07-22,Male,Unknown,0
321,Ayaan Amble,1974-06-16,Male,Business,0
322,Hitesh Devan,1977-12-07,Male,Student,12
323,Nihal Dar,1961-01-27,Male,Cook,1
324,Tanveer Gill,1969-05-03,Male,Shopkeeper,0
325,Ishwar Tella,1998-07-27,Male,Student,0
326,Balendra Ranganathan,1963-06-05,Male,Security Guard,1
327,Aditya Sharaf,1965-11-05,Male,Unknown,1
328,Upadhriti Ravel,2004-02-09,Female,Private Employee,0
329,Maanav Contractor,1988-02-10,Male,Business,0
330,Nicholas Garg,2002-08-11,Male,Driver,1
331,Pratyush Chakrabarti,1990-04-07,Male,Vendor,0
332,Jairaj Sarin,2000-08-14,Male,Driver,1
333,Balveer Randhawa,1981-08-29,Male,Tailor,0
334,Indrajit Nath,1971-12-27,Male,Unknown,1
335,Dakshesh Wali,1995-04-01,Male,Cook,0
336,Owen Panchal,2004-06-20,Male,Private Employee,0
337,Jacob Chauhan,1970-07-06,Male,Student,9
338,Rudra Ghose,2001-07-16,Other,Cook,0
339,Baljiwan Goel,2003-04-12,Male,Business,1
340,Vincent Sen,2006-11-24,Male,Unemployed,1
341,Nakul Dora,1990-06-22,Male,Farmer,1
342,Wahab Sathe,2003-07-07,Male,Shopkeeper,0
343,Mahika Bhalla,1984-06-30,Female,Business,1
344,Mohammed Shenoy,1991-04-20,Male,Driver,1
345,Ayush Pillay,1980-01-31,Male,Private Employee,0
346,Chakradev Tripathi,1986-09-17,Male,Painter,0
347,Ansh Sengupta,1999-06-13,Male,Student,1
348,Oeshi Soni,1994-08-31,Female,Security Guard,0
349,Azaan Seshadri,1967-08-04,Male,Business,0
350,Brijesh Thaman,2004-07-07,Male,Tailor,0
351,Anmol Kota,1990-05-03,Male,Shopkeeper,0
352,Fariq Patla,1985-12-02,Male,Student,0
353,Rishi Rege,1983-07-29,Male,Auto Driver,1
354,Oliver Bhatti,1982-12-25,Male,Electrician,0
355,Reyansh Mander,1977-09-11,Male,Security Guard,0
356,Ojas Bumb,2000-03-15,Male,Unknown,1
357,Parth Mukherjee,2005-03-11,Male,Mason,1
358,Eiravati Chad,1981-08-12,Female,Mechanic,0
359,Omya Datta,2006-02-23,Female,Unemployed,1
360,Siddharth Trivedi,1985-03-03,Male,Farmer,0
361,Pratyush More,1972-10-24,Male,Student,0
362,Panini Sunder,1973-08-12,Female,Driver,0
363,Ekantika Dubey,1965-10-18,Female,Vendor,1
364,Chandresh Tripathi,1997-04-12,Male,Cook,1
365,Gayathri Deep,2001-03-10,Other,Vendor,1
366,Ganga Gaba,1972-11-07,Female,Private Employee,0
367,Theodore Bassi,1988-07-03,Male,Security Guard,0
368,Jagat Sawhney,2002-02-05,Male,Security Guard,0
369,Vanya Kaur,1996-11-19,Female,Labourer,0
370,Mohammed Singh,1973-10-01,Male,Cook,1
371,Thomas Shenoy,1979-09-21,Male,Farmer,8
372,Zayan Wable,1989-01-13,Male,Electrician,9
373,Harish Devi,1977-07-23,Male,Labourer,0
374,Wridesh Prabhu,1998-04-14,Male,Business,1
375,David Mane,1966-04-03,Male,Painter,0
376,Laban Sengupta,1995-06-25,Male,Vendor,10
377,Tejas Chand,1975-08-28,Male,Cook,1
378,Priya Bala,1988-10-12,Female,Unemployed,1
379,Rudra Thakkar,1985-12-29,Male,Labourer,0
380,Reyansh Bumb,1986-01-22,Male,Farmer,1
381,Akshay Nagar,1967-04-16,Male,Vendor,0
382,Eta Devan,1963-02-26,Female,Electrician,1
383,Warinder Dewan,1992-06-20,Male,Shopkeeper,9
384,Aarnav Buch,1961-11-03,Male,Mechanic,5
385,Janaki Doctor,1997-11-22,Female,Private Employee,1
386,Indrajit Mani,1976-09-19,Other,Tailor,0
387,Darsh Batta,1976-10-09,Male,Mechanic,0
388,Vasudha Bhatnagar,1968-02-03,Female,Private Employee,1
389,Abhiram Varma,1999-09-05,Male,Mason,1
390,Ekbal Manne,1989-10-03,Male,Student,1
391,Patrick Khosla,1999-05-19,Male,Cook,0
392,Girik Chada,1996-03-03,Male,Driver,0
393,Bahadurjit Vora,1997-07-28,Male,Private Employee,7
394,Robert Singhal,1963-07-06,Male,Business,1
395,Rachit Kulkarni,1961-08-26,Male,Electrician,0
396,Bahadurjit Pai,1976-12-15,Male,Vendor,1
397,Ojas Deol,1963-07-25,Male,Unemployed,12
398,Omkaar Gill,2007-02-20,Male,Cook,0
399,Wakeeta Gopal,1969-09-21,Female,Shopkeeper,1
400,Veer Bansal,1980-07-07,Male,Driver,1
401,Anthony Iyengar,1963-05-26,Male,Unknown,4
402,Mohammed Varma,1987-08-24,Male,Vendor,0
403,Jonathan Bansal,2004-07-26,Male,Cook,1
404,Luke Parikh,1963-10-20,Male,Auto Driver,0
405,Laban Dash,1985-08-04,Male,Security Guard,0
406,Ryan Sarraf,1986-11-10,Male,Daily Wage Worker,0
407,Rachit Taneja,2007-08-23,Other,Business,1
408,Qarin Venkataraman,1978-09-12,Male,Shopkeeper,1
409,Simon Brar,1989-11-06,Male,Electrician,1
410,Manan Nagi,1967-07-13,Male,Driver,1
411,Omisha Merchant,1981-05-27,Female,Student,0
412,Tanay Ganesan,2007-06-27,Male,Cook,0
413,Parth Sekhon,1963-06-06,Male,Auto Driver,0
414,Teerth Maharaj,2004-01-24,Male,Unknown,0
415,Baljiwan Ravi,1985-04-09,Male,Driver,8
416,Azaan Dhar,2001-11-22,Other,Security Guard,1
417,Anika Date,1965-02-14,Female,Driver,7
418,Qadim Pathak,1986-08-07,Male,Electrician,1
419,Faraj Sengupta,1985-10-16,Male,Tailor,0
420,Tristan Bose,1999-08-08,Male,Shopkeeper,0
421,Zilmil Peri,1987-08-20,Female,Cook,0
422,Liam Krish,1968-04-07,Male,Auto Driver,1
423,Idika Tata,1995-10-12,Female,Daily Wage Worker,1
424,Daniel Lala,1978-04-05,Male,Business,0
425,Hredhaan Mangal,2007-10-09,Male,Student,0
426,Harish Das,1969-10-13,Male,Private Employee,0
427,Varsha Gera,1990-11-02,Female,Labourer,12
428,Nathaniel Palan,1964-12-19,Male,Daily Wage Worker,1
429,Mason Dugar,2008-03-13,Male,Labourer,1
430,Pratyush Trivedi,1975-10-22,Male,Business,1
431,Harish Dewan,1976-08-28,Male,Driver,0
432,Agastya Patel,1998-04-01,Male,Security Guard,1
433,Vivaan Dayal,2002-03-11,Male,Private Employee,1
434,Bachittar More,1987-08-23,Male,Vendor,0
435,Samesh Rout,1999-09-02,Male,Cook,1
436,Dev Nadig,2004-04-04,Male,Farmer,0
437,Umang Shukla,2006-10-30,Male,Unemployed,1
438,Eesha Gopal,1969-04-30,Female,Painter,0
439,Yashasvi Bhakta,1968-12-30,Female,Unknown,0
440,Max Gala,1971-07-27,Male,Security Guard,1
441,Isaiah Pal,1995-11-10,Male,Business,0
442,Chaaya Krishna,1973-11-27,Female,Cook,0
443,Dev Mitter,2002-05-11,Male,Vendor,6
444,Zayan Ganguly,2000-10-26,Male,Security Guard,0
445,Harinakshi Nazareth,1998-11-25,Female,Painter,6
446,Akshay Bumb,1963-08-22,Male,Mason,1
447,Henry Saha,2002-08-11,Male,Tailor,1
448,Yuvraj Mann,2004-03-24,Male,Cook,1
449,Warhi Konda,2007-02-28,Female,Farmer,3
450,Manthan Setty,1965-07-06,Male,Private Employee,1
451,Farhan Sarraf,1988-10-30,Male,Mechanic,1
452,Vincent Jani,1983-09-12,Male,Unemployed,7
453,Nirja Nagar,1984-01-19,Female,Cook,0
454,Dhruv Prabhakar,1995-08-04,Male,Private Employee,1
455,Nathaniel Khurana,1992-04-16,Male,Cook,1
456,Kiaan Sengupta,1977-06-02,Male,Business,0
457,Chanakya Bedi,1980-04-18,Male,Farmer,1
458,Shaurya Kothari,1971-06-01,Male,Labourer,1
459,Nirja Gupta,1971-05-23,Female,Unknown,0
460,Vivaan Tara,1981-07-17,Male,Student,1
461,Advay Chana,1987-04-23,Male,Auto Driver,3
462,Jai Kale,2000-03-30,Male,Electrician,0
463,Arjun Bedi,1979-09-11,Male,Mechanic,1
464,Vrinda Mangal,1997-01-25,Female,Unemployed,0
465,Chatura Sankar,1969-08-29,Male,Security Guard,1
466,Rajeshri Rau,1985-06-13,Female,Electrician,1
467,Sai Behl,1999-05-10,Male,Daily Wage Worker,0
468,Radhika Mani,1965-07-20,Female,Daily Wage Worker,0
469,Yashawini Seshadri,1997-12-18,Female,Business,0
470,Daniel Dave,1967-02-16,Male,Security Guard,1
471,Rachit Nori,1998-07-04,Male,Daily Wage Worker,1
472,Eshana Issac,2001-07-18,Female,Mason,0
473,Zashil Baria,1963-08-19,Male,Business,0
474,Ekapad Nath,1992-10-13,Male,Electrician,1
475,Falan Varma,1970-01-22,Male,Tailor,1
476,Nathaniel Gaba,1987-04-15,Male,Unknown,0
477,Om Tripathi,1995-03-27,Male,Cook,0
478,Mason Soman,1961-09-05,Male,Painter,1
479,Noah Choudhary,1988-11-22,Male,Shopkeeper,10
480,Amara Som,1978-08-13,Female,Student,1
481,Atharv Srinivasan,1972-02-25,Male,Mechanic,1
482,Ethan Kibe,1962-09-11,Male,Unemployed,0
483,Girish Bahl,1990-07-24,Male,Auto Driver,0
484,Ubika Doshi,1988-08-25,Female,Student,0
485,Tripti Thaker,2002-02-27,Female,Unemployed,1
486,Azaan Devi,1995-11-04,Male,Student,1
487,Omaja Sridhar,1996-04-21,Female,Labourer,0
488,Nirja Ghose,1991-10-29,Female,Private Employee,1
489,Raagini Lalla,2002-01-23,Female,Shopkeeper,1
490,Gopal Koshy,1979-07-14,Male,Farmer,1
491,Isaiah Mishra,1980-03-19,Male,Student,7
492,Yash Nadig,1993-03-13,Male,Unknown,0
493,Laksh Mani,1968-11-03,Male,Mason,1
494,Rudra Pai,1970-07-07,Male,Farmer,0
495,Ansh Mani,1965-12-04,Male,Auto Driver,8
496,Timothy Kunda,1993-02-23,Male,Daily Wage Worker,1
497,Harrison Yohannan,1978-12-31,Male,Unknown,12
498,Ekapad Chopra,2002-06-11,Male,Auto Driver,3
499,Jairaj Bedi,2006-02-16,Male,Student,1
500,Jackson Ben,1967-05-14,Male,Business,0
501,Noah Sodhi,1967-05-23,Male,Shopkeeper,1
502,Aarnav Dugar,1988-03-27,Male,Vendor,1
503,William Iyengar,1980-02-04,Male,Mechanic,0
504,Luke Bhargava,1966-08-20,Male,Cook,0
505,Anjali Gill,1988-12-25,Female,Farmer,10
506,Anita Ranganathan,1994-04-04,Female,Mechanic,0
507,Maanav Barad,1961-03-06,Male,Cook,0
508,Chatresh Nayak,1979-11-29,Male,Security Guard,10
509,Yatin Desai,1994-11-10,Male,Unemployed,1
510,Laban Hans,1968-03-18,Male,Unemployed,1
511,Finn Shanker,2004-08-30,Male,Mason,0
512,Girik Atwal,1983-06-27,Male,Unknown,8
513,Gopal Gill,2002-02-14,Male,Driver,0
514,Unni Varma,1982-11-11,Female,Driver,1
515,Sai Chandran,1973-02-13,Male,Painter,0
516,William Naik,1977-06-05,Male,Painter,1
517,Kalpit Rajagopal,1976-07-28,Male,Mason,0
518,Kiaan Narayan,1981-02-03,Male,Vendor,10
519,Kalpit Parsa,2007-09-09,Male,Shopkeeper,0
520,Bhavani Dani,1992-03-20,Female,Labourer,1
521,Fariq Ravi,2007-03-27,Male,Tailor,1
522,Dhriti Merchant,1985-07-23,Female,Auto Driver,0
523,Imaran Deol,1993-02-01,Male,Farmer,12
524,Utkarsh Prakash,1988-11-04,Male,Labourer,0
525,Ikbal Kota,2006-11-04,Male,Unemployed,0
526,Udant Wable,2008-06-09,Male,Unemployed,0
527,Balvan Choudhury,1964-10-01,Male,Unemployed,6
528,Falan Gala,1982-11-16,Male,Unknown,1
529,Dalbir Jha,2000-03-25,Male,Shopkeeper,0
530,Chakradev Uppal,1990-11-11,Male,Daily Wage Worker,11
531,Vasana Deo,1995-06-22,Female,Student,1
532,Vedant Bhardwaj,1998-07-28,Male,Unemployed,1
533,Mitesh Bains,1987-06-29,Male,Private Employee,1
534,Aarav Kamdar,1999-11-26,Male,Mason,1
535,Arin Sampath,1983-12-29,Male,Auto Driver,0
536,Bhanumati Biswas,1992-09-02,Female,Unemployed,1
537,Luke Rege,1972-10-17,Male,Shopkeeper,1
538,Shivansh Prasad,1986-07-29,Male,Driver,1
539,Ranbir Prashad,1966-01-03,Male,Mechanic,8
540,Owen Dani,1972-09-09,Male,Unemployed,0
541,Zarna Datta,1975-09-13,Female,Unknown,0
542,Advay Misra,1992-01-21,Male,Private Employee,0
543,Ranveer Karpe,1977-05-22,Male,Mechanic,0
544,Oscar Dubey,1979-04-22,Male,Security Guard,0
545,Daksh Balay,2005-06-22,Male,Auto Driver,1
546,Abhiram Khosla,1974-07-28,Male,Tailor,1
547,Chandresh Bandi,1990-12-05,Male,Cook,1
548,Jason Basu,1987-12-03,Male,Security Guard,1
549,Kamala Zacharia,1975-05-02,Female,Vendor,0
550,Ekaraj Thakur,1980-03-25,Male,Auto Driver,0
551,Nathaniel Nagi,1976-09-01,Male,Unknown,1
552,Ekbal Verma,1975-08-04,Male,Mechanic,1
553,Mason Maharaj,1964-09-11,Male,Auto Driver,1
554,Tanay Tandon,1963-09-27,Male,Security Guard,1
555,Rayaan Vohra,1982-03-28,Male,Vendor,1
556,Samarth Dixit,1980-12-14,Male,Tailor,0
557,George Yogi,1992-10-08,Male,Driver,0
558,Isaiah Mital,1970-05-15,Male,Painter,12
559,Ayush Sachar,1988-11-21,Male,Shopkeeper,10
560,Rishi Kibe,1977-11-24,Male,Unemployed,1
561,Noah Brar,1991-02-26,Male,Labourer,10
562,Chakradhar Wason,1973-07-05,Male,Labourer,1
563,Krish Purohit,2006-05-23,Male,Business,12
564,Balhaar Guha,2000-07-13,Male,Student,3
565,Wriddhish Joshi,1983-03-16,Male,Auto Driver,1
566,Advika Kakar,1973-06-24,Female,Daily Wage Worker,0
567,Wriddhish Kibe,2007-11-19,Male,Mason,0
568,Mekhala Khatri,1998-02-12,Other,Auto Driver,0
569,Lohit Rai,1992-04-10,Male,Unemployed,8
570,Mitesh Lal,1985-01-08,Male,Security Guard,2
571,Viraj Chaudhari,1992-06-30,Male,Driver,1
572,Harsh Prabhakar,1981-11-03,Male,Private Employee,0
573,Aradhana Kant,1970-06-23,Female,Unemployed,1
574,Kalpit Sahni,1980-08-20,Male,Driver,1
575,Indira Narayan,1976-03-14,Female,Unknown,0
576,Krisha Tata,1998-01-07,Female,Private Employee,5
577,Kabir Suresh,2004-03-19,Male,Mason,1
578,Victor Ganguly,1984-07-06,Male,Auto Driver,1
579,Ekaraj Suresh,1973-01-26,Male,Tailor,0
580,Anay Borde,2006-01-07,Male,Driver,1
581,Aarush Sachar,1969-11-26,Male,Painter,0
582,Bahadurjit Dora,1961-03-03,Male,Mason,1
583,Zayyan Shah,1985-12-10,Male,Daily Wage Worker,1
584,Wyatt Sura,1961-08-14,Male,Vendor,1
585,Samesh Arora,1961-09-07,Male,Unknown,0
586,Luke Badal,1994-09-21,Male,Business,0
587,Gaurav Chhabra,1967-02-06,Male,Shopkeeper,0
588,Jai Handa,2002-09-21,Male,Private Employee,0
589,Peter Loke,1987-07-22,Male,Business,1
590,Rachit Ravi,1991-10-13,Male,Driver,1
591,Isaiah Mital,2007-02-04,Male,Cook,0
592,Amol Chander,1988-02-16,Male,Tailor,11
593,Ranbir Soni,1964-05-13,Male,Mason,8
594,Frederick Butala,1994-07-25,Male,Driver,0
595,Noah Chandran,1996-06-27,Male,Student,0
596,Ishwar Kakar,2007-08-28,Male,Business,0
597,Krishna Batra,1965-08-09,Male,Painter,1
598,Amol Gola,1981-12-12,Male,Driver,0
599,Hemang Dhawan,1987-08-26,Male,Security Guard,0
600,Mason Gaba,1998-12-04,Male,Shopkeeper,1
601,Robert Zachariah,1983-02-14,Male,Mason,1
602,Ekaraj Brar,1994-08-17,Male,Painter,0
603,Avi Chaudhari,1990-04-16,Male,Mechanic,0
604,Bishakha Oak,2001-09-23,Female,Private Employee,1
605,Omisha Balan,2003-09-13,Female,Auto Driver,1
606,Varenya Swaminathan,1976-01-27,Female,Mason,0
607,Raghav Sankaran,1973-03-09,Male,Tailor,0
608,Chaman Merchant,1977-04-26,Female,Electrician,0
609,Benjamin Loyal,1971-01-16,Male,Business,0
610,Ganga Ramachandran,1982-02-05,Female,Painter,0
611,Chatresh Chand,1960-11-25,Male,Auto Driver,0
612,Tristan Parsa,1978-11-27,Male,Mason,11
613,Dominic Chahal,1973-04-19,Male,Mason,1
614,Udarsh Vala,1988-04-24,Male,Vendor,0
615,Agastya Chakraborty,1984-08-18,Male,Auto Driver,1
616,Nicholas Rajan,1961-05-21,Male,Unemployed,1
617,Triveni Rama,1966-04-24,Female,Private Employee,1
618,Frado Rai,1972-01-30,Male,Farmer,0
619,Krish Mitra,1978-10-24,Male,Mason,0
620,Elijah Bhatnagar,1971-12-04,Male,Labourer,1
621,Lakshit Sama,1980-12-11,Male,Driver,4
622,Balvan Patel,1977-09-04,Male,Private Employee,0
623,Yug Hayre,1991-09-15,Male,Vendor,1
624,Ekansh Modi,1961-01-03,Male,Electrician,1
625,Ojas Rai,1982-12-21,Male,Farmer,7
626,Oliver Sani,2004-11-06,Male,Student,0
627,Mason Nagi,2001-08-05,Male,Tailor,1
628,Wakeeta Murthy,1972-08-20,Female,Auto Driver,0
629,Nathaniel Manne,2007-11-03,Male,Painter,0
630,Jairaj Nanda,1986-02-19,Male,Painter,0
631,Ronith Patla,1968-04-18,Male,Driver,0
632,Gautam Bala,1991-12-17,Male,Mechanic,1
633,Theodore Manne,2007-09-11,Male,Security Guard,1
634,Samarth Tata,1970-01-07,Male,Mason,1
635,Jai Krishnan,2005-05-15,Male,Electrician,1
636,Udyati Purohit,1965-07-31,Female,Unknown,4
637,Wriddhish Rattan,1996-11-28,Male,Auto Driver,0
638,Andrew Parsa,2008-04-17,Male,Shopkeeper,1
639,Chatura Kothari,2005-04-18,Male,Unknown,0
640,Fiyaz Basu,1998-11-15,Male,Tailor,0
641,Noah Sani,1967-10-04,Male,Security Guard,0
642,Chandran Kuruvilla,1975-08-27,Male,Electrician,1
643,Vansha Prasad,1987-03-01,Female,Security Guard,8
644,Yamini Dora,1984-01-09,Female,Cook,1
645,Wyatt Cheema,1980-08-26,Male,Painter,1
646,Brijesh D’Alia,1970-03-10,Male,Driver,0
647,Nachiket Oza,1991-07-14,Male,Daily Wage Worker,1
648,Wyatt Pall,1992-12-13,Male,Electrician,1
649,Theodore Sethi,1982-04-01,Male,Farmer,1
650,Mason Basu,1968-05-18,Male,Vendor,0
651,Onveer Chopra,2006-08-17,Male,Electrician,1
652,Jairaj Varty,1972-06-02,Male,Auto Driver,0
653,Noah Sandhu,1991-12-28,Male,Vendor,0
654,Samaksh Gour,1973-03-25,Male,Farmer,0
655,Rudra Balakrishnan,2002-05-03,Male,Unknown,1
656,Umang Sanghvi,1987-01-03,Male,Shopkeeper,0
657,Jalsa Jha,1979-06-28,Female,Unknown,1
658,Charan Yadav,1973-04-08,Male,Student,1
659,Nicholas Hegde,1991-09-07,Male,Daily Wage Worker,0
660,Karan Suri,1996-06-16,Male,Painter,1
661,Sara Ramanathan,2000-06-29,Female,Shopkeeper,0
662,Owen Pandey,1991-09-15,Male,Private Employee,1
663,Manthan Chad,2006-04-14,Male,Unknown,1
664,Naksh Dalal,1976-10-12,Male,Driver,0
665,Dalbir Goswami,1985-12-13,Male,Daily Wage Worker,1
666,Rishi Sahota,2001-02-18,Male,Security Guard,0
667,Sanaya Sampath,1973-03-09,Female,Driver,1
668,Gabriel Ganesan,1993-11-13,Male,Vendor,1
669,Ekaraj Grover,1981-12-14,Male,Painter,1
670,Avi Parmer,1961-03-14,Male,Business,0
671,Ekansh Hayer,1986-09-03,Male,Security Guard,0
672,Samarth Swamy,1988-10-30,Male,Electrician,4
673,Yash Ganesh,1966-03-04,Male,Labourer,1
674,Imaran Master,1962-10-09,Male,Shopkeeper,1
675,Isaiah Yogi,1980-03-10,Male,Daily Wage Worker,7
676,Veer Tandon,1997-12-15,Male,Vendor,0
677,Dakshesh Loyal,1997-07-03,Male,Business,0
678,Ansh Sastry,1997-09-22,Male,Driver,0
679,Simon Chaudry,2005-01-11,Male,Driver,5
680,Manthan Bali,1991-02-25,Male,Electrician,7
681,Priya Chahal,1990-06-05,Female,Painter,1
682,Jagat Kadakia,2000-07-21,Male,Mason,3
683,Tanish Gandhi,2002-06-23,Male,Vendor,0
684,Harshil Jhaveri,1964-08-02,Male,Shopkeeper,0
685,Logan Yohannan,1972-01-03,Male,Unknown,12
686,Madhav Mann,1999-07-10,Male,Vendor,0
687,Yasti Chandran,1969-10-10,Female,Electrician,0
688,Bhanumati Malhotra,2005-03-07,Female,Shopkeeper,1
689,Dominic Krish,1970-07-01,Male,Painter,0
690,Jatin Ramaswamy,1993-11-08,Male,Driver,1
691,Krish Sachdeva,1986-01-28,Male,Labourer,1
692,Baljiwan Chander,1987-12-17,Male,Cook,1
693,Qarin Sha,1993-10-04,Male,Unemployed,0
694,Aarav Chander,1991-09-29,Male,Farmer,0
695,Azad Warrior,1987-08-12,Male,Labourer,1
696,Tanish Kakar,1994-03-19,Male,Unknown,0
697,Neel Mander,1983-07-13,Male,Driver,3
698,Xavier Oza,2006-12-29,Male,Mechanic,2
699,Aradhana Chaudhary,2003-02-27,Female,Mason,1
700,Abhiram Dash,1971-04-19,Male,Mason,10
701,Vedant Acharya,1989-08-29,Male,Shopkeeper,1
702,Dominic Mittal,1971-05-14,Male,Mechanic,0
703,Chakradhar Patel,1977-08-02,Male,Mason,0
704,Quincy Gandhi,1964-01-27,Male,Painter,0
705,Michael Kaur,1989-10-03,Male,Driver,0
706,Champak Agarwal,1975-01-26,Male,Unemployed,0
707,Balvan Deo,2000-12-11,Male,Shopkeeper,0
708,Tristan Andra,1961-02-04,Male,Vendor,1
709,Darpan Sami,2007-10-11,Male,Shopkeeper,1
710,William Bobal,1976-02-16,Male,Farmer,0
711,Chaitanya Chaudry,1967-07-28,Male,Painter,0
712,Qarin Mistry,1969-11-17,Male,Unknown,1
713,Ekalinga Dhar,1965-03-15,Male,Vendor,11
714,Fitan Sarraf,1984-06-11,Male,Student,0
715,Forum Sabharwal,2002-06-21,Female,Farmer,0
716,Ikbal Chadha,1967-05-21,Male,Labourer,1
717,David Rajagopalan,1984-06-20,Male,Shopkeeper,0
718,Nakul Dey,1977-05-29,Male,Painter,0
719,Brijesh Kothari,1998-03-16,Male,Private Employee,0
720,Agastya Mitra,1974-07-12,Male,Farmer,0
721,Rohan Merchant,2004-07-08,Male,Cook,1
722,Jagdish Talwar,1986-10-22,Male,Electrician,1
723,Jai Tata,2003-12-20,Male,Tailor,1
724,Abeer Patel,1982-01-30,Male,Unknown,0
725,Rishi Salvi,1985-05-31,Male,Unknown,0
726,Warinder Bora,1961-09-06,Male,Tailor,0
727,Abhimanyu Lala,1975-03-25,Male,Painter,10
728,Ayushman Rao,1995-01-08,Male,Labourer,0
729,Zashil Sagar,1989-05-16,Male,Mason,1
730,Benjamin Yadav,1997-02-18,Male,Cook,1
731,Liam Chacko,1981-08-20,Male,Unemployed,0
732,Harsh Dugal,1997-01-18,Male,Driver,5
733,Shivani Bhatti,1981-08-27,Female,Cook,1
734,Jagdish Bhardwaj,1977-03-08,Male,Driver,0
735,Teerth D’Alia,1991-05-26,Male,Mason,11
736,Mohammed Gill,1968-09-03,Male,Shopkeeper,1
737,Ekantika Apte,1971-09-12,Female,Mason,1
738,Oscar Virk,1995-09-29,Male,Daily Wage Worker,0
739,Fiyaz Prabhu,1969-03-08,Male,Unknown,3
740,Daniel Balan,1983-05-06,Male,Electrician,0
741,Laban Viswanathan,1964-11-22,Male,Mechanic,1
742,Balvan Taneja,1991-07-11,Male,Farmer,12
743,Ayaan Tata,1999-02-15,Male,Unemployed,1
744,Qarin Dugar,1977-11-27,Male,Auto Driver,1
745,Dalbir Kari,1995-03-04,Male,Business,0
746,Anthony Arora,1977-03-10,Male,Mason,0
747,Warinder Patla,1986-08-11,Male,Farmer,0
748,Gaurav Banik,1998-03-03,Male,Unemployed,0
749,Isaac Nagy,1977-06-10,Male,Mason,0
750,Nathaniel Madan,1965-11-05,Male,Daily Wage Worker,0
751,Darpan Thakkar,2006-05-14,Male,Driver,1
752,Hemal Kapoor,1995-08-24,Female,Driver,1
753,Sai Biswas,1992-03-12,Male,Electrician,11
754,Nachiket Narang,1966-06-05,Male,Mason,1
755,Aayush Pillay,1974-03-15,Male,Student,0
756,Max Kibe,1992-02-12,Male,Electrician,0
757,Yatin Hayre,1997-09-27,Male,Auto Driver,1
758,Faqid Ahuja,1988-06-13,Male,Tailor,0
759,Jackson Pal,2003-10-28,Male,Shopkeeper,0
760,Oliver Agarwal,2005-04-11,Male,Tailor,1
761,Mitesh Chawla,1974-07-06,Male,Vendor,1
762,Shaurya Swamy,1964-08-15,Male,Unknown,1
763,Logan Chander,1963-07-15,Male,Labourer,0
764,Samuel Pradhan,1991-09-30,Male,Daily Wage Worker,9
765,Champak Tiwari,1969-08-19,Male,Unknown,0
766,Baljiwan Bhatia,1990-02-23,Male,Auto Driver,0
767,Jagat Manne,1978-04-22,Male,Auto Driver,1
768,Ronith Narain,1982-03-11,Male,Student,1
769,Madhavi Kaur,1965-08-18,Female,Vendor,0
770,Ekansh Chopra,1971-02-14,Male,Vendor,0
771,Fitan Sengupta,1992-04-05,Male,Mechanic,1
772,Samar Dara,1997-01-06,Male,Student,0
773,Hemang Seth,1981-07-12,Male,Auto Driver,9
774,Kevin Dar,1966-09-13,Male,Mechanic,1
775,Max Baria,1975-03-07,Male,Private Employee,4
776,Ethan Chand,1977-06-09,Male,Shopkeeper,1
777,Siya Varghese,1963-11-17,Female,Vendor,1
778,Kalpit Ghosh,1962-08-30,Male,Private Employee,0
779,Varsha Krish,1966-12-29,Female,Painter,1
780,Charan Dey,1968-10-23,Male,Student,1
781,Azaan Kapadia,1969-06-10,Male,Unknown,1
782,Sai Pradhan,2007-04-01,Male,Business,2
783,Leela Borde,1962-01-11,Female,Unknown,0
784,Hardik Sawhney,1969-04-24,Male,Private Employee,0
785,Noah Das,1963-06-15,Male,Farmer,0
786,Aryan Ganguly,1999-08-07,Male,Driver,1
787,Rudra Taneja,1962-07-21,Male,Driver,1
788,Tanay Gera,1984-08-19,Male,Daily Wage Worker,0
789,Girik Maharaj,1979-08-04,Male,Farmer,0
790,Falan Banerjee,2002-05-03,Male,Painter,1
791,Manbir Tara,1988-08-01,Male,Mason,1
792,Azaan Chahal,1979-08-02,Male,Security Guard,0
793,Ekapad Saini,1974-02-13,Male,Driver,0
794,Aditya Raja,1984-12-25,Male,Private Employee,0
795,Xavier Padmanabhan,1999-01-15,Male,Student,0
796,Rishi Madan,1972-10-13,Male,Tailor,0
797,Nathaniel Kanda,1962-07-17,Male,Security Guard,1
798,Barkha Sodhi,1996-07-29,Female,Student,1
799,Jackson Dutta,1967-05-12,Male,Farmer,0
800,Jai Lata,1996-11-11,Male,Tailor,1
801,Imaran Rama,1984-09-09,Male,Business,0
802,Gaurang Khalsa,2000-11-13,Male,Tailor,0
803,Praneel Bala,2008-06-01,Male,Labourer,1
804,Ekta Guha,1994-01-16,Female,Security Guard,0
805,Gagan Swaminathan,1963-02-17,Male,Business,1
806,Baghyawati Kaul,2001-06-28,Female,Business,1
807,Advaith Vyas,1993-01-27,Male,Daily Wage Worker,10
808,Noah Jaggi,1969-06-05,Male,Vendor,1
809,Gaurang Naik,1964-08-07,Male,Unemployed,1
810,Ethan Dhar,1968-02-04,Male,Daily Wage Worker,0
811,Balhaar Prakash,2008-06-28,Male,Farmer,7
812,Daksha Nayar,1981-01-30,Female,Painter,0
813,Ekansh Dugar,1990-04-11,Male,Mason,1
814,Nitara Ghosh,1998-10-16,Female,Security Guard,0
815,Isaac Gill,1986-04-18,Male,Driver,0
816,Manan Datta,1972-08-21,Male,Cook,0
817,Rohan Bali,1972-12-08,Male,Electrician,0
818,Janya Chawla,1994-04-24,Female,Mechanic,8
819,Noah Brahmbhatt,1976-09-28,Male,Painter,0
820,Odika Ganesh,2003-11-03,Female,Daily Wage Worker,0
821,Oliver Sekhon,1961-04-28,Male,Tailor,1
822,Jagrati Krish,2007-09-19,Female,Cook,0
823,Parth Kunda,1967-11-25,Male,Unknown,1
824,Arjun Raju,1990-05-15,Male,Shopkeeper,11
825,Fiyaz Sachdev,1994-02-06,Male,Farmer,0
826,Parth Prashad,1967-06-14,Male,Tailor,1
827,Isaiah Gaba,1991-04-04,Male,Security Guard,1
828,Anay Menon,1961-11-30,Male,Daily Wage Worker,1
829,Kalpit Cheema,1965-08-06,Male,Private Employee,0
830,Frederick Prashad,1971-07-01,Male,Daily Wage Worker,0
831,Chakradhar Nigam,2000-12-20,Male,Business,1
832,Amruta Sankar,2005-01-10,Female,Farmer,0
833,Teerth Dugar,1964-03-11,Male,Electrician,1
834,Noah Jha,1973-06-23,Male,Painter,0
835,Kevin Manda,1980-10-13,Male,Mechanic,1
836,Chanakya Bawa,1987-04-14,Male,Cook,0
837,Faraj Bhagat,1985-02-06,Male,Student,10
838,Tanay Chahal,1980-08-04,Male,Cook,0
839,Harish Chatterjee,1962-04-19,Male,Mechanic,0
840,Frederick Manne,1966-02-14,Male,Unemployed,0
841,Dalbir Morar,1987-08-06,Male,Electrician,0
842,Yash Lanka,1966-10-01,Male,Auto Driver,1
843,George Prabhakar,1986-07-03,Male,Security Guard,1
844,Girik Sehgal,1963-08-01,Male,Daily Wage Worker,0
845,Thomas Shroff,1978-06-21,Male,Mason,11
846,Krish Bhatia,1970-10-31,Male,Mechanic,0
847,Brijesh Padmanabhan,1997-05-23,Male,Daily Wage Worker,0
848,Jhalak Bhat,1986-11-21,Female,Labourer,0
849,Wazir Keer,1992-12-15,Male,Labourer,1
850,Balveer Rana,1962-11-29,Male,Daily Wage Worker,1
851,Dipta Sen,1972-04-23,Female,Electrician,1
852,Hitesh Hans,1969-02-18,Male,Cook,1
853,Siddharth Brar,2007-01-13,Male,Labourer,1
854,Harrison Divan,2001-01-14,Male,Business,0
855,Nathaniel Bhavsar,1966-06-21,Male,Private Employee,1
856,Sneha Nanda,1979-05-06,Female,Daily Wage Worker,1
857,Abeer Virk,1989-02-06,Male,Cook,0
858,Triya Doctor,1970-08-19,Female,Mason,0
859,Chatresh Chaudhuri,1980-01-06,Male,Security Guard,1
860,Tripti Lalla,1986-08-12,Female,Mason,0
861,Warjas Barad,1972-04-07,Male,Unknown,1
862,Saksham Dhawan,2002-08-14,Male,Auto Driver,1
863,Anjali Randhawa,1983-02-08,Female,Vendor,0
864,Arya Soman,1978-10-28,Female,Tailor,0
865,Advaith Nazareth,1981-03-03,Male,Daily Wage Worker,0
866,Meera Swamy,2007-12-03,Female,Private Employee,0
867,Ishaan Desai,1980-12-29,Male,Business,1
868,Naveen Luthra,1988-11-27,Male,Unknown,0
869,Girindra Sathe,1974-12-07,Male,Unknown,0
870,Xavier Varty,1985-12-28,Male,Mechanic,1
871,Fariq Bhatti,1981-09-20,Male,Painter,4
872,Ekansh Viswanathan,1999-03-31,Male,Mechanic,1
873,Gabriel Hans,1974-03-17,Male,Student,1
874,Jeet Bali,1991-08-11,Male,Student,0
875,Pranit Issac,1979-03-11,Male,Daily Wage Worker,0
876,Vincent Tiwari,1987-07-24,Male,Student,0
877,Alexander Khurana,1985-11-22,Male,Painter,1
878,Udant Goel,1992-11-03,Male,Security Guard,0
879,Orinder Gade,1978-02-24,Male,Vendor,1
880,Lucky Bala,1986-11-08,Male,Cook,0
881,Finn Kala,1975-08-11,Male,Auto Driver,1
882,Harshil Luthra,2004-11-20,Male,Farmer,1
883,Advaith Andra,1992-10-22,Male,Unemployed,1
884,Gabriel Anand,1975-10-10,Male,Cook,1
885,Michael Maharaj,1989-05-21,Male,Shopkeeper,1
886,Owen Sharaf,1977-09-11,Male,Mechanic,1
887,Viraj Mittal,2006-08-18,Male,Auto Driver,0
888,Charan Amble,1995-05-10,Male,Labourer,0
889,Lohit Misra,2007-02-14,Male,Unemployed,1
890,Wridesh Bhatt,1983-06-07,Male,Unemployed,0
891,Nicholas Malhotra,1978-04-26,Male,Labourer,3
892,Girindra Doctor,1995-10-01,Male,Mason,6
893,Ayush Raval,2005-06-30,Male,Shopkeeper,0
894,Ekaraj Bal,2005-02-23,Male,Farmer,1
895,Manbir Lad,1989-01-11,Male,Shopkeeper,0
896,Rishi Banik,2000-03-22,Male,Farmer,0
897,Onveer Kapadia,2007-04-02,Male,Mechanic,0
898,Praneel Tripathi,1980-12-22,Male,Painter,0
899,Gautam Memon,1967-03-10,Male,Mechanic,1
900,Devansh Kuruvilla,1998-08-03,Male,Labourer,3
901,Oviya Chakraborty,1975-09-03,Female,Unknown,0
902,Jasmit Mohanty,1989-02-27,Female,Cook,3
903,Ria Lad,2000-05-24,Female,Auto Driver,1
904,Vincent Dalal,1992-07-26,Male,Unemployed,4
905,Bimala Sodhi,1973-10-14,Female,Business,1
906,Rayaan Wagle,1980-11-06,Male,Farmer,2
907,Avi Dora,1969-11-23,Male,Shopkeeper,0
908,Onveer Rout,1999-04-18,Male,Electrician,1
909,Eshana Mutti,1972-10-26,Female,Driver,1
910,Yagnesh Natarajan,2003-06-28,Male,Mason,1
911,Naksh Bhardwaj,1960-11-13,Male,Mason,1
912,Laksh Kadakia,1972-01-08,Male,Student,2
913,Vrishti Chakrabarti,1969-05-09,Other,Student,11
914,Tanish Raval,1989-09-28,Male,Unknown,0
915,Rehaan Agrawal,1963-02-11,Male,Vendor,0
916,Rachit Atwal,1982-06-22,Male,Security Guard,8
917,Aditya Agrawal,2003-03-12,Male,Driver,1
918,Isaiah Padmanabhan,1981-10-14,Male,Cook,0
919,Dalaja Rajagopal,1994-10-19,Female,Private Employee,0
920,Fiyaz Bhattacharyya,1963-08-29,Male,Auto Driver,1
921,Maanav Shah,1995-12-14,Male,Tailor,0
922,Teerth Desai,1983-11-14,Male,Student,1
923,Rachita Guha,1971-10-08,Female,Student,9
924,Aditya Kari,1975-10-24,Male,Private Employee,0
925,Hitesh Bains,2000-09-03,Male,Tailor,1
926,Diya Peri,2004-10-25,Female,Driver,1
927,Raghav Kumer,1996-12-07,Male,Security Guard,0
928,Chanakya Chokshi,2005-01-08,Other,Labourer,8
929,Arjun D’Alia,1988-11-28,Male,Tailor,3
930,Ranveer Dasgupta,1997-10-15,Male,Business,0
931,Warjas Dua,1974-07-13,Male,Electrician,1
932,Nidhi Salvi,2005-07-28,Female,Auto Driver,1
933,Krishna Devan,1989-01-17,Male,Security Guard,1
934,Daniel Mandal,1968-04-21,Male,Farmer,12
935,Yuvraj Issac,2001-12-27,Male,Private Employee,1
936,Karan Virk,1974-04-09,Male,Vendor,0
937,Tara Merchant,1971-06-18,Female,Security Guard,8
938,Yuvraj Johal,2007-05-19,Male,Mechanic,1
939,Noah Keer,1960-09-25,Male,Mechanic,0
940,Chaitanya Choudhry,1999-08-14,Male,Unemployed,0
941,Falan Chana,1995-05-15,Male,Electrician,0
942,Daksha Kunda,2004-05-24,Female,Labourer,0
943,Vedant Minhas,1978-07-09,Male,Painter,1
944,Arya Chaudhry,1972-06-08,Female,Student,0
945,Maanav Parsa,2006-08-08,Male,Shopkeeper,12
946,Tanay D’Alia,1967-01-05,Male,Private Employee,1
947,Aayush Devi,2005-09-08,Male,Auto Driver,1
948,Omya Parmar,1990-05-02,Female,Electrician,0
949,Chakradhar Pradhan,1983-11-14,Male,Cook,1
950,Dakshesh Rattan,1987-10-14,Male,Tailor,0
951,Laban Rajan,2007-06-30,Male,Business,0
952,Oviya Ganesan,1968-03-29,Other,Student,1
953,Ayushman Dutta,1967-08-09,Male,Vendor,1
954,Wyatt Sarma,1972-11-18,Male,Tailor,1
955,Rachita Balakrishnan,2007-02-15,Female,Cook,8
956,Wyatt Sura,1968-03-26,Male,Unemployed,0
957,Ridhi Batra,1964-11-09,Other,Daily Wage Worker,2
958,Naksh Arora,2008-06-29,Male,Business,0
959,Omkaar Venkataraman,1996-02-22,Male,Electrician,12
960,Tarak Kothari,1993-05-05,Male,Auto Driver,1
961,Reyansh Dixit,1998-07-17,Male,Business,0
962,Aashi Dugar,1994-12-13,Female,Mason,1
963,Yachana Gandhi,1965-08-22,Female,Unemployed,6
964,Naveen Khosla,1983-01-24,Male,Electrician,1
965,Aryan Tripathi,1975-09-14,Male,Tailor,0
966,Saksham Keer,1965-11-29,Male,Mechanic,0
967,Sachi Sem,1966-07-15,Other,Driver,0
968,Udant Mutti,1968-08-16,Male,Farmer,1
969,Aditya Chauhan,1988-01-01,Male,Daily Wage Worker,11
970,Anita Acharya,1966-09-25,Female,Labourer,0
971,Harshil Shan,1983-09-28,Male,Private Employee,1
972,Avi Kapoor,1991-06-22,Male,Unknown,0
973,Warjas Patla,1991-05-05,Male,Private Employee,0
974,Chanakya Kapadia,1960-09-11,Male,Cook,1
975,Peter Manne,1997-10-25,Male,Auto Driver,1
976,Chatresh Bath,1971-09-20,Male,Business,1
977,Logan Rout,1967-10-29,Other,Labourer,7
978,Guneet Guha,1968-10-06,Male,Auto Driver,1
979,Hritik Shankar,1973-07-07,Male,Farmer,1
980,Chatura Sachdeva,1963-09-17,Male,Cook,1
981,Umang Shankar,2005-05-10,Male,Cook,0
982,Zaid Agrawal,1996-08-21,Male,Mechanic,0
983,Upma Subramanian,1995-02-20,Female,Student,0
984,Gabriel Dave,1967-08-05,Male,Mechanic,0
985,Oeshi Thaman,1986-09-21,Female,Painter,0
986,Jeet Mahal,1987-08-16,Male,Painter,0
987,Manan Sethi,1969-08-15,Male,Shopkeeper,7
988,Samuel Vala,1980-11-20,Male,Driver,6
989,Ikbal Iyer,1974-10-26,Male,Unknown,1
990,Orinder Deo,2004-10-13,Male,Electrician,1
991,Zayan Naidu,1968-05-26,Male,Mason,0
992,Wriddhish Sahni,2006-06-06,Male,Driver,0
993,Siddharth Arya,1996-02-13,Male,Driver,0
994,Advik Raj,1970-06-09,Male,Business,1
995,Ayaan Iyengar,1978-09-18,Male,Electrician,0
996,Luke Krishna,1970-07-06,Male,Tailor,1
997,Manbir Jani,1997-05-16,Male,Tailor,0
998,Praneel Sethi,1967-07-10,Male,Vendor,0
999,Robert Khanna,1995-04-26,Male,Tailor,2
1000,Arjun Raj,1986-12-02,Male,Mason,0
1001,Naksh Bhagat,1961-06-06,Male,Vendor,0
1002,Harrison Savant,1975-11-24,Male,Auto Driver,1
1003,Guneet Hari,1980-07-25,Male,Student,0
1004,Hema Borde,1973-04-09,Female,Tailor,0
1005,Darpan Purohit,1963-04-24,Male,Driver,0
1006,Liam Lalla,1969-05-25,Male,Security Guard,1
1007,Joshua Ahluwalia,1983-01-16,Male,Auto Driver,11
1008,Faras Baral,1971-01-03,Male,Mechanic,1
1009,Atharv Mitra,1993-12-05,Male,Business,0
1010,Balhaar Nadkarni,1996-04-19,Male,Vendor,1
1011,George Verma,1965-03-09,Male,Private Employee,0
1012,Sarthak Yadav,1987-12-31,Male,Painter,1
1013,Owen Kant,1975-01-24,Male,Private Employee,1
1014,Noah Patel,1980-07-10,Male,Business,0
1015,Wazir Andra,1968-05-09,Male,Driver,0
1016,Vansha Khosla,2004-04-02,Female,Mechanic,0
1017,Anmol Nagi,1986-07-02,Male,Labourer,0
1018,Sanya Kunda,1997-04-23,Female,Unknown,0
1019,Amaira Varughese,1986-01-23,Female,Tailor,1
1020,Yagnesh Bassi,1980-09-19,Male,Shopkeeper,0
1021,Oeshi Varkey,1966-02-24,Female,Unknown,1
1022,Fiyaz Yogi,1996-10-30,Male,Cook,1
1023,Bachittar Kade,2006-03-01,Male,Labourer,0
1024,Simon Chawla,1974-07-15,Male,Shopkeeper,0
1025,Balendra Dube,1962-03-01,Male,Unknown,0
1026,Noah Barad,1966-07-03,Male,Security Guard,0
1027,Avi Gokhale,1977-09-09,Male,Security Guard,1
1028,Ishaan Kuruvilla,1988-04-14,Male,Unemployed,1
1029,Umang Ravel,1990-01-05,Male,Electrician,0
1030,Anay Ramachandran,2006-05-13,Other,Private Employee,10
1031,Aarush Bhatnagar,2000-05-25,Male,Daily Wage Worker,1
1032,Balhaar Parmar,1994-10-07,Male,Unknown,1
1033,Maanav Mitra,2001-10-28,Male,Driver,1
1034,Megha Sarma,1986-07-03,Female,Auto Driver,1
1035,Amruta Som,1971-03-09,Female,Vendor,1
1036,Ekanta Raman,1997-09-07,Female,Labourer,0
1037,Ekbal Misra,2006-08-21,Male,Auto Driver,12
1038,Abdul Dhaliwal,1968-12-07,Male,Shopkeeper,1
1039,Aarnav Ramesh,1997-02-05,Male,Farmer,1
1040,Niharika Kade,1983-12-12,Female,Farmer,1
1041,Samuel Vala,1970-03-29,Male,Unknown,1
1042,George Kant,2002-07-11,Male,Unemployed,11
1043,Gunbir Contractor,1972-11-20,Male,Cook,11
1044,Vihaan Bora,1980-04-29,Male,Student,0
1045,Jeremiah Chaudhari,1973-12-24,Male,Mason,0
1046,Oni Parikh,1969-04-09,Female,Business,0
1047,Chandresh Mane,2002-09-15,Male,Security Guard,0
1048,Gunbir Nadkarni,1993-08-11,Male,Painter,0
1049,Nitesh Mohan,2007-09-26,Male,Cook,1
1050,Rajata Mutti,1989-09-10,Female,Unknown,8
1051,Aarnav Munshi,1977-04-19,Male,Farmer,10
1052,Urmi Malhotra,1985-01-04,Female,Cook,0
1053,Noah Srinivasan,1992-01-17,Male,Student,0
1054,Rachita Mody,1993-09-07,Female,Tailor,0
1055,Gagan Bumb,1979-08-23,Male,Shopkeeper,0
1056,Indira Lall,2003-03-10,Female,Painter,1
1057,Bishakha Bahl,1995-01-22,Female,Cook,1
1058,Samaksh Kala,1963-01-16,Male,Mason,0
1059,Warinder Dixit,1985-06-10,Male,Daily Wage Worker,0
1060,Jasmit Mannan,1969-08-28,Female,Driver,1
1061,Zashil Uppal,1966-09-16,Male,Labourer,0
1062,Qabil Thakkar,1961-04-08,Male,Farmer,1
1063,Fitan Varkey,1970-02-05,Male,Private Employee,0
1064,Fariq Gola,1999-02-01,Male,Unknown,1
1065,Wyatt Parmer,1963-04-19,Male,Daily Wage Worker,1
1066,Yagnesh Kata,1964-10-28,Male,Painter,1
1067,Qasim Kaur,1963-06-18,Male,Tailor,1
1068,Zarna Patel,1986-12-16,Other,Unknown,1
1069,Utkarsh Batra,1963-04-06,Male,Farmer,1
1070,Charan Verma,2003-08-30,Male,Student,10
1071,Karan Ghosh,1986-03-06,Male,Private Employee,0
1072,Qadim Brahmbhatt,1995-09-15,Male,Labourer,0
1073,Raghav Kapoor,1995-09-08,Male,Painter,6
1074,Patrick Pai,1993-09-05,Male,Driver,1
1075,Aarini Thaker,1970-01-02,Female,Mason,1
1076,Fitan Karpe,1965-10-17,Male,Unemployed,0
1077,Hitesh Doctor,1973-04-07,Male,Electrician,12
1078,Radhika Dani,2005-07-14,Female,Cook,0
1079,Sarthak Narayanan,1968-04-05,Male,Cook,0
1080,Wriddhish Srinivas,1974-11-20,Male,Unemployed,0
1081,Tripti Bains,1977-02-16,Female,Driver,1
1082,Devansh Dyal,1969-09-18,Male,Mason,0
1083,Ethan Bhalla,1971-11-13,Male,Driver,1
1084,Gautam Varughese,1988-02-20,Male,Tailor,1
1085,Lucky Chada,1975-04-15,Male,Daily Wage Worker,0
1086,Warinder Subramaniam,1972-02-26,Male,Mason,1
1087,Samesh Dhar,2000-03-12,Male,Cook,3
1088,Kevin Ganesh,2007-03-15,Male,Private Employee,1
1089,Vasana Biswas,1976-03-09,Female,Unknown,1
1090,Sanya Deo,1967-12-08,Female,Unknown,0
1091,Harrison Virk,1994-11-13,Male,Electrician,0
1092,Falan Char,1972-08-14,Male,Daily Wage Worker,12
1093,Anirudh Wali,1994-10-19,Male,Auto Driver,0
1094,Charita Subramaniam,2005-06-02,Female,Painter,0
1095,Aadi Sankar,1996-01-27,Male,Daily Wage Worker,0
1096,Qasim Bassi,2008-01-09,Male,Private Employee,4
1097,Ishwar Subramaniam,1986-06-28,Male,Vendor,1
1098,Chandran Sandal,1969-08-28,Male,Mechanic,0
1099,William Kaul,1966-04-02,Male,Auto Driver,0
1100,Samarth Kurian,1973-05-30,Male,Auto Driver,1
1101,Aarush Virk,1968-07-25,Male,Farmer,3
1102,Raghav Jha,2007-05-08,Male,Security Guard,0
1103,Tara Pathak,1967-10-20,Female,Vendor,1
1104,Unni Kulkarni,1978-04-30,Female,Unknown,1
1105,Qadim Majumdar,2006-11-11,Male,Cook,0
1106,Harsh Sachdev,1998-02-12,Male,Shopkeeper,8
1107,Gaurav Prabhakar,1998-08-05,Male,Tailor,7
1108,Jonathan Mohanty,1999-11-09,Male,Student,0
1109,Rushil Devi,2005-05-30,Male,Electrician,0
1110,Ishwar Sekhon,2008-02-19,Male,Mechanic,0
1111,Chandresh Kala,1995-02-20,Male,Daily Wage Worker,1
1112,Omkaar Ben,1971-06-27,Male,Security Guard,1
1113,Aarnav Chand,1970-06-09,Male,Security Guard,1
1114,Teerth Chakrabarti,1964-11-27,Male,Vendor,1
1115,Indrajit Prabhakar,1965-12-29,Male,Student,0
1116,Sanaya Rattan,2002-04-30,Female,Daily Wage Worker,1
1117,Barkha Gill,2004-02-13,Female,Mechanic,4
1118,Theodore Anne,1974-04-10,Male,Labourer,1
1119,Gunbir Bandi,2001-05-06,Male,Cook,1
1120,Frado Banik,1985-01-10,Male,Business,0
1121,Aadi Dugar,1966-06-16,Male,Student,6
1122,Ryan Pandit,2006-02-12,Male,Farmer,1
1123,Samaksh Iyer,1995-10-12,Male,Vendor,1
1124,Bakhshi Chana,1997-12-12,Male,Painter,12
1125,Priya Palan,1979-05-13,Female,Mechanic,0
1126,Indali Sha,1988-01-14,Female,Business,1
1127,Kalpit Gill,1988-04-02,Male,Electrician,1
1128,Balhaar Thakur,1980-07-27,Male,Electrician,0
1129,Devika Varghese,1978-01-31,Female,Private Employee,1
1130,Vaishnavi Purohit,1998-11-14,Female,Driver,7
1131,Jairaj Nori,1991-10-09,Male,Private Employee,1
1132,Akshay Subramaniam,1968-06-16,Male,Mason,1
1133,Bahadurjit Raja,2003-09-01,Male,Vendor,1
1134,Ishwar Mutti,1988-08-11,Male,Student,0
1135,Aayush Lall,1977-06-10,Male,Daily Wage Worker,0
1136,Chakradhar Rastogi,2006-05-23,Male,Mason,3
1137,Bishakha Gokhale,1992-12-22,Female,Security Guard,0
1138,Peter Kamdar,1999-08-03,Male,Cook,0
1139,Gavin Gupta,1994-07-03,Male,Shopkeeper,8
1140,Jacob Khurana,1978-08-10,Male,Auto Driver,1
1141,Ishwar Jain,1977-07-16,Male,Shopkeeper,0
1142,Faras Chhabra,1968-09-14,Male,Vendor,1
1143,Xiti Ahuja,1997-05-24,Female,Electrician,1
1144,Wridesh Prabhu,2002-10-13,Male,Shopkeeper,0
1145,Yatin Maharaj,1993-12-12,Male,Electrician,1
1146,Logan Rao,1975-08-30,Male,Tailor,1
1147,Avi Vora,1989-05-06,Male,Auto Driver,1
1148,Amol Thakkar,1984-03-06,Male,Painter,1
1149,Gagan Shankar,1968-09-26,Male,Cook,0
1150,Nakul Anand,1961-05-08,Male,Security Guard,1
1151,Sachi Chaudhuri,1982-09-10,Female,Security Guard,1
1152,Kai Grover,1997-11-16,Male,Auto Driver,1
1153,Jagat Luthra,1992-08-15,Male,Tailor,0
1154,Qadim Gour,1994-06-27,Male,Mason,0
1155,Henry Saini,2008-03-25,Male,Painter,1
1156,Qabil Rattan,1979-07-30,Male,Tailor,1
1157,Gautam Deep,1999-09-26,Male,Driver,1
1158,Chandresh Madan,1976-08-04,Male,Electrician,1
1159,Rayaan Hayre,1970-06-21,Male,Security Guard,0
1160,Warjas Andra,1972-07-25,Male,Tailor,3
1161,Zaid Desai,2003-06-18,Male,Shopkeeper,0
1162,Yagnesh Mital,1977-08-16,Male,Shopkeeper,5
1163,Rushil Chaudhary,2007-07-16,Male,Business,1
1164,Darpan Kale,1977-11-07,Other,Electrician,0
1165,Chanakya Sengupta,1983-04-27,Male,Shopkeeper,8
1166,Pranit Parsa,1998-09-05,Male,Security Guard,1
1167,Pooja Bahri,1988-07-26,Female,Labourer,5
1168,Parth Issac,1999-10-20,Male,Electrician,0
1169,Lucky Pant,1982-09-02,Male,Farmer,0
1170,Udant Brar,1986-06-24,Male,Business,0
1171,Vincent Dhillon,1971-12-14,Male,Unemployed,0
1172,Shivansh Ravel,1965-05-27,Male,Business,0
1173,Gaurika Oza,1976-01-29,Female,Mechanic,0
1174,Nathan Manne,1978-10-01,Male,Private Employee,6
1175,Krishna Saxena,1985-04-05,Male,Mason,0
1176,Triveni Ganesh,1973-01-22,Female,Unknown,1
1177,Dev Keer,2005-08-06,Male,Shopkeeper,0
1178,Balveer Kade,1971-11-27,Male,Security Guard,11
1179,Charan Chandran,1964-11-20,Male,Unemployed,12
1180,Avi Bal,1987-07-25,Male,Tailor,0
1181,Charles Lala,2002-08-11,Male,Private Employee,1
1182,Chaman Ramakrishnan,1981-08-07,Female,Electrician,0
1183,Jatin Mander,1990-09-14,Male,Vendor,1
1184,Ekaja Vyas,1972-02-27,Female,Security Guard,1
1185,Anay Parikh,1982-09-04,Male,Security Guard,0
1186,Vivaan Zachariah,1979-01-31,Male,Private Employee,1
1187,Ekanta Zacharia,1972-08-05,Female,Tailor,0
1188,Teerth Viswanathan,2004-01-31,Male,Daily Wage Worker,1
1189,Oscar Subramaniam,1997-04-09,Male,Cook,0
1190,Chanchal Sathe,1981-07-01,Female,Vendor,0
1191,Samuel Lad,1971-02-22,Male,Driver,1
1192,Abdul Acharya,1996-02-28,Male,Security Guard,0
1193,Orinder Mangat,1992-06-22,Male,Private Employee,1
1194,Yatan Sood,1980-12-07,Male,Cook,0
1195,Upasna Master,2001-03-04,Female,Shopkeeper,0
1196,Aarush Prakash,1973-05-18,Male,Security Guard,0
1197,Tejas Rana,1977-07-21,Male,Mason,1
1198,Robert Radhakrishnan,1975-07-23,Male,Auto Driver,0
1199,Balveer Sami,2003-02-06,Male,Mechanic,0
1200,Laban Mane,2004-09-03,Male,Unemployed,1
1201,Triveni Guha,1965-03-16,Female,Unemployed,1
1202,Ekansh Mann,1968-01-21,Male,Driver,0
1203,Varsha Magar,2008-03-19,Female,Cook,5
1204,Girindra Nagi,1961-11-13,Male,Mechanic,0
1205,Aryan Warrior,1962-01-20,Male,Student,1
1206,Charan Manda,1978-11-12,Male,Unknown,1
1207,Theodore Anand,1976-05-22,Male,Painter,0
1208,Faqid Aurora,1994-02-18,Male,Tailor,1
1209,Onveer Salvi,1981-10-01,Male,Tailor,1
1210,Ria Sheth,2007-12-22,Female,Private Employee,1
1211,Oni Buch,1970-06-28,Female,Painter,1
1212,Lila Ramanathan,1965-05-28,Female,Private Employee,0
1213,Gautam Handa,1977-07-25,Male,Tailor,1
1214,Abeer Dara,1977-06-27,Male,Electrician,1
1215,Timothy Kota,1962-10-29,Male,Unemployed,0
1216,Victor Chandra,1996-01-04,Male,Business,5
1217,Warjas Ramachandran,2006-12-02,Male,Private Employee,6
1218,Ojasvi Dutt,2003-05-12,Female,Cook,0
1219,Darsh Kulkarni,1993-04-18,Male,Electrician,0
1220,Hardik Patel,1964-02-03,Male,Unknown,1
1221,Dayita Keer,2003-08-14,Female,Driver,0
1222,Nicholas Aurora,1971-12-08,Male,Private Employee,0
1223,Darpan Randhawa,1977-02-02,Male,Unknown,0
1224,Ansh Soman,2007-05-24,Male,Business,11
1225,Quincy Chakraborty,1977-06-22,Male,Unemployed,1
1226,Zaid Chand,2007-03-24,Male,Painter,0
1227,Bhanumati Bhasin,1984-09-27,Female,Auto Driver,0
1228,Chatresh Dass,1993-09-29,Male,Mason,10
1229,Nathan Palan,1990-05-27,Male,Tailor,1
1230,Advaith Purohit,1984-12-02,Male,Auto Driver,1
1231,Ladli Baral,1993-07-28,Female,Unknown,0
1232,Manan Suri,1973-06-17,Male,Mason,7
1233,Owen Naik,1992-06-03,Male,Unknown,1
1234,Faris Biswas,1996-09-09,Male,Mason,0
1235,Umang Merchant,1978-06-20,Male,Security Guard,1
1236,Utkarsh Acharya,2003-12-19,Male,Unknown,0
1237,George Bahl,2002-09-20,Male,Daily Wage Worker,1
1238,Jagdish Nagi,1964-11-09,Male,Unknown,12
1239,Girish Viswanathan,2007-01-15,Male,Vendor,1
1240,Faraj Mandal,1982-07-02,Male,Labourer,0
1241,Ekanta Choudhry,1967-02-05,Other,Electrician,1
1242,Anthony Dayal,1972-09-14,Male,Auto Driver,1
1243,Harrison Chhabra,1993-07-29,Male,Driver,2
1244,Chandran Balay,1999-05-28,Male,Shopkeeper,1
1245,Yash Vora,2003-01-03,Male,Farmer,1
1246,Aryan Peri,1975-07-27,Male,Mechanic,0
1247,Abeer Joshi,2005-03-03,Male,Cook,1
1248,Balveer Sidhu,2004-01-10,Male,Shopkeeper,0
1249,Pranit Sagar,1985-08-30,Male,Cook,4
1250,Kiaan Wadhwa,1963-04-25,Male,Mechanic,1
1251,Max Brahmbhatt,1975-03-29,Male,Labourer,12
1252,Chandresh Kashyap,1996-09-22,Male,Vendor,0
1253,Girish Hans,1996-05-09,Male,Mason,1
1254,Gaurav Sagar,1967-09-23,Male,Farmer,1
1255,Vasudha Sane,1967-08-19,Female,Tailor,5
1256,Gautam Ratti,1994-11-22,Male,Electrician,0
1257,Farhan Walla,2001-05-15,Male,Cook,1
1258,Patrick Murty,1997-12-24,Male,Student,12
1259,Quincy Sachar,2003-08-22,Male,Business,1
1260,Ojasvi Khosla,1998-11-14,Female,Daily Wage Worker,0
1261,Riya Kumar,1985-01-17,Female,Daily Wage Worker,1
1262,Vanya Ranganathan,1960-07-23,Female,Shopkeeper,8
1263,Lucky Babu,1995-10-09,Male,Auto Driver,0
1264,Matthew Ahuja,1980-12-25,Male,Business,1
1265,Hredhaan Murty,1962-01-09,Male,Shopkeeper,0
1266,Faras Chandra,1963-02-11,Male,Mechanic,1
1267,Pranav Dugal,1969-12-19,Male,Cook,1
1268,Jeevika Krish,1976-05-27,Other,Shopkeeper,0
1269,Mason Chanda,1999-05-15,Male,Tailor,0
1270,Ikbal Brahmbhatt,1982-08-23,Male,Shopkeeper,1
1271,Harini Sura,2007-06-22,Female,Painter,1
1272,Mason Barad,1999-10-06,Male,Daily Wage Worker,0
1273,Balveer Bhalla,1983-04-21,Male,Student,11
1274,Teerth Saha,1968-10-01,Male,Unknown,0
1275,Abdul Raja,1964-03-25,Male,Labourer,1
1276,Ansh Nagar,1997-04-16,Male,Security Guard,1
1277,Nihal Thakkar,2008-01-12,Male,Mason,0
1278,Faraj Bedi,2006-05-22,Male,Auto Driver,2
1279,Vansha Thaman,1966-09-05,Female,Painter,0
1280,Tarak Mann,1987-05-19,Male,Driver,1
1281,Ekaja Nayar,1966-03-01,Female,Security Guard,1
1282,Arya Rastogi,1978-05-31,Female,Painter,0
1283,Ryan Thaker,1990-02-11,Male,Mason,1
1284,Ekansh Srivastava,1998-08-10,Male,Unknown,0
1285,Yagnesh Rana,2004-12-06,Male,Electrician,0
1286,Zaitra Koshy,1977-01-13,Female,Auto Driver,1
1287,Amaira Sani,1982-07-22,Other,Unemployed,0
1288,Daksh Sachdev,1989-05-15,Male,Electrician,1
1289,Owen Halder,1982-05-16,Male,Business,1
1290,Advik Mody,1972-01-24,Male,Unemployed,0
1291,Timothy Dhingra,1990-07-09,Male,Electrician,10
1292,Jackson Iyengar,2007-03-09,Male,Unknown,0
1293,Faras Chada,1968-03-12,Male,Private Employee,0
1294,Jairaj Divan,1980-02-15,Male,Mechanic,0
1295,Onveer Choudhry,1981-04-23,Male,Student,0
1296,Warinder Bajaj,1983-02-17,Male,Electrician,0
1297,Hitesh Jani,1997-09-24,Male,Mason,0
1298,Wyatt Dhaliwal,2007-11-06,Male,Mason,4
1299,Riya Vyas,1963-07-04,Female,Unknown,0
1300,Frederick Bhasin,1979-11-16,Male,Shopkeeper,0
1301,Krishna Bera,1992-03-09,Male,Business,1
1302,Bahadurjit Rama,2005-06-26,Male,Student,4
1303,Radha Chokshi,1961-11-05,Female,Labourer,1
1304,Reyansh Kashyap,1986-06-15,Male,Security Guard,0
1305,Nakul Sundaram,2001-03-07,Male,Security Guard,1
1306,Girik Issac,1994-08-13,Male,Electrician,11
1307,Advay Baral,1977-05-19,Male,Tailor,0
1308,Ojas Suri,1987-04-27,Male,Shopkeeper,7
1309,Aditya Palan,2007-02-11,Male,Unemployed,1
1310,Peter Mittal,1976-08-14,Male,Driver,8
1311,David Kurian,1986-11-23,Other,Student,0
1312,Meera Kar,1970-11-14,Female,Unknown,0
1313,Ronith Devan,1966-07-10,Male,Business,1
1314,Yoshita Karan,1988-12-11,Female,Painter,0
1315,Faraj Sandhu,1981-10-21,Male,Shopkeeper,6
1316,Udarsh Deep,1974-08-13,Male,Painter,0
1317,Harrison Devi,1981-07-29,Male,Farmer,0
1318,Tanveer Dhillon,2005-03-15,Male,Business,1
1319,Nathan Bir,1998-06-22,Male,Unknown,1
1320,Hiral Nadkarni,1970-06-13,Female,Unknown,1
1321,Nathaniel Sachdev,1988-07-13,Male,Student,0
1322,Timothy Mahal,1970-11-20,Male,Mechanic,2
1323,Chatresh Deep,1973-02-12,Male,Farmer,0
1324,Kiaan Kashyap,2001-02-16,Male,Painter,1
1325,Jack Bal,1984-12-29,Male,Mechanic,5
1326,William Desai,1994-09-24,Male,Daily Wage Worker,1
1327,Rachit Gour,1986-11-30,Male,Tailor,0
1328,Warjas Devan,1971-09-10,Male,Private Employee,0
1329,Jeevika Bali,1988-05-08,Female,Mechanic,1
1330,Lopa Sachar,1975-09-10,Female,Security Guard,0
1331,Harsh Bhatti,1972-08-06,Male,Security Guard,1
1332,Wishi Nair,1991-09-07,Female,Tailor,1
1333,Tanay Ravel,1963-05-24,Male,Painter,0
1334,Nirja Ramesh,2002-02-28,Female,Business,1
1335,Chatura Seth,1991-08-22,Male,Labourer,1
1336,Jason Venkataraman,1997-02-23,Male,Vendor,4
1337,Anmol Ram,1995-09-02,Male,Labourer,1
1338,Girish Manne,1990-06-17,Male,Student,1
1339,Max Mangal,1991-12-10,Male,Farmer,1
1340,Siddharth Menon,2002-04-09,Male,Private Employee,1
1341,Ekavir Sheth,2004-07-06,Male,Security Guard,1
1342,Chakradev Tella,1968-03-31,Male,Business,1
1343,Ekansh Ramaswamy,1988-09-09,Male,Vendor,0
1344,Varenya Bakshi,1972-09-20,Female,Electrician,1
1345,Isha Sha,1966-09-07,Female,Shopkeeper,1
1346,Neel Gade,1968-12-14,Male,Cook,1
1347,Dakshesh Sengupta,2003-09-11,Male,Farmer,0
1348,Brijesh Viswanathan,1986-09-07,Male,Unemployed,0
1349,Ranbir Rai,1963-07-15,Male,Unemployed,0
1350,Oliver Doctor,1971-07-31,Male,Unemployed,12
1351,Gaurav Behl,1989-02-05,Male,Labourer,1
1352,Mohammed Sehgal,1980-03-13,Male,Mechanic,0
1353,Daniel Deep,1974-05-08,Male,Tailor,1
1354,Jonathan Arora,1991-10-04,Male,Daily Wage Worker,6
1355,Zaid Ahluwalia,2001-12-02,Male,Tailor,0
1356,Jagat Kalla,2000-08-14,Male,Tailor,0
1357,Vasana Rout,1990-08-13,Female,Business,0
1358,Aarush Konda,1997-10-17,Male,Private Employee,0
1359,Hemang Bawa,1973-02-15,Male,Security Guard,0
1360,Ayaan Palla,1963-01-17,Male,Unemployed,8
1361,Amol Misra,1983-01-29,Male,Unknown,1
1362,Aryan Chopra,1988-12-02,Male,Business,0
1363,Faris Mane,2002-02-17,Male,Tailor,9
1364,Vedant Parsa,1962-12-26,Male,Driver,1
1365,Mason Naidu,1985-08-17,Male,Business,1
1366,Bahadurjit Sane,1998-01-03,Male,Auto Driver,11
1367,Madhav Sinha,1969-09-14,Male,Vendor,1
1368,Laksh Narayan,1996-05-30,Male,Private Employee,0
1369,Henry Kadakia,2002-03-13,Male,Farmer,1
1370,Darika Wadhwa,1966-07-07,Female,Business,0
1371,Maanas Sane,2001-12-23,Male,Mason,0
1372,Kai Vora,1999-09-08,Male,Driver,1
1373,Dhruv Taneja,1995-11-30,Male,Painter,0
1374,Yatin Gole,2002-01-06,Male,Security Guard,1
1375,Maanav Hari,1960-08-27,Male,Unknown,1
1376,Advik Shroff,2003-02-09,Male,Private Employee,0
1377,Hemang Sachdeva,1988-09-21,Male,Driver,1
1378,Ojas Palla,1998-09-07,Male,Electrician,0
1379,Aashi Jaggi,2007-07-03,Female,Student,1
1380,Joshua Bir,1981-06-28,Male,Farmer,1
1381,Zehaan Naik,1960-12-18,Male,Unemployed,4
1382,Osha Om,1987-07-01,Female,Labourer,0
1383,Gagan Hari,1983-01-14,Male,Business,1
1384,Wriddhish Som,1962-12-19,Male,Private Employee,1
1385,Warda Dugal,2003-03-25,Female,Painter,1
1386,Gautami Shere,1988-09-18,Other,Unknown,10
1387,Mason Mutti,1998-04-30,Male,Shopkeeper,0
1388,Hemang Narula,1984-08-10,Male,Tailor,0
1389,Falan Mand,1962-09-01,Male,Vendor,6
1390,Riya Warrior,1971-11-04,Female,Auto Driver,1
1391,Girik Dada,1981-07-11,Male,Mason,1
1392,Amol Magar,1988-09-16,Male,Student,0
1393,Yuvraj Khanna,1985-10-31,Male,Vendor,0
1394,Matthew Kalita,1996-04-12,Male,Shopkeeper,3
1395,Gagan Choudhury,1986-01-05,Male,Shopkeeper,1
1396,Harrison Chanda,1990-09-30,Male,Shopkeeper,12
1397,Warhi Tella,1971-01-12,Female,Electrician,1
1398,Onkar Sule,1996-03-06,Male,Electrician,1
1399,Nihal Dhar,1967-03-27,Male,Auto Driver,0
1400,Harshil Bansal,1991-10-22,Male,Auto Driver,1
1401,Dalbir Agrawal,1981-09-16,Male,Tailor,0
1402,Chameli Nath,1992-04-26,Female,Unknown,1
1403,Charan Verma,2005-05-23,Male,Security Guard,0
1404,Advay Muni,2004-01-08,Male,Cook,1
1405,Naveen Iyer,1973-08-25,Male,Driver,0
1406,Lakshit Walia,1982-04-07,Male,Driver,1
1407,Daniel Mahajan,1970-09-16,Male,Private Employee,0
1408,Laksh Contractor,1961-08-02,Male,Cook,1
1409,Harshil Palla,1997-12-06,Male,Business,0
1410,Krishna Dhaliwal,2008-06-23,Male,Business,1
1411,Jason Garg,1965-05-24,Male,Security Guard,0
1412,Omkaar Zachariah,1990-09-26,Male,Business,0
1413,Dhruv Balakrishnan,1992-07-31,Male,Driver,3
1414,Damyanti Rajagopal,1964-03-17,Female,Daily Wage Worker,1
1415,Tanay Ramanathan,1972-09-22,Male,Daily Wage Worker,3
1416,Pranav Muni,1983-03-01,Male,Unknown,1
1417,Balveer Shroff,1999-03-09,Male,Student,0
1418,Chakradhar Sidhu,1967-03-02,Male,Cook,1
1419,Dayita Shroff,1992-07-26,Other,Shopkeeper,0
1420,Jasmit Dhawan,2002-07-13,Female,Painter,0
1421,Qabil Ramanathan,1973-01-09,Male,Student,1
1422,Nicholas Setty,1993-09-21,Male,Daily Wage Worker,0
1423,Bachittar Soman,1968-03-24,Male,Electrician,1
1424,Wriddhish Shenoy,1972-03-03,Male,Tailor,1
1425,Owen Datta,1995-02-11,Male,Shopkeeper,1
1426,Samaksh Chhabra,1982-09-21,Male,Electrician,1
1427,Nidhi Walia,1991-12-01,Female,Unemployed,10
1428,Samuel Khare,2002-10-18,Male,Painter,1
1429,Fariq Subramaniam,1986-08-31,Male,Daily Wage Worker,1
1430,Onkar Joshi,2007-10-11,Male,Mason,0
1431,Teerth Oommen,1997-08-08,Male,Unknown,1
1432,Gabriel Brahmbhatt,1999-08-15,Male,Student,0
1433,Dakshesh Sheth,1982-09-09,Male,Driver,3
1434,Tristan Goda,1981-07-05,Male,Electrician,1
1435,Bakhshi Chopra,2007-03-13,Male,Unemployed,3
1436,Nihal Talwar,2004-06-09,Male,Mechanic,0
1437,Chakradev Kalla,1969-12-31,Male,Farmer,11
1438,Ethan Dixit,1991-05-16,Male,Unknown,0
1439,Saumya Sekhon,1973-11-11,Female,Student,1
1440,Nathan Mistry,1999-05-10,Male,Driver,1
1441,Teerth Padmanabhan,1966-08-16,Male,Private Employee,0
1442,Saksham Datta,1980-07-25,Male,Unemployed,1
1443,Kala Bera,1960-08-08,Other,Daily Wage Worker,1
1444,Christopher Manda,1962-09-02,Male,Driver,0
1445,Tarak Ramesh,2003-02-03,Male,Student,0
1446,Rayaan Ravi,1986-07-06,Male,Painter,0
1447,Jagvi Ghose,1992-11-10,Female,Daily Wage Worker,3
1448,Girindra Rajagopalan,1985-01-24,Male,Daily Wage Worker,0
1449,Ganga Mani,2006-02-22,Female,Shopkeeper,0
1450,Ekani Apte,1965-06-06,Female,Mason,1
1451,Eshana Sur,2005-04-26,Female,Unknown,9
1452,Ekansh Chad,1969-11-19,Male,Mason,0
1453,Vedant Sandal,2002-12-16,Male,Labourer,1
1454,Utkarsh Upadhyay,1989-05-29,Male,Tailor,1
1455,Rehaan Pant,1975-11-28,Male,Business,0
1456,Simon Amble,1999-11-16,Male,Private Employee,9
1457,Jagat Thaker,1978-11-14,Male,Business,0
1458,Qadim Bandi,1963-02-15,Male,Mason,1
1459,Qarin Chowdhury,2000-01-13,Male,Farmer,1
1460,Balveer Dhar,1996-05-14,Male,Electrician,0
1461,Viraj Varughese,1965-11-14,Male,Labourer,0
1462,Jason Sodhi,2003-06-19,Male,Driver,1
1463,Nachiket Bera,1983-12-04,Male,Electrician,0
1464,Wahab Setty,1995-06-08,Male,Unemployed,0
1465,Noah Sama,1984-07-24,Male,Mechanic,1
1466,Mohini Ganesh,1962-12-14,Female,Tailor,11
1467,Kalpit Bhat,2003-05-16,Male,Driver,4
1468,Frado Behl,2005-03-17,Male,Labourer,0
1469,Agastya Mangat,1993-07-14,Male,Shopkeeper,12
1470,Dev Tiwari,1965-10-11,Male,Business,0
1471,Jonathan Deo,2002-06-14,Male,Student,0
1472,Mahika Kurian,1961-07-07,Female,Farmer,11
1473,Gagan Dora,2005-05-27,Male,Auto Driver,5
1474,Qasim Gill,1978-04-29,Male,Mason,0
1475,Xavier Golla,1996-06-08,Male,Mechanic,0
1476,Onveer Chad,1970-06-02,Male,Farmer,1
1477,Yug Sachar,1986-08-15,Male,Vendor,1
1478,Thomas Ganesh,1974-11-23,Male,Unknown,3
1479,Avi Lalla,1968-06-10,Male,Mason,0
1480,Geetika Shetty,1987-09-06,Female,Driver,4
1481,Nidhi Soni,1996-10-13,Female,Unknown,1
1482,Ranveer Ramakrishnan,1992-11-03,Male,Security Guard,0
1483,Elijah Wali,1990-02-17,Male,Daily Wage Worker,1
1484,Maanas Sen,1986-07-17,Male,Student,0
1485,Ansh Chatterjee,1996-09-13,Male,Security Guard,0
1486,Tarak Mahajan,1983-05-05,Male,Business,0
1487,Kiaan Chaudhari,1977-12-03,Male,Mechanic,10
1488,Vedhika Khurana,2006-04-08,Female,Vendor,0
1489,Om Gole,1981-11-12,Male,Mechanic,0
1490,Aayush Bir,1961-05-12,Male,Shopkeeper,1
1491,Chandran Vohra,1967-08-14,Male,Student,0
1492,Parth Kanda,1979-10-29,Male,Vendor,1
1493,Gopal Bandi,1962-02-28,Male,Electrician,2
1494,Barkha Kalla,2001-05-02,Female,Student,0
1495,Darpan Chadha,2001-09-11,Male,Farmer,5
1496,Raghav Goyal,1968-02-03,Male,Unknown,1
1497,Jonathan Menon,1992-04-28,Male,Private Employee,0
1498,Utkarsh Malhotra,1989-08-08,Male,Farmer,1
1499,Lavanya Edwin,1965-08-01,Female,Mason,0
1500,Azaan Raja,1986-12-28,Male,Security Guard,8
1501,Ayushman Kuruvilla,1978-07-23,Male,Electrician,1
1502,Thomas Boase,1994-01-03,Male,Mechanic,1
1503,Ronith Gokhale,2004-06-21,Male,Shopkeeper,11
1504,Chatura Dhawan,1997-05-03,Male,Shopkeeper,9
1505,Ikbal Cherian,1990-08-06,Male,Student,0
1506,Dalaja Banerjee,1965-07-05,Female,Student,0
1507,Jeremiah Sehgal,1961-10-28,Male,Tailor,0
1508,Falan Acharya,1963-02-14,Male,Cook,0
1509,Kiaan Doshi,2008-03-08,Male,Electrician,1
1510,Rohan Aggarwal,1995-08-14,Male,Auto Driver,1
1511,William Sarin,1988-01-13,Male,Unknown,0
1512,Isaiah Aggarwal,1986-09-15,Male,Unemployed,9
1513,Darsh Wason,1984-12-20,Male,Cook,10
1514,Max Rattan,1964-04-20,Male,Farmer,0
1515,Qadim Warrior,1983-09-09,Male,Labourer,1
1516,Veda Mann,2004-08-17,Female,Shopkeeper,0
1517,Gaurang Baral,1986-09-09,Male,Driver,12
1518,Mason Ramakrishnan,1967-10-24,Male,Electrician,0
1519,Widisha Chad,2003-08-11,Female,Electrician,1
1520,Girish Dey,1962-12-23,Male,Vendor,0
1521,Amaira Khare,1993-11-02,Female,Driver,1
1522,Azad Zachariah,2004-04-30,Male,Business,1
1523,Zaid Walla,1991-02-14,Male,Tailor,0
1524,Andrew Nori,1964-05-12,Male,Driver,1
1525,Ansh Ravi,1968-08-03,Male,Unemployed,1
1526,Yutika Shanker,2006-09-09,Female,Farmer,1
1527,Jackson Bora,1963-01-21,Male,Vendor,0
1528,Yash Bahl,1992-08-12,Male,Mechanic,7
1529,Jairaj De,1961-07-11,Male,Farmer,0
1530,Aryan Mohanty,1967-03-03,Male,Auto Driver,1
1531,Frederick Bhatt,1967-10-13,Male,Painter,0
1532,Yuvraj Kannan,1964-11-03,Male,Electrician,0
1533,Tanay Nazareth,2006-09-17,Male,Tailor,1
1534,Nicholas Dara,2007-02-06,Male,Vendor,0
1535,Naveen Kala,1963-08-26,Male,Electrician,8
1536,Oviya Bhatnagar,1968-10-06,Female,Business,0
1537,Ekavir Sagar,1971-12-25,Male,Daily Wage Worker,4
1538,Fitan Sarna,1977-02-15,Male,Mechanic,0
1539,Ekalinga Chaudhry,2003-07-27,Male,Tailor,1
1540,Farhan Babu,1993-09-07,Male,Electrician,0
1541,Aarush Amble,1972-10-03,Male,Driver,5
1542,Meghana Saha,2007-09-28,Female,Cook,1
1543,Dev Jhaveri,1970-04-14,Male,Private Employee,1
1544,Umang Sabharwal,1976-10-29,Male,Unknown,6
1545,Anirudh Gole,1994-07-25,Male,Daily Wage Worker,1
1546,Nidhi Pall,1989-01-16,Female,Unemployed,6
1547,Jacob Handa,1968-07-17,Male,Student,0
1548,Pratyush Zacharia,1995-01-31,Male,Business,0
1549,Vedika Joshi,1979-05-11,Female,Shopkeeper,0
1550,Gunbir Chowdhury,1970-09-13,Male,Private Employee,1
1551,Yuvraj Goda,1971-06-02,Male,Student,0
1552,Avi Patla,1979-12-12,Male,Vendor,9
1553,Teerth Krishnamurthy,1983-04-18,Male,Student,0
1554,Anya Chawla,1964-02-12,Female,Mason,0
1555,Gaurangi Balakrishnan,1993-07-22,Female,Private Employee,1
1556,Balendra Keer,1990-10-26,Male,Business,1
1557,Ubika Issac,2006-08-10,Female,Unknown,1
1558,Ishwar Choudhary,1982-09-28,Male,Farmer,0
1559,Chandran Khalsa,1988-08-16,Male,Tailor,2
1560,Raghav Kannan,1965-07-20,Male,Auto Driver,0
1561,Xavier Bhagat,1990-03-17,Male,Mechanic,0
1562,Hritik Sha,1972-08-30,Male,Daily Wage Worker,0
1563,Rachit Deshpande,1991-09-12,Male,Electrician,0
1564,Rachita Madan,1974-04-22,Female,Mason,1
1565,Devansh Balay,2007-08-26,Male,Cook,1
1566,Logan Deshpande,1968-02-09,Male,Painter,1
1567,Veer Sahota,1972-03-13,Male,Vendor,1
1568,Januja Merchant,2001-08-16,Female,Driver,1
1569,Frederick Karpe,1966-06-07,Male,Painter,1
1570,Yash Kalita,2000-10-20,Male,Painter,1
1571,Vihaan Mallick,1961-07-14,Male,Unknown,0
1572,Jatin Kota,1982-10-26,Male,Security Guard,1
1573,Indrajit Dixit,1999-08-03,Male,Unknown,0
1574,Sathvik Basu,1963-04-10,Male,Daily Wage Worker,1
1575,Zayyan Bandi,1989-07-07,Male,Shopkeeper,1
1576,Wriddhish Chaudhari,1991-05-03,Male,Security Guard,6
1577,Kavya Chacko,1998-07-21,Female,Business,1
1578,Samar Kamdar,1969-07-30,Male,Labourer,1
1579,Neelima Khare,2004-08-14,Female,Security Guard,12
1580,Adweta Srinivasan,2006-01-27,Female,Painter,0
1581,Faris Sharaf,1999-05-12,Male,Daily Wage Worker,0
1582,Utkarsh Sheth,1969-12-24,Male,Vendor,1
1583,Hiral Prabhakar,2003-03-15,Female,Security Guard,0
1584,Aadi Bobal,1986-09-27,Male,Unknown,6
1585,Amol Minhas,1989-07-12,Male,Unemployed,9
1586,Ishita Buch,2002-10-08,Female,Shopkeeper,0
1587,Ayaan Varma,2006-06-16,Male,Painter,1
1588,Atharv Choudhry,1986-08-10,Male,Business,0
1589,Viraj Baria,1985-06-04,Male,Student,0
1590,Gagan Bhavsar,1998-09-15,Male,Private Employee,1
1591,Ekapad Natt,1976-10-14,Male,Vendor,11
1592,William Kadakia,1975-11-21,Male,Shopkeeper,10
1593,Patrick Loke,1994-10-25,Male,Security Guard,0
1594,Lakshit Bhagat,1964-11-10,Male,Shopkeeper,0
1595,Orinder Sethi,1993-08-20,Male,Tailor,0
1596,Wahab Wali,2006-09-15,Male,Driver,4
1597,Varsha Pillai,2006-05-14,Female,Security Guard,1
1598,Girindra Shankar,1966-06-28,Male,Electrician,1
1599,Rohan Gola,1980-03-03,Male,Business,3
1600,Chatura Gala,1979-04-29,Male,Shopkeeper,1
1601,Ethan Taneja,1970-10-15,Male,Shopkeeper,1
1602,Advay Memon,1988-11-22,Male,Farmer,9
1603,Warjas Palan,1989-02-19,Male,Unemployed,0
1604,Advaith Manne,1973-05-31,Male,Cook,1
1605,Advay Kata,1995-11-28,Male,Daily Wage Worker,6
1606,Samesh Oza,2005-03-04,Male,Farmer,0
1607,Xavier Wagle,1997-11-14,Male,Mechanic,1
1608,Veer Modi,1999-02-24,Male,Shopkeeper,1
1609,Niharika Garg,1978-03-29,Female,Vendor,0
1610,Wyatt Prabhu,1980-02-26,Male,Driver,11
1611,Ethan Pandit,1979-11-25,Male,Cook,0
1612,Geetika Dyal,1996-12-22,Female,Student,0
1613,Hemani Gill,2007-09-12,Female,Farmer,1
1614,Faris Khanna,1968-07-02,Male,Unknown,0
1615,Nathan Date,1990-07-20,Male,Vendor,1
1616,Qasim Gour,1974-07-05,Male,Auto Driver,1
1617,Nathan Padmanabhan,1970-08-13,Male,Farmer,1
1618,Udarsh Zacharia,1971-08-12,Male,Business,0
1619,Darsh Bakshi,1988-01-29,Male,Security Guard,6
1620,Elijah Shanker,1982-05-04,Male,Business,1
1621,Aarnav Tripathi,1983-02-03,Male,Painter,1
1622,Warjas Mann,1999-08-04,Male,Driver,1
1623,Vaishnavi Nigam,2007-06-11,Female,Vendor,1
1624,Wriddhish Baria,1970-01-13,Male,Mason,0
1625,Mitesh Bakshi,1987-11-17,Male,Mason,0
1626,Udant Parikh,1966-11-03,Male,Student,5
1627,Ayaan Hayer,2000-04-01,Male,Mason,8
1628,Liam Hayre,1962-01-30,Male,Daily Wage Worker,1
1629,Udant Chahal,1995-05-17,Male,Mason,1
1630,Robert Swaminathan,1982-03-03,Other,Cook,1
1631,Pranit Rao,1970-08-13,Male,Daily Wage Worker,0
1632,Qasim Raju,1985-12-01,Male,Shopkeeper,2
1633,Meghana Pai,1984-06-15,Female,Security Guard,0
1634,Udant Chahal,1975-03-24,Male,Private Employee,0
1635,Sarthak Savant,1980-03-10,Male,Cook,1
1636,Simon Sachdeva,1970-01-16,Male,Security Guard,1
1637,Ekbal Johal,1981-03-07,Male,Tailor,0
1638,Gautami Bhatti,2000-09-28,Other,Farmer,1
1639,Chanchal Ahuja,1988-05-30,Female,Electrician,0
1640,Sarthak Gill,1998-05-15,Male,Business,0
1641,Ekapad Iyengar,1973-03-16,Male,Shopkeeper,1
1642,Maanav Swaminathan,1963-06-03,Male,Farmer,1
1643,Max Tak,1998-08-10,Male,Tailor,1
1644,Isaac Bala,1960-09-17,Male,Student,1
1645,Karan Mital,2004-02-20,Male,Unknown,1
1646,David Mani,1988-12-07,Male,Business,0
1647,Yatan Konda,1962-06-25,Male,Shopkeeper,1
1648,Manya Tailor,1965-02-01,Female,Unknown,12
1649,Wridesh Sarin,1978-02-05,Male,Farmer,1
1650,Darpan Prakash,1995-06-04,Male,Unemployed,0
1651,Kai Gaba,2000-02-17,Male,Business,0
1652,Eta Nagarajan,1991-12-03,Female,Farmer,0
1653,Pranav Gade,1964-02-23,Male,Unemployed,1
1654,Pranit Saini,2003-11-05,Male,Painter,1
1655,Arjun Mann,1980-05-24,Male,Private Employee,1
1656,Gunbir Goswami,1966-12-24,Male,Farmer,0
1657,Neel Mutti,2007-02-27,Male,Mechanic,1
1658,Krishna Patil,1967-01-25,Male,Business,1
1659,Ekbal Arya,1969-11-12,Male,Driver,0
1660,Quincy Sundaram,1988-08-01,Male,Unemployed,1
1661,Gautami Chaudry,1975-05-17,Female,Driver,0
1662,Zayan Kant,1973-05-15,Male,Daily Wage Worker,10
1663,Sathvik Sharma,1965-09-29,Male,Mechanic,0
1664,Dominic Badal,1993-03-06,Male,Business,1
1665,Nachiket Patil,1970-01-03,Male,Tailor,1
1666,Onveer Gera,1981-04-12,Male,Cook,0
1667,Dhriti Kapadia,1969-04-22,Female,Cook,1
1668,Ishaan Mohanty,1969-01-28,Male,Electrician,1
1669,Eiravati Brar,1989-06-15,Female,Unemployed,1
1670,Balvan Bahl,1993-07-02,Male,Auto Driver,1
1671,Anvi Hegde,1967-11-19,Female,Painter,0
1672,Ayushman Singh,1968-08-21,Male,Painter,1
1673,Anthony Bhatti,1981-01-27,Male,Daily Wage Worker,0
1674,Chanakya Dasgupta,2001-07-01,Male,Farmer,2
1675,Harish Goyal,2006-03-07,Male,Business,1
1676,Akshay Chana,1970-06-14,Male,Unemployed,1
1677,Owen Pandey,1971-06-22,Male,Daily Wage Worker,1
1678,Zayyan Bir,1967-04-17,Male,Student,0
1679,Zarna Kalla,1973-07-31,Female,Security Guard,0
1680,Harinakshi Yogi,1960-11-03,Female,Driver,1
1681,Jalsa Thaman,1992-11-07,Female,Painter,0
1682,George Sarraf,2006-05-19,Male,Shopkeeper,0
1683,Gautam Pant,1986-05-19,Male,Unknown,1
1684,Hredhaan Varkey,1976-01-12,Male,Driver,0
1685,Daksh Murthy,1968-12-16,Male,Private Employee,1
1686,Dayamai Venkatesh,1969-10-18,Female,Auto Driver,0
1687,Pranit Mani,1998-06-17,Male,Student,1
1688,Benjamin Narang,1994-02-22,Male,Daily Wage Worker,0
1689,Reyansh Mander,1991-08-23,Male,Vendor,0
1690,Tristan Kara,1998-03-29,Male,Painter,0
1691,Mohini Sangha,1973-05-24,Female,Shopkeeper,1
1692,Vyanjana Pillai,1972-09-30,Female,Labourer,0
1693,Xalak Cheema,1987-07-09,Female,Unemployed,0
1694,Brijesh Dar,1970-04-21,Male,Mason,1
1695,Suhani Chaudry,1972-01-11,Female,Farmer,0
1696,Rajata Issac,1983-08-04,Female,Mason,8
1697,Tamanna Das,1976-05-24,Female,Daily Wage Worker,0
1698,Zaid Mallick,2000-02-23,Male,Student,1
1699,Sudiksha Parekh,1992-12-04,Female,Painter,1
1700,Watika Vaidya,1979-07-11,Female,Security Guard,1
1701,Vasana Chokshi,1968-11-11,Female,Private Employee,0
1702,Wishi Tank,1976-04-03,Female,Daily Wage Worker,1
1703,Alexander Chaudhary,1964-02-22,Male,Tailor,1
1704,Zaid Bala,1972-09-25,Male,Unemployed,0
1705,Nihal Dua,1981-02-23,Male,Shopkeeper,5
1706,Balvan Venkatesh,1994-01-15,Male,Private Employee,0
1707,Harrison Memon,2005-08-08,Male,Cook,0
1708,Xalak Thaman,1978-05-09,Female,Painter,1
1709,Aditya Balay,1989-11-01,Male,Shopkeeper,1
1710,Rehaan Sengupta,1981-12-14,Male,Mechanic,7
1711,Timothy Sharaf,1962-12-30,Male,Mason,0
1712,Gaurang Mitter,1971-09-19,Male,Labourer,0
1713,Upasna Desai,1981-10-23,Female,Electrician,0
1714,Yagnesh Choudhary,1999-04-04,Male,Painter,0
1715,Wahab Soni,1998-10-22,Male,Vendor,0
1716,Zehaan Bhalla,1987-03-07,Male,Cook,1
1717,Yachana Purohit,2002-07-13,Female,Security Guard,5
1718,Lucky Nagi,1964-09-22,Male,Daily Wage Worker,1
1719,Arin Dave,1985-06-25,Male,Painter,0
1720,Avi Om,1986-06-12,Other,Business,0
1721,Tanish Pai,1984-11-12,Male,Painter,0
1722,Parth Bhalla,2005-07-18,Male,Daily Wage Worker,1
1723,Krishna Keer,2004-08-25,Female,Vendor,1
1724,Brijesh Bhatti,1981-04-18,Male,Security Guard,7
1725,Pahal Gara,1961-11-20,Female,Mason,1
1726,Anirudh Sharma,2005-04-22,Male,Daily Wage Worker,10
1727,Shivansh Loke,1961-12-08,Male,Private Employee,1
1728,Alka Nadig,1986-04-02,Female,Unemployed,10
1729,Neel Chaudhari,1993-10-12,Male,Business,1
1730,Harshil Nayar,1994-05-08,Male,Tailor,4
1731,Fiyaz Mistry,1985-04-09,Male,Cook,1
1732,Isha Taneja,2003-10-16,Female,Shopkeeper,10
1733,Hredhaan Mani,1978-08-04,Male,Daily Wage Worker,2
1734,Neha Ratti,1975-12-02,Female,Security Guard,1
1735,Champak Nayar,1979-02-24,Male,Painter,1
1736,Wazir Sane,1974-10-27,Male,Daily Wage Worker,1
1737,Brinda Mittal,1994-11-20,Female,Private Employee,1
1738,Tarak Zacharia,1981-11-14,Male,Shopkeeper,1
1739,Sarthak Ratti,1977-08-24,Male,Shopkeeper,4
1740,Gautam Bahl,2003-04-10,Male,Daily Wage Worker,1
1741,Zaid Kala,2005-07-07,Male,Security Guard,7
1742,Amrita Walia,2002-05-11,Other,Tailor,1
1743,Ayushman Vig,1974-03-15,Male,Shopkeeper,3
1744,Vihaan Divan,1976-11-26,Male,Business,0
1745,Mason Saran,1988-06-19,Male,Daily Wage Worker,0
1746,Azad Jani,1988-08-12,Male,Labourer,0
1747,Luke Dyal,1977-12-31,Male,Driver,1
1748,Samaksh Khare,1968-04-10,Male,Private Employee,12
1749,Rehaan Bala,1977-04-05,Other,Farmer,0
1750,Vedika Sunder,1998-08-23,Female,Shopkeeper,9
1751,Udyati Bansal,1974-04-17,Female,Security Guard,1
1752,Laban Deshpande,1962-07-13,Male,Labourer,0
1753,Liam Goda,2004-05-23,Male,Electrician,0
1754,Xavier Bahri,1964-04-24,Male,Unemployed,1
1755,Naksh Misra,1964-11-15,Male,Unemployed,1
1756,Qabil Chana,1987-07-22,Male,Daily Wage Worker,1
1757,Jacob Choudhury,1999-05-27,Male,Mechanic,1
1758,Jeremiah Taneja,1966-09-09,Male,Shopkeeper,9
1759,Divya Munshi,1982-12-15,Female,Business,0
1760,Jacob Sampath,1975-05-20,Male,Farmer,0
1761,Chatresh Gill,1975-02-12,Male,Mason,1
1762,Thomas Rege,1977-11-07,Male,Painter,0
1763,Yatan Walla,1986-01-17,Male,Painter,10
1764,Nathan Sampath,1992-11-10,Male,Electrician,0
1765,Maya Dhillon,1985-04-01,Female,Cook,0
1766,Qarin Morar,1961-12-24,Male,Painter,9
1767,Avi Khatri,1977-10-05,Male,Shopkeeper,1
1768,Nilima Patil,2007-03-06,Female,Cook,0
1769,Jagat Savant,1986-12-25,Male,Unemployed,1
1770,Ronith Kumer,1981-01-08,Male,Electrician,1
1771,Jacob Mishra,1974-11-12,Male,Unknown,10
1772,Theodore Nadig,2004-05-26,Male,Electrician,0
1773,Anika Mahal,1965-12-30,Female,Unemployed,6
1774,Warinder Sachar,1983-03-10,Male,Electrician,1
1775,Chandresh Dyal,2008-01-29,Male,Daily Wage Worker,0
1776,Zehaan Bhatti,1984-06-28,Male,Driver,1
1777,Omisha Setty,2007-11-09,Female,Farmer,0
1778,Atharv Gour,2003-06-06,Male,Farmer,12
1779,Ekansh Aggarwal,1987-10-24,Male,Mason,1
1780,Michael Murthy,1999-09-24,Male,Vendor,1
1781,Dayamai Dugar,1977-07-13,Female,Driver,2
1782,Samesh Nagarajan,1991-04-09,Male,Labourer,0
1783,Ekani Lad,1972-05-08,Female,Mechanic,0
1784,Lohit Issac,1966-04-16,Male,Painter,0
1785,Qarin Gopal,1987-04-29,Male,Electrician,8
1786,Isaac Bail,1962-02-09,Male,Student,1
1787,Chanchal Shere,1974-01-14,Female,Security Guard,9
1788,Frado Bawa,1987-11-02,Male,Mechanic,1
1789,Kalpit Dixit,1966-08-10,Male,Labourer,8
1790,Harinakshi Dalal,1961-07-04,Female,Security Guard,1
1791,Utkarsh Talwar,1968-08-11,Male,Mason,1
1792,Harsh Halder,1978-08-30,Male,Unemployed,1
1793,Yug Raja,1969-05-29,Male,Tailor,12
1794,Harshil Kale,1979-10-21,Male,Security Guard,11
1795,Ubika Gole,1988-05-06,Female,Vendor,1
1796,Akshay Mannan,1978-05-13,Male,Business,1
1797,Umang Kothari,1985-09-13,Male,Auto Driver,1
1798,Chaman Anne,1992-06-15,Female,Electrician,6
1799,Neel Rao,2007-04-15,Male,Mason,1
1800,Rehaan Sampath,2001-03-09,Male,Student,1
1801,Balhaar Chandran,1998-06-14,Male,Driver,0
1802,Atharv Natarajan,1976-07-12,Male,Student,0
1803,Peter Bath,1960-11-29,Male,Security Guard,0
1804,Zayyan Raj,1981-02-17,Male,Labourer,1
1805,Qasim Deo,1998-08-16,Male,Student,0
1806,Hemal Lad,1972-02-09,Female,Private Employee,0
1807,Omkaar Sidhu,1969-07-10,Male,Auto Driver,1
1808,Nathan Wali,1990-01-03,Male,Unemployed,1
1809,Leena Dada,1981-11-12,Female,Cook,0
1810,Devansh Tata,1979-09-02,Male,Electrician,0
1811,Upasna Mandal,1978-06-17,Female,Farmer,0
1812,Naksh Sarin,1971-10-10,Male,Student,0
1813,Xalak Dora,1998-05-12,Female,Student,1
1814,Avi Gulati,1970-08-29,Male,Security Guard,0
1815,Ishwar Goswami,1962-12-27,Male,Vendor,0
1816,Kalpit Gade,1992-05-02,Male,Mechanic,1
1817,Dalbir Talwar,1963-04-28,Male,Labourer,1
1818,Pranav Sundaram,1991-09-12,Male,Cook,1
1819,Daksh Divan,1968-12-17,Male,Painter,0
1820,Chakradhar Jani,1979-11-18,Male,Cook,0
1821,Frado Trivedi,1979-02-10,Male,Painter,1
1822,Aahana Vora,1999-05-23,Female,Cook,1
1823,Turvi Bose,1977-04-19,Female,Electrician,2
1824,Champak Narasimhan,1962-04-25,Male,Cook,0
1825,Darsh Ramesh,1985-12-19,Male,Mason,0
1826,Neel Dube,1962-07-06,Male,Mason,0
1827,Veda Srinivasan,1991-06-12,Female,Unemployed,1
1828,Aarnav Narayan,1963-07-13,Male,Tailor,1
1829,Omaja Dayal,1974-12-06,Female,Labourer,0
1830,Lohit Naidu,1964-04-29,Male,Electrician,1
1831,Rayaan Chanda,1987-09-09,Male,Mason,1
1832,Gaurav Khatri,1987-09-11,Male,Tailor,0
1833,Advaith Joshi,1971-08-20,Male,Tailor,0
1834,Saksham Mane,2004-08-02,Male,Business,0
1835,Darpan Misra,1993-12-13,Male,Tailor,0
1836,Nilima Deep,1984-12-24,Female,Business,0
1837,Qarin Vala,1974-02-23,Male,Vendor,1
1838,Udant Rama,1992-12-19,Male,Farmer,0
1839,Siddharth Chana,1989-04-20,Male,Auto Driver,0
1840,Girik Saraf,2003-06-19,Male,Business,0
1841,Chakradhar Baria,1995-06-25,Male,Cook,0
1842,Vincent Kapur,2004-08-13,Male,Unknown,1
1843,Yug Vyas,2003-05-22,Male,Shopkeeper,1
1844,Maanav Sidhu,1990-04-23,Male,Unemployed,0
1845,William Mital,1970-08-29,Male,Electrician,12
1846,Mason Kothari,1996-02-22,Male,Unknown,1
1847,Neelima Batta,1998-01-16,Female,Unknown,1
1848,Chakradev Varghese,1967-11-15,Other,Security Guard,1
1849,Triveni Chandra,1992-03-02,Female,Shopkeeper,1
1850,Peter Kumar,2000-05-24,Male,Shopkeeper,0
1851,Zayan Babu,1968-04-19,Male,Electrician,0
1852,Hemal Gopal,1987-04-16,Female,Vendor,0
1853,Benjamin Saha,2008-06-24,Male,Painter,7
1854,Naksh Sha,2006-02-27,Male,Unemployed,0
1855,Kevin Om,1973-04-14,Male,Vendor,1
1856,George Brar,2001-08-26,Male,Shopkeeper,11
1857,Chatresh Saraf,1996-11-28,Male,Business,0
1858,Aarnav Rana,1968-06-27,Male,Security Guard,10
1859,Frederick Sood,1991-11-11,Male,Unemployed,1
1860,Yagnesh Mitter,2002-08-20,Male,Private Employee,1
1861,Siya Mittal,1966-07-06,Female,Shopkeeper,1
1862,Ekansh Atwal,1973-07-13,Male,Electrician,7
1863,Abhiram Guha,1962-05-16,Male,Painter,1
1864,Wridesh Dhillon,2004-10-05,Male,Unemployed,1
1865,Tejas Yohannan,1973-07-16,Male,Driver,0
1866,Matthew Sheth,1970-08-18,Male,Business,0
1867,Siddharth Bains,1968-06-21,Male,Driver,0
1868,Ganga Saxena,1993-07-21,Female,Cook,1
1869,Advaith Sengupta,2000-05-15,Male,Labourer,10
1870,Harrison Menon,1999-04-19,Male,Labourer,0
1871,Atharv Nath,1961-01-30,Male,Unknown,1
1872,Tarak Sagar,1994-04-12,Male,Unemployed,0
1873,Andrew Sura,1987-09-30,Male,Student,1
1874,Yagnesh Kata,1964-09-04,Male,Driver,3
1875,Siddharth Mutti,1998-03-13,Male,Business,6
1876,Krish Sahni,1992-10-03,Male,Shopkeeper,1
1877,Yug Palan,1991-01-21,Male,Unemployed,1
1878,Advaith Edwin,1980-02-23,Male,Unemployed,0
1879,Wahab Padmanabhan,1990-05-12,Male,Painter,1
1880,Zehaan Kanda,2000-07-15,Male,Farmer,5
1881,Vivaan Deep,1980-07-06,Male,Unknown,1
1882,Turvi Parsa,1992-09-08,Female,Daily Wage Worker,9
1883,Hemang Mandal,2007-07-20,Male,Driver,1
1884,Wyatt Dayal,1972-05-04,Male,Labourer,0
1885,Farhan Swamy,1967-05-31,Male,Tailor,0
1886,Yatin Mitter,1976-07-08,Male,Painter,0
1887,Arjun Badami,1984-12-17,Male,Shopkeeper,0
1888,Pranav Dutt,1972-06-08,Male,Tailor,1
1889,Azad Nazareth,1989-11-07,Male,Electrician,1
1890,Ishaan Dara,1998-10-16,Male,Student,9
1891,Yagnesh Kuruvilla,1983-09-15,Male,Daily Wage Worker,1
1892,Chakradhar Loke,1970-11-01,Other,Mechanic,1
1893,Aryan Sarma,1991-08-28,Male,Tailor,1
1894,Chatresh Chaudry,1998-10-28,Male,Farmer,1
1895,Yashica Cheema,1971-11-30,Female,Mechanic,1
1896,Ishanvi Pathak,1971-03-27,Female,Private Employee,1
1897,Timothy Toor,1994-06-18,Male,Private Employee,1
1898,Ganga Patla,1983-04-26,Female,Private Employee,4
1899,Darsh Jaggi,1990-06-06,Male,Labourer,0
1900,Aarini Korpal,1992-10-11,Female,Student,1
1901,Luke Tiwari,1972-03-14,Male,Tailor,12
1902,Kiaan Pradhan,1988-10-15,Male,Tailor,12
1903,Jason Doshi,1996-08-03,Male,Farmer,1
1904,Jhalak Devi,1989-09-23,Female,Vendor,0
1905,Samarth Shanker,1995-09-03,Male,Vendor,1
1906,Alexander Savant,1970-06-15,Male,Labourer,1
1907,Bakhshi Chad,1983-07-27,Male,Business,0
1908,Sai Gala,1990-01-31,Male,Security Guard,0
1909,Ronith Bansal,2005-06-21,Male,Mechanic,12
1910,Ayush Venkatesh,1980-09-02,Male,Daily Wage Worker,1
1911,Sai Modi,1981-11-22,Male,Mechanic,0
1912,Aayush Mammen,1996-06-18,Male,Shopkeeper,0
1913,Saksham Sehgal,2004-05-12,Male,Unknown,1
1914,Timothy Pai,2004-09-10,Male,Labourer,1
1915,Hardik Mitra,1966-04-13,Male,Electrician,8
1916,Oliver Ramakrishnan,1969-02-13,Male,Unemployed,1
1917,Hredhaan Chander,1995-05-14,Male,Painter,1
1918,Onkar Dutta,1962-02-21,Male,Cook,0
1919,Kai Khurana,1981-03-25,Male,Painter,1
1920,Zayyan Choudhry,1964-08-16,Male,Mechanic,0
1921,Aashi Tripathi,1984-09-01,Other,Auto Driver,1
1922,Arunima Dash,1991-01-31,Female,Auto Driver,1
1923,Aarnav Setty,1983-08-13,Male,Farmer,8
1924,Kamala Palla,1980-11-27,Female,Unknown,1
1925,Ekiya Purohit,1995-11-29,Female,Auto Driver,5
1926,Damini Narang,1995-09-10,Female,Unemployed,0
1927,Radha Sha,1967-03-20,Female,Electrician,1
1928,Simon Sabharwal,1966-02-14,Male,Driver,0
1929,Azaan Sandal,1969-05-25,Male,Driver,0
1930,Jalsa Sehgal,1965-11-10,Female,Electrician,11
1931,Saksham Venkataraman,1987-05-31,Male,Driver,2
1932,Zaid Sampath,1990-06-30,Male,Business,1
1933,Sathvik Gaba,1970-05-15,Male,Painter,0
1934,Xavier Shankar,1969-05-08,Male,Electrician,0
1935,Hitesh Shah,1992-10-04,Male,Labourer,1
1936,Farhan Pingle,1968-08-17,Male,Farmer,11
1937,Christopher Dara,1985-09-12,Male,Unknown,0
1938,Anusha Virk,1970-12-24,Female,Shopkeeper,1
1939,Quincy Mody,1986-01-11,Male,Security Guard,1
1940,Manan Sunder,1962-06-14,Male,Shopkeeper,0
1941,Ekavir Sama,1963-11-10,Male,Unknown,1
1942,Lucky Kale,1973-01-02,Male,Tailor,0
1943,Aarav Das,1997-10-22,Male,Private Employee,0
1944,Bahadurjit Basu,1988-12-17,Male,Shopkeeper,10
1945,Nilima Sethi,1983-07-15,Female,Tailor,1
1946,Wazir Deo,1969-12-21,Male,Mechanic,0
1947,Umang Sen,1970-09-07,Male,Private Employee,1
1948,Chaitanya Rout,1986-11-24,Male,Electrician,1
1949,Siya Nori,1997-05-12,Female,Unknown,1
1950,Timothy Mall,2004-07-02,Male,Student,2
1951,Fitan Bakshi,1999-06-22,Male,Labourer,0
1952,David Chada,1973-08-22,Male,Mechanic,1
1953,Yutika Gulati,1992-12-04,Female,Mason,0
1954,Dipta Wali,1972-10-11,Female,Labourer,0
1955,Laksh Jha,1977-03-28,Male,Tailor,6
1956,Brijesh Walla,2001-11-04,Male,Unknown,1
1957,Sai Bath,1993-12-28,Male,Labourer,1
1958,Onkar Sarkar,1972-10-30,Male,Daily Wage Worker,1
1959,Amaira Wable,1982-02-22,Female,Auto Driver,0
1960,Kabir Chand,1968-05-07,Male,Daily Wage Worker,0
1961,Hamsini Mangal,1970-05-07,Female,Shopkeeper,0
1962,Joshua Chakraborty,1971-01-16,Male,Mechanic,0
1963,Samar Gara,1964-07-22,Male,Vendor,1
1964,Hemangini Bala,1964-07-12,Female,Driver,4
1965,Robert Chaudhary,1982-04-29,Male,Mechanic,1
1966,Samuel Naik,1978-02-05,Male,Painter,0
1967,Dipta Ben,1974-05-01,Female,Unknown,1
1968,Jagat Tailor,1995-02-27,Male,Private Employee,1
1969,Deepa Luthra,1964-09-03,Female,Cook,1
1970,Vincent Ray,1964-12-31,Male,Driver,0
1971,Akshay Reddy,2003-08-29,Male,Mason,1
1972,Aditya Luthra,1998-04-02,Male,Electrician,1
1973,Jatin Dass,1981-04-11,Male,Security Guard,1
1974,Udant Chacko,2003-10-24,Male,Unknown,0
1975,Ekavir Prakash,1997-04-28,Male,Mechanic,0
1976,Jason Yogi,1989-05-20,Male,Business,1
1977,Ansh Agarwal,1992-03-01,Male,Vendor,0
1978,Fiyaz Acharya,1964-08-22,Male,Driver,1
1979,Laban Krishna,2006-10-27,Male,Unemployed,1
1980,Parth Kala,2000-05-14,Male,Electrician,1
1981,Aradhana Edwin,1996-11-21,Female,Private Employee,0
1982,Mason Chakraborty,1987-06-13,Male,Auto Driver,0
1983,Ekaraj Mammen,1989-12-10,Male,Driver,0
1984,Zayyan Nadkarni,2006-12-18,Male,Auto Driver,3
1985,Kalpit Sethi,1979-02-15,Male,Tailor,0
1986,Naveen Om,1974-11-18,Male,Daily Wage Worker,1
1987,Nitesh Babu,2007-08-17,Male,Shopkeeper,1
1988,Aarav Soni,1960-11-02,Male,Business,1
1989,Gabriel Sachdev,1998-05-15,Male,Mason,0
1990,Ronith Yohannan,1966-01-25,Male,Cook,0
1991,Amruta Saxena,2006-04-17,Female,Auto Driver,0
1992,Patrick Puri,2001-06-19,Male,Cook,1
1993,Rishi Goel,2007-12-24,Male,Electrician,0
1994,David Shere,1985-10-04,Male,Mechanic,1
1995,Tristan Andra,1975-08-15,Male,Electrician,0
1996,Logan Parmar,1973-07-31,Male,Unknown,1
1997,Nidra Kant,1976-06-27,Female,Labourer,1
1998,Pratyush Bansal,1979-08-27,Male,Painter,1
1999,Henry Amble,1973-11-21,Male,Tailor,0
2000,Christopher Mall,1999-04-11,Male,Unemployed,0
2001,Harinakshi Hari,2005-06-13,Female,Private Employee,1
2002,Dhruv Dave,1964-12-21,Other,Mechanic,0
2003,Kai Kari,1996-02-22,Male,Mechanic,1
2004,Gopal Bajaj,2007-09-15,Male,Electrician,1
2005,Utkarsh Agate,1989-08-11,Male,Farmer,0
2006,Neel Sankaran,1988-03-26,Male,Security Guard,5
2007,Darsh Vasa,1992-04-19,Male,Mason,0
2008,Pratyush Varughese,1963-07-04,Male,Cook,2
2009,Arjun Mall,1989-02-17,Male,Labourer,1
2010,Nakul Ahluwalia,1987-03-19,Male,Farmer,8
2011,Oliver Bumb,1999-06-17,Male,Driver,0
2012,Isaiah Sampath,1965-08-12,Male,Mechanic,1
2013,Guneet Gala,1982-12-13,Male,Unknown,0
2014,Azad Chatterjee,1962-06-11,Male,Electrician,0
2015,Rachana Bajwa,2000-11-13,Other,Electrician,8
2016,Jeremiah Kota,1967-11-20,Male,Auto Driver,1
2017,Jagdish Oak,1964-04-01,Male,Unknown,3
2018,Jagat Bora,2001-05-17,Male,Electrician,1
2019,Champak Sekhon,1999-12-11,Male,Student,0
2020,Chaman Bhat,1962-10-25,Female,Painter,0
2021,Naksh Bhattacharyya,1969-03-23,Male,Farmer,0
2022,Timothy Bhakta,1981-01-23,Male,Student,1
2023,Bachittar Chaudry,2006-08-27,Male,Driver,0
2024,Ati Menon,1986-07-04,Female,Painter,0
2025,Gopal Roy,1976-05-30,Other,Driver,1
2026,Utkarsh Rajagopalan,1992-02-19,Male,Student,0
2027,Chandresh Nori,2004-11-03,Male,Driver,1
2028,Utkarsh Varughese,1982-11-18,Male,Mason,1
2029,Chatura Chauhan,1961-05-20,Male,Daily Wage Worker,4
2030,Gunbir Date,2003-12-02,Male,Electrician,0
2031,Peter Sama,1993-04-22,Male,Auto Driver,1
2032,Girik Kibe,1969-11-30,Male,Daily Wage Worker,0
2033,Bhanumati Datta,1981-10-03,Female,Farmer,0
2034,Praneel Mukhopadhyay,2000-04-07,Male,Mason,0
2035,Ethan Singh,1981-07-21,Male,Shopkeeper,0
2036,Madhav Pillay,1961-02-04,Male,Unemployed,0
2037,Ayush Khanna,1995-01-21,Male,Unemployed,0
2038,Siddharth Padmanabhan,1973-11-04,Male,Business,0
2039,Harrison Biswas,1983-10-16,Male,Mason,0
2040,Wazir Sibal,2001-05-12,Male,Auto Driver,0
2041,Oliver Mistry,1989-01-14,Male,Labourer,0
2042,Finn Cheema,1991-06-18,Male,Driver,0
2043,Yug Kanda,1960-10-18,Male,Student,0
2044,Ishwar Shukla,2003-01-02,Male,Farmer,1
2045,Jagdish Srivastava,1983-02-08,Male,Mechanic,1
2046,Ishanvi Ratta,1973-01-31,Female,Farmer,0
2047,Pratyush Anne,1965-07-25,Male,Student,12
2048,Alexander Contractor,1970-03-28,Male,Mason,0
2049,Thomas Hayer,2003-07-05,Male,Daily Wage Worker,1
2050,Anthony Balan,1974-02-05,Male,Mechanic,1
2051,Bhanumati Ghosh,1975-06-12,Other,Farmer,0
2052,Gagan Nori,1998-04-13,Male,Farmer,1
2053,Gaurav Hayre,1962-01-04,Male,Shopkeeper,1
2054,Lekha Chaudhuri,1961-12-22,Female,Security Guard,2
2055,Ranveer Choudhry,1983-07-29,Male,Unknown,0
2056,Michael Shan,1976-11-20,Male,Labourer,0
2057,Quincy Garg,1996-05-27,Male,Painter,0
2058,Bachittar Dani,1970-05-17,Male,Vendor,0
2059,Girish Handa,1996-10-14,Male,Mechanic,0
2060,Ridhi Nadkarni,2001-05-06,Female,Electrician,1
2061,Jason Batra,2002-06-20,Male,Private Employee,0
2062,Manan Dixit,1982-11-05,Male,Painter,1
2063,Avi Mammen,1969-02-25,Male,Auto Driver,1
2064,Henry Bumb,1992-07-29,Male,Mechanic,0
2065,Geetika Trivedi,1986-12-16,Female,Auto Driver,1
2066,Zaid Venkataraman,1992-02-21,Male,Student,0
2067,Naveen Prakash,1996-04-21,Male,Security Guard,5
2068,Yug Som,1978-10-22,Male,Shopkeeper,0
2069,Andrew Johal,1975-06-27,Male,Unknown,0
2070,Upkaar Keer,1987-06-28,Male,Driver,1
2071,Michael Sandal,1986-03-17,Male,Mechanic,0
2072,Rachit Kumar,1998-01-05,Male,Business,1
2073,Ekani Chad,1980-08-16,Female,Mechanic,1
2074,Patrick Karpe,2000-04-14,Male,Vendor,0
2075,Viraj Vala,2002-10-25,Male,Painter,1
2076,Tanay Seshadri,1992-05-13,Male,Security Guard,8
2077,Samarth Pillai,1994-05-28,Male,Driver,1
2078,Laban Raja,1962-03-25,Male,Shopkeeper,0
2079,Timothy Kaur,1978-08-16,Male,Electrician,1
2080,Praneel Butala,1980-08-03,Male,Security Guard,4
2081,Lakshit Kari,1967-03-30,Male,Mechanic,0
2082,Balendra Parsa,1963-02-25,Male,Cook,1
2083,Ojas Hegde,2006-06-27,Male,Painter,1
2084,Jeremiah Mittal,2007-01-23,Male,Business,0
2085,Girish Devi,1997-07-04,Male,Unemployed,0
2086,Aayush Mistry,1979-09-23,Male,Unknown,1
2087,Tamanna Ravi,2000-01-05,Female,Vendor,1
2088,Warinder Vala,1970-09-15,Male,Vendor,1
2089,Jhalak Karan,1974-10-30,Female,Auto Driver,0
2090,Kamala Varty,2000-06-29,Female,Vendor,0
2091,Vihaan Oak,1966-05-23,Male,Shopkeeper,1
2092,Ijaya Sanghvi,2008-01-16,Female,Shopkeeper,0
2093,Henry Sarna,1991-03-03,Male,Driver,1
2094,Rachit Dewan,1999-11-06,Male,Unknown,0
2095,Michael Andra,1994-07-23,Male,Mechanic,0
2096,Pallavi Kar,1989-01-25,Female,Daily Wage Worker,1
2097,Saksham Yogi,1980-12-08,Male,Painter,0
2098,Advay Balay,1970-01-06,Male,Unknown,1
2099,Oni Raman,1986-06-30,Female,Daily Wage Worker,1
2100,Rohan Bhatt,1996-12-01,Male,Labourer,1
2101,Girindra Soman,1967-12-10,Male,Driver,1
2102,Upkaar Modi,1966-11-22,Male,Business,0
2103,Charles Goel,1962-09-23,Male,Student,0
2104,Agastya Grover,1974-02-02,Male,Cook,1
2105,Reyansh Mander,1974-07-23,Male,Mechanic,0
2106,Madhav Viswanathan,1965-04-23,Male,Mechanic,1
2107,Ayush Pillay,1995-11-01,Male,Farmer,0
2108,Frederick Narain,1988-07-04,Male,Driver,1
2109,Farhan Choudhry,1969-05-02,Male,Labourer,1
2110,William Biswas,1987-01-07,Male,Farmer,6
2111,Dhruv Jha,1981-08-17,Male,Labourer,0
2112,Wazir Dutt,2001-08-18,Male,Cook,1
2113,Harrison Thakkar,2007-02-24,Male,Daily Wage Worker,1
2114,Lakshit Jaggi,1961-01-20,Male,Painter,1
2115,Sanaya Bhatt,1987-09-19,Other,Auto Driver,1
2116,Nitesh Swaminathan,1991-11-12,Male,Unemployed,1
2117,Anusha Chand,1980-02-21,Female,Labourer,1
2118,Oscar Mishra,1987-02-28,Male,Shopkeeper,3
2119,Triya Krish,1972-10-07,Female,Daily Wage Worker,0
2120,Veer Rajagopalan,2005-05-25,Male,Security Guard,0
2121,Champak Ramaswamy,2008-02-02,Male,Private Employee,7
2122,Kashvi Dugar,1979-03-06,Female,Private Employee,0
2123,Bahadurjit Kalla,1994-02-16,Male,Mason,0
2124,Darsh Pillay,1965-10-03,Male,Security Guard,0
2125,Zayyan Nanda,1988-06-14,Male,Business,0
2126,Gayathri Krishnan,1974-08-29,Female,Unknown,0
2127,Vihaan Bala,1965-07-12,Male,Driver,1
2128,Rayaan Oza,1987-09-21,Male,Electrician,1
2129,Rushil Barad,1961-04-11,Male,Auto Driver,0
2130,Dakshesh Deshpande,1982-10-22,Male,Driver,2
2131,Xavier Shenoy,1965-03-11,Male,Private Employee,1
2132,Jairaj Sarma,1970-02-03,Male,Daily Wage Worker,0
2133,Liam Edwin,1972-02-27,Male,Tailor,1
2134,Chandresh Goel,1980-07-25,Male,Private Employee,0
2135,Rohan Ganguly,1965-10-29,Male,Mason,1
2136,Laban Dube,1990-07-14,Male,Tailor,1
2137,Hemal Kalita,1962-11-22,Female,Auto Driver,1
2138,Timothy Batta,2003-09-29,Male,Driver,0
2139,Robert Morar,1990-10-05,Male,Farmer,0
2140,Aahana Bava,1986-03-25,Female,Mason,0
2141,Jeet Prasad,1976-10-11,Male,Unknown,1
2142,Chandani Babu,1989-03-29,Female,Private Employee,0
2143,Abhimanyu Nazareth,1973-08-15,Male,Unknown,1
2144,Imaran Char,2005-09-27,Male,Electrician,1
2145,Geetika Basu,1988-10-31,Female,Security Guard,0
2146,Nihal Naidu,1998-10-17,Male,Shopkeeper,0
2147,Hemang Rana,1989-08-31,Male,Business,0
2148,Jack Kala,1967-10-02,Male,Unknown,0
2149,Neel Ghose,1961-07-26,Male,Mason,7
2150,Nakul Arora,1987-01-12,Male,Mechanic,0
2151,Veer Kannan,1965-01-14,Male,Unemployed,0
2152,Raksha Bassi,1965-02-16,Female,Mason,0
2153,Nirja Mitra,2001-04-19,Other,Tailor,1
2154,Charan Yadav,1999-04-13,Male,Vendor,1
2155,Jeremiah Chandran,2001-05-14,Male,Business,0
2156,Rishi Deol,1983-02-22,Male,Tailor,0
2157,Nathan Subramaniam,1965-02-21,Male,Unknown,0
2158,Adya Sen,1986-07-26,Female,Business,0
2159,Zayan Arya,1976-05-17,Male,Electrician,1
2160,Diya More,1976-08-19,Female,Mechanic,0
2161,Jairaj Buch,1964-08-16,Male,Labourer,0
2162,Rachit Tara,1980-09-24,Male,Shopkeeper,1
2163,Faqid Prashad,1974-06-16,Male,Student,0
2164,Jagat Sawhney,1982-11-30,Male,Security Guard,0
2165,Liam Nadkarni,2004-05-05,Male,Cook,1
2166,Yoshita Sachdeva,2004-08-24,Female,Mason,0
2167,Advik Karnik,1983-02-02,Male,Security Guard,0
2168,Jairaj Jha,1997-03-31,Male,Mason,0
2169,Jeet Kapadia,2001-12-04,Male,Mason,1
2170,Naveen Goswami,1990-08-25,Male,Farmer,3
2171,Bachittar Swamy,1965-04-23,Male,Cook,1
2172,Atharv Dhaliwal,1974-06-11,Male,Farmer,0
2173,Chakradev Ghose,2000-11-15,Male,Painter,0
2174,Jacob Tripathi,1965-11-12,Male,Driver,0
2175,Vivaan Mukhopadhyay,1971-09-20,Male,Labourer,1
2176,Jason Samra,1972-07-21,Male,Unknown,0
2177,Max Mangal,1999-10-10,Male,Mechanic,0
2178,Harrison Magar,1993-04-16,Male,Student,9
2179,Radha Rao,1986-04-02,Female,Farmer,11
2180,Warinder Sastry,1989-04-24,Male,Student,6
2181,Garima Subramaniam,1961-11-23,Female,Unemployed,3
2182,Tanay Chacko,1980-12-23,Male,Vendor,0
2183,Gagan Kurian,1986-06-09,Male,Labourer,0
2184,Niharika Setty,1979-10-27,Female,Cook,1
2185,Wridesh Bora,1983-03-23,Male,Electrician,9
2186,Wahab Hayre,1971-01-28,Male,Cook,1
2187,Aarnav Arya,1994-08-14,Male,Cook,0
2188,Yatan Ravel,1988-11-04,Male,Unemployed,0
2189,Rachit Rajagopalan,1993-11-10,Male,Mechanic,0
2190,Balendra Rege,1963-03-11,Male,Daily Wage Worker,11
2191,Reyansh Gaba,1973-10-06,Male,Tailor,1
2192,Joshua Pall,1995-03-24,Male,Student,0
2193,Raksha Bhardwaj,2004-11-03,Female,Painter,0
2194,Simon Koshy,1977-01-14,Male,Driver,1
2195,Bakhshi Pathak,2003-06-26,Other,Mechanic,0
2196,Ethan Lal,2001-09-30,Male,Shopkeeper,1
2197,Ethan Kumar,1977-05-20,Male,Auto Driver,3
2198,Abeer Dada,1966-10-30,Male,Tailor,1
2199,Rushil Buch,1995-11-01,Male,Vendor,1
2200,Siddharth Gandhi,1989-08-05,Male,Auto Driver,0
2201,Matthew Tella,1996-10-30,Male,Auto Driver,0
2202,Mitesh Sabharwal,1966-08-05,Male,Farmer,1
2203,Orinder Dhar,1978-11-08,Male,Security Guard,7
2204,Rushil Morar,1960-12-25,Male,Business,0
2205,Xalak Agarwal,1967-02-20,Female,Student,1
2206,Sathvik Vohra,1988-11-29,Male,Tailor,1
2207,Tanveer Garde,1972-07-20,Male,Shopkeeper,0
2208,Girik Desai,1974-01-08,Male,Shopkeeper,1
2209,Gavin Thakkar,1968-01-18,Male,Vendor,0
2210,Hitesh Grewal,1974-03-22,Male,Painter,0
2211,Gavin Handa,1978-03-13,Male,Vendor,1
2212,Thomas Chopra,2003-11-09,Male,Painter,0
2213,Balveer Memon,1966-05-19,Male,Driver,1
2214,David Malhotra,1964-12-02,Male,Driver,0
2215,Alexander Keer,1993-01-25,Male,Driver,0
2216,Chandresh Andra,1964-09-13,Male,Business,1
2217,Aarini Barman,1967-02-20,Female,Labourer,1
2218,Aarush Prashad,2001-07-31,Male,Shopkeeper,0
2219,Xavier Solanki,1983-06-25,Male,Mechanic,0
2220,Om Prabhakar,2006-12-12,Male,Tailor,0
2221,Divya Khatri,1985-02-15,Other,Cook,0
2222,Ranbir Bhandari,1984-10-10,Male,Student,0
2223,Chandresh Aggarwal,1991-08-22,Male,Vendor,1
2224,Ekiya Bal,2001-07-04,Female,Painter,0
2225,Logan Kothari,1985-08-14,Male,Farmer,0
2226,Vyanjana Varma,1988-08-29,Female,Farmer,1
2227,Aarav Nagy,1961-09-05,Male,Mechanic,12
2228,Arin Nanda,2006-09-06,Male,Mechanic,0
2229,Kamala Sundaram,1987-10-12,Female,Security Guard,2
2230,Owen Sangha,1992-12-12,Male,Private Employee,0
2231,Reyansh Memon,2001-11-12,Male,Student,0
2232,Ekbal Venkatesh,1999-06-19,Male,Security Guard,0
2233,Devansh Tank,1966-06-22,Male,Security Guard,12
2234,Vivaan Ganguly,1990-12-01,Male,Security Guard,1
2235,Wridesh Zachariah,1976-12-09,Male,Student,1
2236,Hitesh Garde,2005-06-11,Male,Electrician,1
2237,Chatresh Saran,1962-07-15,Male,Vendor,0
2238,Nihal Rajagopal,1979-08-17,Male,Mechanic,6
2239,Kabir Soni,2006-03-07,Male,Mason,1
2240,Ekanta Warrior,2003-08-29,Female,Student,1
2241,Chandani Natarajan,1975-10-11,Female,Daily Wage Worker,9
2242,Onveer Purohit,1986-07-08,Male,Shopkeeper,1
2243,Jackson Kapoor,1978-03-06,Male,Mason,3
2244,Maanav Chahal,1968-02-16,Male,Shopkeeper,0
2245,Onkar Guha,1968-06-12,Male,Auto Driver,7
2246,Devansh Munshi,1986-06-02,Male,Labourer,1
2247,Nachiket Bhatia,2000-09-13,Male,Driver,0
2248,Rishi Sampath,1982-04-19,Male,Cook,1
2249,Dev Venkatesh,2005-09-18,Male,Daily Wage Worker,0
2250,Chatresh Rana,1961-03-04,Male,Painter,0
2251,Nakul Dhillon,1980-09-29,Male,Cook,0
2252,Xalak Shah,1970-07-31,Other,Unknown,0
2253,Elijah Banerjee,2001-04-20,Male,Shopkeeper,1
2254,Dayamai Thakkar,2007-05-29,Other,Shopkeeper,0
2255,Laksh Sridhar,2003-06-29,Male,Unemployed,1
2256,Yug Manne,2008-06-18,Male,Auto Driver,1
2257,Ayushman Nath,1970-12-09,Male,Cook,0
2258,Isaiah Ben,1972-09-23,Male,Daily Wage Worker,1
2259,Rohan Mistry,2005-05-29,Male,Auto Driver,0
2260,Advay Ramanathan,1983-07-05,Male,Labourer,7
2261,Warjas Pall,1987-03-07,Male,Security Guard,0
2262,Balendra Wable,1979-10-22,Male,Daily Wage Worker,1
2263,Gunbir Ramesh,1967-03-03,Male,Farmer,2
2264,Neel Bhagat,1981-03-28,Male,Shopkeeper,1
2265,Finn Devan,1990-08-14,Male,Unknown,1
2266,Madhav Dhillon,1974-10-27,Male,Daily Wage Worker,1
2267,Guneet Andra,1985-03-13,Male,Farmer,11
2268,Ethan Puri,1989-08-11,Male,Unknown,0
2269,Ayaan Char,1984-09-29,Male,Electrician,0
2270,Hemal Ben,1968-07-13,Female,Private Employee,1
2271,Radha Dixit,2003-03-19,Other,Mechanic,0
2272,Jason Bandi,1968-08-18,Male,Mechanic,1
2273,Sneha Suresh,1981-02-22,Female,Tailor,1
2274,Raghav Chakraborty,1992-02-06,Male,Farmer,0
2275,Laksh Saxena,1985-07-17,Male,Cook,0
2276,Darpan Dada,1966-03-03,Male,Daily Wage Worker,0
2277,Yash Upadhyay,1975-11-08,Male,Unknown,5
2278,Wriddhish Mahal,2007-10-03,Male,Mason,0
2279,Gautam Rajagopalan,1993-06-30,Male,Cook,1
2280,Manthan Dass,1967-04-25,Male,Daily Wage Worker,0
2281,Azad Yogi,1973-02-16,Male,Mechanic,0
2282,Aishani Ramesh,1998-05-21,Female,Cook,1
2283,Azad Venkataraman,2000-05-03,Male,Auto Driver,1
2284,Hemang Dalal,1972-11-03,Male,Student,0
2285,Aarnav Sekhon,1981-12-07,Male,Shopkeeper,1
2286,Anusha Dave,1999-09-06,Female,Daily Wage Worker,0
2287,Faris Chahal,1998-10-28,Male,Auto Driver,0
2288,Anay Chad,1969-01-12,Male,Labourer,1
2289,Qabil Garg,1989-05-02,Male,Tailor,0
2290,Jeet Mital,1963-09-09,Male,Business,0
2291,Tristan Dey,1999-10-26,Male,Labourer,0
2292,Naksh Virk,1984-07-04,Male,Daily Wage Worker,0
2293,Chandran Basu,1976-09-06,Male,Unknown,8
2294,Ijaya Dhar,1980-12-10,Female,Daily Wage Worker,0
2295,Ekani Kalita,2000-10-25,Female,Auto Driver,0
2296,Liam Dave,2002-11-23,Male,Mason,0
2297,Baljiwan Kumer,1978-04-15,Male,Painter,1
2298,Finn Ratta,1991-08-01,Male,Student,0
2299,Joshua Sandal,2007-10-23,Male,Security Guard,0
2300,Harsh Bobal,2003-05-23,Male,Labourer,0
2301,Inaya Pradhan,1998-11-26,Female,Mechanic,3
2302,Shaurya Dube,1982-01-28,Male,Electrician,1
2303,Ranveer Bal,2001-08-15,Male,Cook,2
2304,Balvan Madan,1969-01-10,Male,Mason,0
2305,Tanvi Bhatti,1982-12-17,Female,Unemployed,3
2306,Pratyush Nath,1979-02-21,Male,Labourer,0
2307,Jeevika Mahal,1961-03-21,Female,Farmer,1
2308,Saanvi Kapadia,1986-04-24,Female,Driver,1
2309,David Gill,1996-05-16,Male,Electrician,1
2310,Yash Chandran,1996-07-17,Male,Shopkeeper,1
2311,Lohit Madan,2001-11-19,Male,Farmer,2
2312,Arjun Garde,1982-03-09,Male,Business,8
2313,Gautam Pai,2006-09-03,Male,Auto Driver,8
2314,William Datta,1978-03-05,Male,Vendor,0
2315,Yashvi Dugal,2005-04-17,Female,Mason,0
2316,Ekbal Radhakrishnan,1999-03-03,Male,Farmer,1
2317,Avi Prabhakar,1977-07-01,Male,Private Employee,3
2318,Vasudha Goswami,1990-06-02,Female,Shopkeeper,1
2319,Vivaan Thakkar,1980-01-24,Male,Painter,1
2320,Tanish Verma,1976-02-11,Male,Business,0
2321,Caleb Mody,1988-03-17,Male,Security Guard,1
2322,Chandani Buch,1965-10-07,Female,Driver,0
2323,Chakradhar Gandhi,1999-09-12,Male,Shopkeeper,1
2324,Brijesh Mangal,1998-04-04,Male,Security Guard,0
2325,Abdul Samra,2006-08-14,Male,Daily Wage Worker,7
2326,Varsha Tank,1995-08-05,Other,Student,1
2327,Samaksh Atwal,2002-06-26,Male,Painter,1
2328,Aarush Sandal,2008-05-11,Male,Private Employee,12
2329,Krisha Wable,2007-02-05,Female,Mason,1
2330,Udarsh Ganguly,2006-06-13,Male,Security Guard,0
2331,Gagan Borde,1985-07-11,Male,Unknown,0
2332,Patrick Behl,1989-04-24,Male,Auto Driver,0
2333,Ladli Garde,1985-12-13,Other,Labourer,1
2334,Pallavi Krish,1997-03-26,Female,Farmer,7
2335,Maanav Mistry,1993-06-04,Male,Shopkeeper,0
2336,Libni Kala,1960-09-12,Female,Tailor,1
2337,Ikbal Mody,2004-04-20,Male,Auto Driver,4
2338,Vincent Sura,1964-06-17,Male,Shopkeeper,0
2339,Aarush Sharma,1982-11-27,Male,Painter,0
2340,Peter Chhabra,1960-11-24,Male,Driver,0
2341,Girik Ratti,1984-09-02,Male,Vendor,5
2342,Chandresh Sankar,1994-01-11,Male,Unknown,1
2343,Brijesh Wadhwa,1995-07-19,Male,Student,0
2344,Samesh Dasgupta,1993-09-18,Male,Business,1
2345,Faras Krishna,1975-12-07,Male,Labourer,0
2346,Rudra Prasad,1980-11-29,Male,Unemployed,0
2347,Tanish Gopal,1997-01-18,Male,Labourer,1
2348,Chatura Sarna,2005-03-16,Male,Electrician,1
2349,Gaurika Dey,1984-08-14,Female,Cook,0
2350,Aarnav Parmer,1974-01-19,Male,Student,0
2351,Girish Mane,1963-04-15,Male,Shopkeeper,1
2352,Rudra Sama,1983-02-01,Male,Auto Driver,0
2353,Gaurika Issac,1993-02-28,Female,Electrician,1
2354,Dhriti Sama,1993-10-29,Female,Student,7
2355,Devansh Nair,1987-10-04,Male,Mechanic,0
2356,Dominic Choudhary,1967-11-21,Male,Private Employee,6
2357,Dev Dugal,1983-12-19,Male,Farmer,11
2358,Jagat Ben,2006-09-15,Male,Business,0
2359,Tanish Anand,1990-02-07,Male,Unemployed,0
2360,Mohini Manda,1993-08-12,Female,Unknown,9
2361,Tanish Kota,2002-07-29,Male,Private Employee,6
2362,Girik Krish,1979-09-05,Male,Vendor,1
2363,Karan Kota,2005-11-21,Male,Private Employee,1
2364,Ira Som,1967-07-24,Female,Farmer,0
2365,Girindra Dixit,1976-02-27,Male,Shopkeeper,8
2366,Dominic Rattan,1963-02-27,Male,Unemployed,0
2367,Gopal Dhingra,1989-07-22,Male,Driver,0
2368,Irya Chand,1964-01-06,Female,Auto Driver,0
2369,Samar Vohra,1981-05-26,Male,Student,1
2370,Indrajit Nayar,1989-07-17,Male,Shopkeeper,1
2371,Azaan Uppal,1989-08-10,Male,Painter,12
2372,Max Choudhary,1978-11-14,Male,Mechanic,0
2373,Meera Panchal,1988-12-30,Female,Unknown,1
2374,Nathaniel Batta,1972-11-30,Male,Labourer,6
2375,Aadi Ben,2005-06-28,Male,Driver,1
2376,Hitesh Mangal,1992-09-02,Male,Business,1
2377,Chandresh Sankar,1973-02-15,Male,Vendor,4
2378,Yatan Patla,1983-04-18,Male,Electrician,1
2379,Dayita Chatterjee,2006-01-25,Female,Electrician,0
2380,Eiravati Narula,1985-01-30,Female,Unknown,1
2381,Zarna Prabhu,1976-10-04,Female,Mason,0
2382,Henry Rajagopalan,1966-06-26,Male,Cook,1
2383,Dhruv Dara,1963-05-05,Male,Painter,1
2384,Inaya Sehgal,1967-04-05,Female,Unemployed,0
2385,Onveer Mitra,1992-10-25,Male,Auto Driver,0
2386,Faraj Bassi,1969-03-31,Male,Farmer,0
2387,Shaurya Krishnan,1998-09-05,Male,Driver,1
2388,Qadim Sen,2003-05-30,Male,Vendor,1
2389,Tejas Bir,1993-05-27,Male,Student,1
2390,Zayan Bains,1971-11-28,Male,Mechanic,0
2391,Dhruv Mann,1963-08-22,Male,Security Guard,1
2392,Girish Rao,1994-03-26,Male,Electrician,4
2393,Gayathri Sarma,1995-03-16,Female,Shopkeeper,1
2394,Robert Rattan,2001-11-13,Male,Mason,7
2395,Harshil Gour,1960-10-16,Male,Security Guard,0
2396,Janani Andra,1995-06-11,Female,Painter,0
2397,Zayan Vohra,1978-02-28,Male,Driver,0
2398,Imaran Minhas,1978-10-26,Male,Electrician,0
2399,Frederick Kapur,1963-08-26,Male,Daily Wage Worker,0
2400,Madhav Baral,2004-01-27,Male,Painter,1
2401,Liam Deol,1978-12-13,Male,Vendor,1
2402,Jeet Kade,1996-12-04,Male,Student,1
2403,Aadi Palan,2003-08-08,Male,Unknown,0
2404,Nicholas Chacko,1997-12-04,Male,Mechanic,12
2405,Ekalinga Rege,2002-02-27,Male,Shopkeeper,1
2406,Nicholas Bhandari,2003-02-22,Male,Electrician,1
2407,Rachana Kanda,1979-07-31,Female,Farmer,1
2408,Kabir Babu,1997-02-11,Male,Labourer,0
2409,Rayaan Kurian,2003-03-01,Male,Unknown,5
2410,Timothy Kannan,1982-08-12,Male,Mechanic,0
2411,Harsh Rana,1971-02-20,Male,Mechanic,0
2412,Kala Saraf,1985-08-19,Female,Unknown,1
2413,Wakeeta Chander,1994-04-19,Female,Labourer,1
2414,Victor Goyal,1972-07-13,Male,Farmer,1
2415,Yatan Gole,2004-08-12,Male,Vendor,1
2416,Advaith Mukherjee,1971-08-20,Male,Private Employee,4
2417,Ronith Guha,1965-04-10,Male,Vendor,0
2418,Balendra Sandhu,1977-03-27,Male,Mason,1
2419,Saksham Chaudhry,1996-05-24,Male,Farmer,0
2420,Abeer Chaudhry,1986-04-06,Male,Labourer,1
2421,Advaith Choudhary,1961-06-20,Male,Tailor,9
2422,Dominic Kothari,1966-03-27,Male,Unemployed,1
2423,Ekbal Arya,1961-03-09,Male,Electrician,0
2424,Omkaar Chada,1974-04-25,Male,Security Guard,1
2425,Wakeeta Sawhney,1971-08-25,Female,Electrician,1
2426,Noah Srinivas,1971-01-23,Male,Vendor,1
2427,Ayaan Loke,2003-04-01,Male,Daily Wage Worker,1
2428,Advaith Basu,1967-07-18,Male,Labourer,1
2429,Charan Vaidya,1988-10-21,Male,Labourer,1
2430,Aachal Kapur,1962-03-07,Female,Cook,1
2431,Tanay Rajan,1970-07-30,Male,Unknown,0
2432,Luke Kara,2007-02-14,Male,Mason,1
2433,Dayita Swamy,1972-02-01,Female,Unknown,1
2434,Jasmit Chaudry,1979-09-22,Female,Student,1
2435,Balvan Nath,1968-08-07,Male,Painter,0
2436,Brijesh Bassi,2001-09-07,Male,Unknown,1
2437,Hemal Sangha,1996-08-24,Female,Student,0
2438,Gautam Sandal,1970-10-08,Male,Labourer,0
2439,Luke Pall,1967-08-15,Male,Tailor,0
2440,Zaid Pillay,1978-08-10,Male,Labourer,0
2441,Aarnav Dixit,2005-03-06,Other,Vendor,0
2442,Nathaniel Divan,1987-02-16,Male,Tailor,1
2443,William Bhavsar,1968-03-31,Male,Unemployed,0
2444,Liam Dhillon,1966-09-14,Male,Unknown,0
2445,Devansh Gopal,1986-09-30,Male,Farmer,6
2446,Nathaniel Talwar,1989-05-22,Male,Student,9
2447,Triveni Nath,1969-12-14,Female,Mechanic,1
2448,Rehaan Sahota,1997-12-05,Male,Painter,12
2449,Yatin Walia,1997-01-13,Male,Painter,1
2450,Rehaan Chacko,2000-01-30,Male,Electrician,0
2451,Imaran Chahal,1976-07-20,Male,Student,0
2452,Aarav Jani,1961-09-18,Male,Private Employee,1
2453,Urvi Deol,1968-01-16,Other,Tailor,10
2454,Owen Patel,1970-01-11,Male,Farmer,0
2455,Victor Dhawan,1998-01-28,Male,Cook,0
2456,Jairaj Kade,1975-10-31,Male,Vendor,5
2457,Ekapad Dalal,2007-11-23,Male,Shopkeeper,0
2458,Ranbir Bal,2007-12-02,Male,Security Guard,0
2459,Quincy Bhagat,2008-04-11,Male,Tailor,1
2460,Balhaar Sood,2000-12-18,Male,Security Guard,1
2461,Amruta Din,1985-05-27,Female,Daily Wage Worker,1
2462,Chaaya Konda,1965-10-16,Female,Farmer,1
2463,Sathvik Doctor,1972-12-17,Male,Mechanic,1
2464,Ekaraj Wable,2008-01-31,Male,Electrician,1
2465,Vrinda Sabharwal,1983-07-03,Female,Farmer,1
2466,Abeer Mangat,1968-02-13,Male,Vendor,0
2467,Ayushman Balay,2001-08-29,Male,Unemployed,1
2468,Zayan Dyal,1961-04-15,Male,Business,1
2469,Siddharth Sha,1998-04-04,Male,Farmer,1
2470,Zashil Mohan,1976-01-06,Male,Student,0
2471,Farhan Magar,1966-10-21,Male,Vendor,1
2472,Dev Kakar,1987-10-18,Male,Private Employee,1
2473,Imaran Ramanathan,1973-01-17,Male,Unknown,0
2474,Vivaan Sood,1981-11-10,Male,Mason,0
2475,Ranveer Gala,1964-04-07,Male,Farmer,0
2476,Simon Hayer,1978-11-30,Male,Painter,1
2477,Charles Brahmbhatt,1985-03-24,Male,Private Employee,0
2478,Amrita Khatri,1979-10-02,Female,Security Guard,6
2479,Chatresh Bhattacharyya,1974-12-20,Male,Farmer,1
2480,Mohammed Guha,1998-02-02,Male,Auto Driver,1
2481,Amol Khosla,1978-11-12,Male,Unknown,1
2482,Anthony Sule,1963-08-28,Male,Mason,10
2483,Nisha Chander,1981-07-19,Female,Unemployed,0
2484,Pranav Mandal,1987-08-22,Male,Farmer,1
2485,Nakul Raman,1984-10-05,Male,Daily Wage Worker,1
2486,Chanakya Narula,1988-04-06,Male,Tailor,1
2487,Zayan Doctor,1962-02-27,Male,Mason,1
2488,William Barad,1980-04-15,Male,Farmer,0
2489,Faqid Sheth,1965-11-27,Male,Unemployed,0
2490,Jack Kale,2006-12-02,Male,Private Employee,1
2491,Faris Thaker,1995-09-06,Male,Driver,1
2492,Vanya Deep,1983-08-14,Female,Tailor,0
2493,Pranit Sankar,1963-04-09,Male,Unemployed,6
2494,Jagdish Joshi,2002-01-31,Male,Private Employee,1
2495,Faraj Tank,1967-03-06,Male,Student,1
2496,Ekbal More,1997-10-12,Male,Private Employee,1
2497,Zaid Chandra,1991-07-01,Male,Farmer,0
2498,Frado Merchant,1971-07-15,Male,Security Guard,1
2499,Logan Patla,1984-08-05,Male,Security Guard,1
2500,Balendra Gola,1991-11-25,Male,Driver,0
2501,Warjas Kunda,1990-08-18,Male,Mechanic,0
2502,Diya Sura,1963-03-30,Female,Unemployed,0
2503,Luke Rattan,1988-05-19,Male,Mason,0
2504,Thomas Peri,1995-06-03,Male,Unknown,1
2505,Rachit Chacko,2006-12-21,Male,Business,0
2506,Yashica Sengupta,1978-06-07,Female,Farmer,0
2507,Barkha Konda,2008-03-01,Female,Mason,0
2508,Faras Cheema,1980-04-29,Male,Mechanic,8
2509,Fariq Rastogi,1965-07-06,Male,Business,0
2510,Rishi Shere,2006-01-30,Male,Farmer,0
2511,Owen Shukla,1992-06-05,Male,Electrician,0
2512,Chatura Chada,1972-10-24,Male,Cook,1
2513,Rushil Sant,1974-02-13,Male,Tailor,8
2514,Nitesh Bhattacharyya,1982-02-20,Male,Mason,1
2515,Xavier Kala,2008-05-03,Male,Daily Wage Worker,0
2516,Dakshesh Mallick,1991-06-25,Male,Painter,0
2517,Faras Singhal,1970-06-13,Male,Daily Wage Worker,1
2518,Nathaniel Balay,2001-06-13,Male,Farmer,0
2519,Bhavani Pathak,1989-10-25,Female,Auto Driver,2
2520,Hredhaan Bhagat,1974-12-09,Male,Auto Driver,3
2521,Siddharth Madan,1977-09-13,Male,Mason,0
2522,Benjamin Dhar,1965-04-05,Male,Daily Wage Worker,0
2523,Samaksh Bumb,1980-11-06,Male,Vendor,1
2524,Shaurya Vohra,1975-02-12,Male,Farmer,1
2525,George Bhagat,1966-11-02,Male,Auto Driver,0
2526,Onveer Mishra,1971-09-29,Male,Private Employee,0
2527,Priya Saini,1993-04-27,Female,Security Guard,0
2528,Faris Sarkar,1984-09-06,Male,Daily Wage Worker,0
2529,Abdul Issac,1965-11-03,Male,Labourer,1
2530,Neel Nadig,1961-07-06,Male,Security Guard,1
2531,Veer Divan,1994-07-14,Male,Labourer,1
2532,Deepa Ray,1978-06-06,Female,Cook,0
2533,Umang Dass,2003-09-17,Male,Farmer,1
2534,Chanakya Bansal,1975-06-04,Male,Vendor,1
2535,Shivansh Ganesan,2001-06-10,Male,Daily Wage Worker,0
2536,Janaki Pall,1974-10-27,Female,Business,1
2537,Abhimanyu Prabhakar,1985-04-21,Male,Cook,0
2538,Matthew Mohanty,1994-09-18,Male,Painter,0
2539,Zaid Shah,1988-09-21,Male,Labourer,1
2540,Patrick Pandey,1997-06-18,Male,Driver,1
2541,Oliver Comar,1972-07-05,Male,Daily Wage Worker,1
2542,Priya Prakash,1972-08-01,Other,Cook,1
2543,Urmi Raj,1979-12-11,Female,Mason,1
2544,Lucky Chaudhary,1966-07-05,Male,Unemployed,1
2545,Chanchal Babu,2002-06-26,Female,Farmer,1
2546,Charles Taneja,2002-12-31,Male,Vendor,0
2547,Tristan Thakur,2000-02-06,Male,Shopkeeper,0
2548,Maanav Salvi,1974-12-19,Male,Business,0
2549,Utkarsh Raj,1968-05-03,Male,Business,6
2550,Wahab Dash,1984-05-28,Male,Unemployed,0
2551,Samuel Randhawa,1961-01-24,Male,Business,7
2552,Isaac Tripathi,1979-11-06,Male,Labourer,4
2553,Kevin Mohanty,1988-10-07,Male,Business,0
2554,Aahana Sachdeva,1962-10-09,Female,Daily Wage Worker,5
2555,Agastya Dube,1986-01-09,Male,Driver,0
2556,Oliver Garde,1999-06-26,Male,Vendor,1
2557,Jai Raman,1973-08-28,Male,Farmer,1
2558,Atharv Sanghvi,1969-04-26,Male,Student,1
2559,Harini Rau,1982-03-13,Female,Shopkeeper,0
2560,Tejas Kashyap,1967-04-29,Male,Painter,1
2561,Zayyan Dani,2003-07-08,Male,Business,1
2562,Kalpit Dutt,1982-06-27,Male,Mason,1
2563,Chakradhar Chander,1962-04-17,Male,Cook,1
2564,Abdul Dua,1962-06-10,Male,Vendor,1
2565,Rayaan Bakshi,1969-06-06,Male,Painter,0
2566,Rachita Grover,1976-11-10,Female,Painter,4
2567,Manthan Hari,1996-12-24,Male,Business,1
2568,Ranbir Lad,2005-05-29,Male,Tailor,1
2569,Laksh Butala,1970-05-01,Male,Mason,12
2570,Charan Choudhry,1991-10-16,Male,Cook,0
2571,Chatresh Dhar,1979-10-08,Male,Daily Wage Worker,0
2572,Gautam Chander,1965-10-24,Male,Farmer,1
2573,Pratyush Johal,1987-02-21,Male,Unemployed,11
2574,Yatan Bains,1988-09-13,Male,Unemployed,0
2575,Yagnesh Bose,1974-11-09,Male,Security Guard,12
2576,Raghav Murthy,2003-08-30,Male,Shopkeeper,1
2577,Faris Gole,1980-11-16,Male,Labourer,0
2578,Gaurav Balay,1968-07-10,Male,Labourer,0
2579,Oscar Sule,2002-05-01,Male,Auto Driver,1
2580,Fariq Vig,1977-11-12,Male,Cook,0
2581,Inaya Balan,1997-01-07,Female,Business,0
2582,Yochana Vala,1970-11-30,Female,Tailor,1
2583,Rajata Contractor,1975-04-24,Female,Farmer,0
2584,Nihal Devi,1975-07-03,Male,Auto Driver,0
2585,Dev Loyal,1979-03-04,Male,Business,0
2586,Irya Chanda,1984-04-07,Female,Security Guard,1
2587,Vivaan Tandon,1990-03-22,Male,Farmer,1
2588,Gopal Krishna,1972-04-25,Male,Business,1
2589,Logan Ramaswamy,1967-07-20,Male,Business,12
2590,Gayathri Jha,1993-09-29,Female,Electrician,7
2591,Vansha Sampath,2001-02-15,Female,Electrician,1
2592,Nathaniel Chokshi,2001-11-15,Male,Student,0
2593,Tanish Iyengar,1999-02-21,Male,Cook,0
2594,Rachit Bhatt,1991-02-16,Male,Shopkeeper,1
2595,Anay Vaidya,1977-10-07,Male,Shopkeeper,1
2596,Nandini Wali,1984-07-08,Female,Driver,1
2597,Alexander Contractor,1972-10-15,Male,Security Guard,0
2598,Tanish Grewal,1984-11-21,Male,Cook,1
2599,Balhaar Kale,2005-04-02,Male,Private Employee,1
2600,Quincy Dhillon,1981-12-11,Male,Mason,2
2601,Aarna Nagar,2007-05-21,Female,Student,0
2602,Nitesh Kala,1992-03-19,Male,Security Guard,0
2603,Viraj Bhatti,1986-10-14,Other,Auto Driver,4
2604,Hitesh Vyas,1975-05-07,Male,Mason,1
2605,Maya Borde,1999-08-09,Female,Unemployed,0
2606,Teerth Nadkarni,1982-05-01,Male,Driver,1
2607,Guneet Bawa,1994-02-27,Male,Labourer,1
2608,Arin Maharaj,1989-03-18,Male,Electrician,0
2609,David Sethi,1972-03-11,Male,Security Guard,1
2610,Rehaan Khalsa,1999-10-09,Male,Student,0
2611,Lucky Badami,2004-05-07,Male,Labourer,0
2612,Vihaan Mane,1969-06-19,Male,Shopkeeper,1
2613,Andrew Walla,1996-06-11,Male,Unknown,0
2614,Om Babu,1965-04-10,Male,Cook,0
2615,Champak Sagar,1981-01-11,Male,Security Guard,1
2616,Nathan Pal,1987-10-16,Male,Tailor,0
2617,Naksh Tak,2002-03-20,Male,Mason,0
2618,Ronith Misra,2007-12-10,Male,Cook,0
2619,Yatin Dara,1985-12-28,Male,Unemployed,1
2620,Akshay Kapur,1963-10-20,Male,Business,1
2621,Ekaraj Cheema,1982-07-08,Male,Vendor,4
2622,Jeevika Garde,1966-07-15,Female,Driver,0
2623,Raksha Yogi,1960-11-18,Female,Cook,0
2624,Kai Bassi,1968-02-02,Male,Farmer,1
2625,Max Borde,1978-06-29,Male,Unemployed,1
2626,Ranveer Madan,2008-02-03,Male,Unemployed,10
2627,Ekantika Sharma,1968-09-15,Female,Private Employee,0
2628,Nathaniel Divan,2000-04-18,Male,Driver,0
2629,Udant Das,1996-01-20,Male,Driver,0
2630,Waida Suri,1979-08-21,Female,Security Guard,1
2631,Wyatt Kara,1966-10-17,Male,Farmer,10
2632,Manbir Butala,1984-07-27,Male,Vendor,1
2633,Harshil Brahmbhatt,1965-08-29,Male,Auto Driver,2
2634,Ayushman Kala,1961-06-10,Male,Mechanic,1
2635,Vivaan Rajan,1973-05-02,Male,Labourer,0
2636,Charles Oak,1974-09-30,Male,Mason,1
2637,Nachiket Setty,2005-02-20,Male,Tailor,9
2638,Zayyan Cherian,1969-05-25,Male,Vendor,1
2639,Qabil Rajan,1991-05-03,Male,Unemployed,0
2640,Ryan Guha,1965-03-21,Male,Auto Driver,0
2641,Pallavi Gala,2007-04-01,Other,Labourer,0
2642,Dalaja Din,1991-12-01,Female,Driver,9
2643,Christopher Khosla,1961-09-04,Male,Unemployed,0
2644,Rachit Loke,1962-06-29,Other,Shopkeeper,1
2645,Upkaar Pandey,1978-08-14,Male,Driver,10
2646,Brijesh Pandya,1989-11-28,Male,Vendor,0
2647,Faqid Ranganathan,1994-09-21,Male,Business,1
2648,Yashoda Nath,1964-03-01,Female,Auto Driver,1
2649,Laban Pingle,1967-03-16,Male,Tailor,0
2650,Rayaan Sami,1973-09-29,Male,Painter,1
2651,Girindra Rau,1972-07-26,Male,Mechanic,0
2652,Yatin Venkataraman,1990-01-19,Male,Tailor,1
2653,Aryan Kothari,1968-02-08,Male,Shopkeeper,5
2654,Dakshesh Bera,1962-12-23,Male,Electrician,0
2655,Jagdish Bhatti,1996-10-04,Male,Unemployed,1
2656,Lakshit Kara,2002-10-02,Male,Driver,11
2657,Rohan Ramaswamy,1967-06-10,Male,Labourer,1
2658,Krish Tandon,1974-07-18,Male,Auto Driver,0
2659,Harsh Palan,2003-11-21,Male,Tailor,6
2660,Maanas Aggarwal,1966-12-17,Male,Vendor,1
2661,Yashasvi Sood,1981-04-28,Female,Daily Wage Worker,0
2662,Frederick Murty,2006-12-02,Male,Private Employee,1
2663,Geetika Grover,1983-02-24,Female,Unemployed,1
2664,Ekta Arya,2005-11-14,Female,Business,1
2665,Tanish Natt,1961-12-18,Male,Unknown,1
2666,Kevin Bose,1972-03-01,Male,Mason,0
2667,Patrick Som,2000-03-25,Male,Labourer,1
2668,Yash Kota,1992-09-14,Male,Auto Driver,1
2669,Arin Badal,1999-02-24,Male,Mason,6
2670,Ishaan Vohra,1994-10-14,Male,Daily Wage Worker,0
2671,Ethan Chandra,1967-05-09,Male,Unknown,1
2672,Oviya Sethi,1993-12-08,Female,Electrician,1
2673,Kabir Sur,1977-10-19,Male,Unemployed,1
2674,Veer Arya,1984-07-17,Male,Tailor,0
2675,Ojas Vasa,2005-09-23,Male,Driver,1
2676,Dayita Madan,2007-03-20,Female,Electrician,1
2677,Ethan Roy,1975-07-15,Male,Security Guard,12
2678,Pranav Tank,1962-08-26,Male,Unemployed,0
2679,Tanveer Parsa,1974-08-02,Male,Cook,1
2680,Gunbir Purohit,2004-01-05,Male,Auto Driver,6
2681,Mahika Sengupta,1996-05-27,Female,Labourer,1
2682,Kevin Palla,1983-01-31,Male,Unemployed,1
2683,Sathvik Majumdar,1981-08-06,Male,Cook,0
2684,Ansh Venkatesh,2008-04-22,Male,Private Employee,1
2685,Darsh Sant,1991-07-06,Male,Painter,0
2686,Maanas Choudhary,1961-02-11,Male,Vendor,1
2687,Falak Shukla,2006-11-19,Female,Vendor,1
2688,Maanav Gaba,1981-03-18,Male,Student,1
2689,Mitali Bhattacharyya,1980-08-08,Female,Unknown,11
2690,Utkarsh Baria,1975-05-03,Male,Private Employee,1
2691,Diya Bera,1993-10-12,Female,Mason,0
2692,Aarnav Sani,1984-07-08,Male,Shopkeeper,0
2693,Arya Krishnamurthy,1969-12-02,Female,Auto Driver,1
2694,Lucky Thakkar,2005-10-27,Male,Farmer,0
2695,Caleb Madan,1970-04-03,Male,Cook,1
2696,Tarak Buch,1980-05-02,Male,Unknown,0
2697,Amol Solanki,1984-09-05,Male,Vendor,1
2698,Reyansh Sami,1987-09-16,Male,Farmer,1
2699,Kalpit Mittal,2001-03-05,Male,Painter,1
2700,Gabriel Sarin,2006-09-30,Male,Driver,1
2701,Ekaraj Iyengar,1977-07-24,Male,Electrician,0
2702,Sathvik Iyengar,1981-01-12,Male,Shopkeeper,0
2703,Brijesh Mishra,1999-02-09,Male,Painter,0
2704,Gavin Prashad,1990-04-12,Male,Business,0
2705,Ekapad Vyas,1990-08-14,Male,Painter,0
2706,Zayan Parmar,1992-06-02,Male,Mechanic,1
2707,Tanay Shukla,1989-02-28,Male,Farmer,1
2708,Vihaan Bala,1998-07-31,Male,Shopkeeper,1
2709,Shivansh Chakrabarti,1970-02-11,Male,Student,0
2710,Jairaj Vala,1985-12-08,Male,Cook,1
2711,Manan Bera,1987-04-08,Male,Mason,0
2712,Saksham Ahuja,1992-01-16,Male,Farmer,1
2713,Avi Chad,1964-04-08,Male,Farmer,0
2714,Chatresh Nath,2000-12-28,Male,Vendor,1
2715,Maanav Subramaniam,2007-07-17,Male,Painter,1
2716,Azaan Dara,2000-04-30,Male,Student,0
2717,Harsh Varty,1970-05-10,Male,Labourer,1
2718,Ekansh Kapoor,2006-07-12,Male,Electrician,1
2719,Matthew Mukhopadhyay,1960-12-26,Male,Unknown,0
2720,Harish Contractor,1965-02-11,Male,Security Guard,1
2721,Faraj Dara,1995-12-03,Male,Mason,0
2722,Krishna Jayaraman,1967-08-07,Female,Unemployed,0
2723,Advik Tiwari,1990-10-01,Male,Daily Wage Worker,1
2724,Ayaan Dara,1980-12-15,Male,Business,1
2725,Wyatt Gour,1976-07-14,Male,Electrician,0
2726,Theodore Dasgupta,1989-12-20,Male,Daily Wage Worker,0
2727,Alka Goyal,1970-03-10,Female,Daily Wage Worker,5
2728,Frederick Vaidya,2008-02-27,Male,Cook,0
2729,Wazir Srinivasan,1980-04-13,Male,Unemployed,0
2730,Chandresh Tailor,1985-07-18,Male,Labourer,1
2731,Shivani Raju,2008-01-09,Female,Unknown,1
2732,Vincent Saha,1989-06-16,Male,Electrician,0
2733,Akshay Mander,1991-08-26,Male,Farmer,1
2734,Robert Apte,2000-01-20,Male,Driver,1
2735,Anay Saxena,1963-06-13,Male,Farmer,0
2736,Ekaraj Sidhu,1991-09-27,Male,Auto Driver,1
2737,Aayush Dutt,1984-11-21,Male,Private Employee,0
2738,Owen Vohra,1987-02-17,Male,Private Employee,0
2739,Gagan Doshi,1984-06-28,Male,Cook,0
2740,Veda Dey,1979-06-28,Female,Labourer,1
2741,Shravya Bir,2004-06-12,Female,Auto Driver,1
2742,Raghav Sodhi,2001-10-10,Male,Security Guard,1
2743,Zehaan Vora,1978-03-10,Male,Mechanic,0
2744,Ojasvi Pall,2000-04-27,Female,Mechanic,3
2745,Bahadurjit Bath,1962-07-22,Male,Mechanic,0
2746,Jack Char,2005-10-26,Male,Daily Wage Worker,0
2747,Zaid Soni,1982-07-28,Male,Security Guard,0
2748,Kashish Cheema,1972-05-21,Female,Auto Driver,1
2749,Shivansh Bhatt,1964-10-05,Male,Mason,1
2750,Dakshesh Barad,1965-07-04,Male,Auto Driver,6
2751,Rachit Balan,1972-05-23,Male,Electrician,1
2752,Chatura Sengupta,1986-03-31,Male,Electrician,0
2753,Harish Hayre,1977-09-23,Male,Mason,1
2754,Urvashi Mangal,1975-11-22,Female,Security Guard,0
2755,Faris Saraf,1996-07-06,Male,Daily Wage Worker,1
2756,Caleb Bajwa,2003-05-11,Male,Private Employee,1
2757,Harsh Bandi,1970-02-10,Male,Electrician,1
2758,Radha Reddy,1999-03-22,Female,Daily Wage Worker,0
2759,Onkar Goyal,2006-12-25,Male,Unemployed,1
2760,Girish Johal,1999-05-12,Male,Student,0
2761,Yamini Pandey,1984-10-21,Female,Private Employee,10
2762,Bahadurjit Sarna,1989-08-21,Male,Labourer,0
2763,Balendra Brar,1969-03-15,Male,Private Employee,0
2764,Chandresh Dalal,1994-06-26,Male,Cook,0
2765,Charan Zachariah,1983-01-25,Other,Tailor,0
2766,Isaac Mann,1977-08-27,Male,Student,1
2767,Praneel Bir,1971-04-16,Male,Tailor,0
2768,Baljiwan Warrior,1999-09-13,Male,Labourer,0
2769,Zashil Muni,1987-09-18,Male,Security Guard,6
2770,Christopher Sinha,1978-06-13,Male,Auto Driver,0
2771,Amol Nigam,1989-03-23,Male,Farmer,1
2772,Harish Natt,1964-08-03,Male,Shopkeeper,1
2773,Ishani Narayan,2005-09-08,Female,Driver,8
2774,Jacob Tak,1965-07-05,Male,Tailor,0
2775,Oscar Bobal,1988-11-14,Male,Unknown,0
2776,Wakeeta Dayal,1978-12-15,Female,Business,1
2777,Charles Banik,1994-05-04,Male,Labourer,1
2778,Parth Sankar,1993-01-17,Male,Daily Wage Worker,1
2779,Ishaan Bail,1964-04-24,Male,Painter,8
2780,Guneet Warrior,2001-12-06,Male,Security Guard,0
2781,Aditya Subramaniam,1964-02-04,Male,Security Guard,1
2782,Ranbir Dass,1989-10-15,Male,Farmer,0
2783,Ekapad D’Alia,1990-05-08,Male,Auto Driver,1
2784,Qarin Pandey,1973-09-22,Male,Business,0
2785,Tejas Bhardwaj,1976-10-02,Male,Student,1
2786,Chakradhar Anne,1976-01-02,Male,Driver,11
2787,Aradhana Aurora,1977-07-21,Female,Cook,0
2788,Balvan Bhandari,1969-03-03,Male,Security Guard,1
2789,Gautam Mandal,1963-07-10,Male,Shopkeeper,11
2790,Parth Konda,1980-06-11,Male,Labourer,0
2791,Rushil Srinivas,2005-04-18,Male,Security Guard,1
2792,Brinda Bose,1977-07-28,Female,Auto Driver,1
2793,Yug Parikh,1975-07-16,Male,Driver,1
2794,Matthew Peri,1998-01-26,Male,Mason,2
2795,Jason Vyas,1978-10-02,Male,Farmer,1
2796,Yashasvi Chawla,1964-03-22,Female,Farmer,8
2797,Samesh Sunder,1979-08-03,Male,Cook,1
2798,Harsh Devan,1996-01-01,Male,Business,6
2799,Michael Kade,1968-11-24,Male,Daily Wage Worker,1
2800,Ekavir Banik,1976-07-18,Male,Student,10
2801,Utkarsh Comar,1961-12-30,Male,Vendor,1
2802,Anay Madan,1979-06-18,Male,Mechanic,0
2803,Mason Chad,1964-08-11,Male,Security Guard,8
2804,Rehaan Tandon,1961-10-30,Male,Security Guard,2
2805,Rehaan Sawhney,1963-07-27,Male,Mechanic,0
2806,Harshil Raghavan,1973-02-04,Male,Private Employee,11
2807,Atharv Mody,1962-09-05,Male,Student,12
2808,Agastya Nayar,1978-05-31,Male,Auto Driver,0
2809,Amrita Om,2002-11-04,Female,Daily Wage Worker,1
2810,Tanay Bhandari,1967-12-24,Male,Business,1
2811,Mitali Warrior,1992-02-02,Female,Tailor,0
2812,Kalpit Gaba,1986-06-30,Male,Shopkeeper,5
2813,Jagat Deo,1961-07-31,Male,Daily Wage Worker,0
2814,Laksh Chada,1977-07-22,Male,Unknown,1
2815,Om Rana,1963-03-05,Male,Unknown,1
2816,Pratyush Luthra,2005-05-29,Male,Labourer,0
2817,Abeer Dash,1981-06-06,Male,Shopkeeper,9
2818,Libni Gola,1990-09-30,Female,Private Employee,2
2819,Abhiram Sarraf,1961-02-24,Male,Electrician,1
2820,Andrew Parmer,1993-03-23,Male,Cook,0
2821,Samarth Bhardwaj,1999-12-27,Male,Mason,1
2822,Lakshit Murthy,1964-11-26,Male,Cook,0
2823,Hemangini Kuruvilla,1979-05-04,Female,Mechanic,1
2824,Yug Datta,1976-01-09,Male,Painter,1
2825,Ethan Bawa,1976-05-19,Male,Daily Wage Worker,1
2826,Anirudh Gour,2007-02-14,Male,Student,7
2827,Nitara Barman,1998-03-17,Female,Vendor,0
2828,Azaan Lad,1978-01-24,Male,Mechanic,0
2829,Qushi Zachariah,1963-08-04,Female,Labourer,1
2830,Parth Chopra,1965-10-26,Male,Labourer,1
2831,Daksh Vaidya,1965-10-26,Male,Vendor,0
2832,Harsh Nanda,1999-05-12,Male,Unemployed,1
2833,Sarthak Bora,2004-03-24,Male,Daily Wage Worker,0
2834,Megha Dhar,1962-03-24,Female,Labourer,1
2835,Jagvi Nayak,1988-04-27,Other,Electrician,1
2836,Wahab Menon,2002-11-13,Male,Tailor,0
2837,Faris Pillay,1963-08-01,Male,Shopkeeper,0
2838,Falguni Bal,1967-10-11,Female,Shopkeeper,3
2839,Naksh Vaidya,1995-02-16,Male,Unemployed,1
2840,Tanveer Radhakrishnan,2000-03-13,Other,Mechanic,0
2841,Falan Raj,2004-09-22,Male,Private Employee,0
2842,Brinda Kapur,1999-01-09,Female,Unknown,1
2843,Darsh Wable,1964-01-18,Male,Mason,0
2844,Thomas Nadig,1978-11-12,Male,Cook,6
2845,Manan Kohli,1982-11-30,Male,Electrician,11
2846,Pratyush Kashyap,1991-07-26,Male,Cook,0
2847,Dalbir Khosla,1990-10-30,Male,Tailor,1
2848,Pratyush Buch,1984-07-01,Male,Driver,1
2849,Pratyush Sule,2001-09-24,Male,Driver,0
2850,Udarsh Sahota,1976-03-07,Male,Unknown,0
2851,Jason Reddy,2006-06-02,Male,Labourer,1
2852,Kalpit Mangat,1983-10-16,Male,Auto Driver,0
2853,Daniel Bumb,1988-05-06,Male,Shopkeeper,1
2854,Zayyan Divan,1999-09-29,Male,Student,1
2855,Hardik Gole,1991-06-12,Male,Mechanic,0
2856,Fiyaz Dara,1989-01-12,Male,Business,1
2857,Wahab Chaudhuri,1969-02-23,Male,Security Guard,1
2858,Tanveer Bajwa,2007-07-04,Male,Cook,0
2859,Balhaar Deo,1995-08-02,Male,Unknown,0
2860,Pahal Pandya,1969-03-21,Other,Painter,1
2861,Jai Memon,1968-08-24,Male,Cook,1
2862,Om Chokshi,1963-08-17,Male,Mechanic,1
2863,Peter Sen,1988-05-15,Male,Farmer,0
2864,Tejas Mann,1993-01-05,Male,Electrician,1
2865,Gavin Upadhyay,1966-04-01,Male,Unknown,1
2866,Aarush Pingle,2006-05-29,Male,Vendor,0
2867,Ranveer Nagi,1990-05-24,Male,Security Guard,0
2868,Logan Chatterjee,1976-05-08,Male,Vendor,1
2869,Yatin Om,1963-11-01,Male,Labourer,1
2870,Luke Naidu,1986-09-07,Male,Painter,1
2871,Hemal Dhar,1963-05-27,Female,Daily Wage Worker,1
2872,Tanveer Venkataraman,1979-06-26,Male,Mason,0
2873,Chandran Palan,1979-12-05,Male,Cook,8
2874,Daniel Mani,1979-03-08,Male,Unknown,0
2875,Theodore Kapur,1972-01-26,Male,Student,0
2876,Leela Cherian,1976-04-24,Female,Unknown,0
2877,Ekavir Char,1974-08-16,Male,Unemployed,1
2878,Akshay Baral,1997-04-13,Male,Shopkeeper,1
2879,Aarush Suresh,1962-04-20,Male,Electrician,4
2880,Harsh Manda,1999-06-01,Male,Student,0
2881,Tristan Verma,1969-02-18,Male,Mechanic,0
2882,Manbir Choudhary,1968-09-16,Male,Tailor,1
2883,Tarak Tak,1978-06-13,Male,Student,1
2884,Ekapad Mallick,2006-01-20,Male,Mason,1
2885,Peter Brar,1975-09-07,Male,Electrician,0
2886,Nihal Dugar,1995-01-20,Male,Private Employee,0
2887,Lakshit Setty,2003-06-18,Male,Private Employee,1
2888,Nakul Barad,1990-01-14,Male,Tailor,9
2889,Nathan Gupta,1998-07-13,Male,Unknown,11
2890,Aayush Korpal,1969-11-11,Male,Auto Driver,1
2891,Imaran Hayre,1978-08-07,Male,Labourer,1
2892,Forum Sundaram,1973-04-12,Female,Auto Driver,5
2893,Lohit Deep,1974-01-22,Male,Business,1
2894,Hredhaan Aggarwal,1990-02-07,Male,Student,1
2895,Yatan Joshi,1972-09-01,Male,Security Guard,8
2896,Shaurya Lall,2002-04-15,Male,Mason,0
2897,Jacob Palla,1993-07-01,Male,Driver,0
2898,Mason Kata,1980-06-04,Male,Mason,0
2899,Yash Ramanathan,2001-03-25,Male,Shopkeeper,1
2900,Wridesh Merchant,1967-02-12,Male,Labourer,1
2901,Daksh Mani,1989-02-06,Male,Unemployed,1
2902,Nicholas Kota,2005-08-16,Male,Farmer,1
2903,Dalbir Goda,1992-03-04,Male,Security Guard,1
2904,Dakshesh Palan,2007-12-23,Male,Student,1
2905,Eesha Sule,1993-11-01,Female,Driver,1
2906,Kamya Balakrishnan,1980-05-06,Female,Unknown,1
2907,Zehaan Kale,1988-05-18,Male,Electrician,0
2908,Ojasvi Lal,2006-06-24,Female,Electrician,1
2909,Samesh Raman,1990-08-15,Male,Private Employee,0
2910,Ryan Lad,1964-04-06,Male,Student,1
2911,Xavier Kanda,1983-09-03,Male,Private Employee,0
2912,Mitesh Sem,1988-06-07,Male,Vendor,1
2913,Fiyaz Wason,1974-07-31,Male,Driver,0
2914,Nitesh Dayal,2001-09-18,Male,Security Guard,1
2915,Advaith Raghavan,1966-09-09,Male,Electrician,0
2916,Qushi Bhatnagar,2005-02-11,Female,Cook,0
2917,Henry Pathak,1996-12-26,Male,Vendor,11
2918,Gaurangi Wason,1987-06-18,Female,Farmer,0
2919,Maanav Edwin,1985-12-27,Male,Business,0
2920,Samuel Kale,1998-03-05,Male,Daily Wage Worker,0
2921,Abha Banik,1961-11-28,Female,Painter,0
2922,Zashil Rao,1993-07-18,Male,Business,0
2923,Farhan Mandal,1981-01-22,Male,Unemployed,1
2924,Ishwar Kota,1962-11-05,Male,Painter,0
2925,David Purohit,2005-02-19,Male,Unemployed,0
2926,Dominic Madan,1966-04-29,Male,Daily Wage Worker,5
2927,Balhaar Thaman,2008-06-02,Male,Painter,1
2928,Advaith Aurora,1997-05-29,Male,Private Employee,5
2929,Champak Raman,1973-10-07,Male,Private Employee,1
2930,Neel Sandal,1995-05-31,Male,Electrician,1
2931,Matthew Mahal,1991-10-11,Male,Security Guard,0
2932,Chandresh Lalla,2005-03-11,Male,Private Employee,1
2933,Raghav Manne,1989-10-11,Male,Security Guard,0
2934,Indrajit Ray,1998-09-21,Male,Daily Wage Worker,0
2935,Wyatt Mane,2008-05-18,Male,Tailor,0
2936,Rayaan Badal,1994-05-15,Male,Cook,1
2937,Quincy Chokshi,1991-04-29,Male,Electrician,0
2938,Advik Ranganathan,1976-05-05,Male,Unknown,1
2939,Qasim Sood,1998-11-14,Male,Painter,0
2940,Nachiket Natarajan,1970-05-01,Male,Business,1
2941,Girish Gara,1974-09-05,Other,Mason,0
2942,Jeet Chacko,1970-03-01,Male,Farmer,5
2943,Warjas Virk,1999-02-08,Male,Farmer,0
2944,Bhanumati Tak,1977-09-12,Female,Mason,1
2945,Nachiket Nazareth,1970-10-18,Male,Painter,1
2946,Naveen Ray,1960-12-04,Male,Vendor,1
2947,Henry Suresh,1997-09-03,Male,Tailor,1
2948,Naksh Keer,1982-06-13,Male,Electrician,1
2949,Wyatt Varkey,1998-04-20,Male,Student,0
2950,Charles Sandal,2008-02-18,Male,Private Employee,0
2951,Raghav Datta,1961-06-22,Male,Farmer,1
2952,Yoshita Dara,1971-11-09,Female,Painter,0
2953,Theodore Comar,1963-03-16,Male,Shopkeeper,0
2954,Yug Garde,2003-02-27,Male,Painter,1
2955,Ekaraj Sahota,1987-09-23,Male,Student,1
2956,Manbir Dalal,1990-03-07,Male,Vendor,11
2957,Lopa Virk,1982-06-26,Female,Mason,0
2958,Gayathri Dhaliwal,1980-04-17,Female,Student,0
2959,Quincy Venkataraman,2001-09-07,Male,Mechanic,1
2960,Warinder Shere,1974-11-17,Male,Labourer,1
2961,Ekansh Gala,1996-03-25,Male,Electrician,0
2962,Aashi Nadkarni,1988-11-16,Female,Cook,1
2963,Falguni Singhal,1965-02-09,Female,Student,0
2964,Nachiket Guha,1974-02-08,Male,Unemployed,1
2965,Vasudha Narayanan,1966-12-29,Female,Security Guard,0
2966,Vivaan Dugar,1965-02-02,Male,Daily Wage Worker,0
2967,Isaiah Pai,2003-05-04,Male,Tailor,1
2968,Gopal Maharaj,1979-11-20,Male,Unemployed,1
2969,Niharika Pillai,2003-01-17,Female,Unemployed,1
2970,Joshua Jain,1965-10-26,Male,Farmer,6
2971,Charan Kalita,1979-08-08,Male,Unknown,0
2972,Karan Chaudry,1969-03-03,Male,Vendor,1
2973,Noah Malhotra,2002-06-16,Male,Auto Driver,0
2974,Henry Ganguly,1960-09-23,Male,Private Employee,0
2975,Hritik Chand,2002-05-24,Male,Security Guard,1
2976,Ekbal Gala,1992-11-25,Male,Electrician,1
2977,Neel Brahmbhatt,1964-02-06,Male,Unknown,0
2978,Thomas Sandal,2005-10-15,Male,Shopkeeper,0
2979,Nihal Mittal,1994-08-06,Male,Vendor,1
2980,Jai Ramaswamy,1986-03-23,Male,Student,1
2981,Warjas Pant,1981-10-05,Male,Electrician,0
2982,Balveer Kala,1971-11-07,Male,Shopkeeper,6
2983,Eshana Sarkar,1998-09-08,Female,Daily Wage Worker,0
2984,Wishi Krishna,2007-03-09,Female,Unknown,0
2985,Teerth Pall,1972-08-29,Male,Cook,1
2986,Qadim Shukla,2006-02-21,Male,Student,0
2987,Simon Kala,2002-07-13,Male,Cook,1
2988,Rayaan Prasad,1972-09-23,Male,Security Guard,1
2989,Guneet Sathe,1985-02-10,Male,Mason,3
2990,Aarnav Mukherjee,1982-11-24,Male,Business,0
2991,Qarin Kulkarni,1994-10-05,Male,Farmer,1
2992,Laban Bandi,2004-08-03,Male,Unknown,0
2993,Wakeeta Rao,1963-07-15,Female,Cook,0
2994,Laksh Bhandari,1999-06-26,Male,Unemployed,0
2995,Vrishti Sha,1993-11-29,Female,Cook,10
2996,Vritti Chawla,1963-02-23,Female,Tailor,0
2997,Akshay Dua,1972-08-02,Male,Cook,1
2998,Benjamin Saini,1968-09-03,Male,Student,0
2999,Tristan Bhatia,1981-12-06,Male,Electrician,1
3000,Liam Hari,2005-02-15,Male,Driver,0
