ID,FIR_ID,Accused_ID,Involvement_Type
1,1,1801,Primary
2,1,328,Accomplice
3,2,971,Primary
4,2,1687,Primary
5,3,1495,Primary
6,4,1930,Primary
7,4,495,Accomplice
8,4,746,Primary
9,5,2996,Primary
10,6,1363,Primary
11,6,1495,Primary
12,7,1649,Primary
13,7,1170,Abettor
14,8,633,Primary
15,9,43,Primary
16,9,2583,Primary
17,10,1282,Primary
18,10,1771,Conspirator
19,11,2341,Primary
20,12,2744,Primary
21,13,1977,Primary
22,14,1038,Primary
23,15,2294,Primary
24,16,1771,Primary
25,16,1157,Accomplice
26,17,1447,Primary
27,17,2483,Primary
28,17,1785,Accomplice
29,18,636,Primary
30,18,708,Primary
31,19,2125,Primary
32,20,1715,Primary
33,21,965,Primary
34,22,2789,Primary
35,23,2653,Primary
36,24,1092,Primary
37,25,1696,Primary
38,26,902,Primary
39,27,590,Primary
40,28,2789,Primary
41,29,1602,Primary
42,30,732,Primary
43,30,2211,Primary
44,30,2374,Primary
45,31,2820,Primary
46,32,800,Primary
47,33,1456,Primary
48,34,2761,Primary
49,35,1514,Primary
50,35,1134,Primary
51,35,2032,Primary
52,36,383,Primary
53,36,2612,Abettor
54,37,484,Primary
55,37,461,Primary
56,38,284,Primary
57,38,1209,Primary
58,38,1144,Accomplice
59,39,2807,Primary
60,39,687,Primary
61,39,1854,Accomplice
62,40,2551,Primary
63,41,1758,Primary
64,41,1510,Accomplice
65,41,1120,Conspirator
66,42,1160,Primary
67,43,149,Primary
68,43,453,Primary
69,44,901,Primary
70,45,1301,Primary
71,45,418,Primary
72,46,1092,Primary
73,47,1739,Primary
74,48,498,Primary
75,49,1626,Primary
76,50,2937,Primary
77,50,2218,Primary
78,50,1483,Primary
79,51,1520,Primary
80,51,1841,Accomplice
81,52,1634,Primary
82,52,382,Abettor
83,53,165,Primary
84,53,1802,Accomplice
85,53,708,Abettor
86,54,1537,Primary
87,55,145,Primary
88,55,1870,Primary
89,55,820,Primary
90,56,633,Primary
91,57,1156,Primary
92,57,2589,Accomplice
93,57,1552,Abettor
94,58,2124,Primary
95,59,2411,Primary
96,59,1219,Accomplice
97,60,921,Primary
98,61,2266,Primary
99,62,1451,Primary
100,63,167,Primary
101,64,564,Primary
102,65,2573,Primary
103,65,2817,Primary
104,66,713,Primary
105,67,379,Primary
106,67,714,Primary
107,68,518,Primary
108,68,930,Accomplice
109,69,1991,Primary
110,69,193,Primary
111,69,1156,Accomplice
112,70,2559,Primary
113,71,1366,Primary
114,71,1052,Primary
115,72,2260,Primary
116,73,2984,Primary
117,74,1258,Primary
118,74,2906,Primary
119,75,397,Primary
120,76,2822,Primary
121,76,2786,Abettor
122,76,104,Primary
123,77,1796,Primary
124,77,2394,Accomplice
125,78,532,Primary
126,79,502,Primary
127,80,2798,Primary
128,81,366,Primary
129,82,1858,Primary
130,82,1487,Primary
131,82,1289,Accomplice
132,83,622,Primary
133,84,751,Primary
134,84,2694,Primary
135,85,749,Primary
136,86,1371,Primary
137,86,1765,Accomplice
138,87,1165,Primary
139,87,1996,Accomplice
140,88,1044,Primary
141,88,2479,Primary
142,89,675,Primary
143,89,1021,Abettor
144,90,100,Primary
145,90,375,Primary
146,91,2727,Primary
147,91,923,Accomplice
148,91,2026,Accomplice
149,92,1882,Primary
150,92,7,Primary
151,93,2959,Primary
152,93,857,Primary
153,94,2549,Primary
154,95,302,Primary
155,96,2642,Primary
156,96,1041,Abettor
157,97,1514,Primary
158,97,1728,Primary
159,97,1237,Primary
160,98,2800,Primary
161,99,109,Primary
162,100,806,Primary
163,100,2380,Accomplice
164,101,2655,Primary
165,102,2596,Primary
166,103,2247,Primary
167,104,2892,Primary
168,105,1362,Primary
169,105,2364,Accomplice
170,106,393,Primary
171,106,1147,Accomplice
172,107,2305,Primary
173,108,2471,Primary
174,109,2820,Primary
175,110,1567,Primary
176,111,875,Primary
177,111,1628,Primary
178,111,832,Primary
179,112,1021,Primary
180,113,716,Primary
181,114,1226,Primary
182,114,1557,Primary
183,115,788,Primary
184,115,1992,Abettor
185,115,551,Abettor
186,116,2844,Primary
187,116,244,Accomplice
188,117,1436,Primary
189,117,2828,Primary
190,117,2044,Primary
191,118,443,Primary
192,118,2943,Accomplice
193,118,1708,Primary
194,119,1096,Primary
195,119,1645,Primary
196,120,2174,Primary
197,121,138,Primary
198,121,2825,Primary
199,122,234,Primary
200,123,2725,Primary
201,124,365,Primary
202,124,620,Primary
203,124,1490,Primary
204,125,2374,Primary
205,126,613,Primary
206,127,89,Primary
207,128,2227,Primary
208,128,2112,Primary
209,129,1135,Primary
210,130,874,Primary
211,131,2490,Primary
212,132,590,Primary
213,133,929,Primary
214,134,1350,Primary
215,134,1717,Primary
216,135,2838,Primary
217,136,2773,Primary
218,137,2521,Primary
219,137,2651,Accomplice
220,138,2403,Primary
221,139,2520,Primary
222,140,263,Primary
223,140,2331,Conspirator
224,141,757,Primary
225,142,1976,Primary
226,143,2484,Primary
227,143,1093,Conspirator
228,144,1306,Primary
229,145,2006,Primary
230,145,2804,Primary
231,146,1342,Primary
232,147,1321,Primary
233,148,753,Primary
234,149,2068,Primary
235,150,2074,Primary
236,150,2188,Primary
237,151,2592,Primary
238,151,2183,Accomplice
239,151,1456,Primary
240,152,2541,Primary
241,153,1596,Primary
242,153,1831,Primary
243,153,2215,Primary
244,154,597,Primary
245,155,1768,Primary
246,156,132,Primary
247,157,2140,Primary
248,157,2157,Primary
249,158,2669,Primary
250,159,359,Primary
251,160,688,Primary
252,160,2187,Primary
253,161,527,Primary
254,161,2006,Conspirator
255,162,916,Primary
256,162,1888,Accomplice
257,163,2239,Primary
258,163,2373,Primary
259,163,1025,Accomplice
260,164,1378,Primary
261,165,977,Primary
262,165,2845,Primary
263,166,1696,Primary
264,166,2320,Primary
265,167,1368,Primary
266,168,612,Primary
267,168,1967,Conspirator
268,169,1076,Primary
269,169,212,Primary
270,170,2143,Primary
271,170,970,Primary
272,171,698,Primary
273,171,2490,Primary
274,171,2277,Primary
275,172,1877,Primary
276,173,685,Primary
277,173,1873,Primary
278,173,569,Abettor
279,174,1912,Primary
280,175,2976,Primary
281,175,2630,Primary
282,175,2959,Primary
283,176,1747,Primary
284,177,2313,Primary
285,178,1730,Primary
286,179,352,Primary
287,180,2730,Primary
288,181,2844,Primary
289,182,159,Primary
290,183,2401,Primary
291,184,1714,Primary
292,184,1378,Primary
293,184,944,Conspirator
294,185,1310,Primary
295,185,2239,Abettor
296,186,1504,Primary
297,186,412,Abettor
298,186,485,Primary
299,187,1238,Primary
300,187,2884,Conspirator
301,188,1065,Primary
302,188,1570,Accomplice
303,189,1473,Primary
304,190,2893,Primary
305,191,1435,Primary
306,192,957,Primary
307,193,1221,Primary
308,194,512,Primary
309,194,1014,Primary
310,195,1350,Primary
311,196,2513,Primary
312,197,2470,Primary
313,197,789,Conspirator
314,197,1870,Primary
315,198,2957,Primary
316,198,829,Primary
317,198,2221,Primary
318,199,1882,Primary
319,200,1419,Primary
320,200,1215,Accomplice
321,201,1559,Primary
322,201,1801,Primary
323,202,1167,Primary
324,203,1105,Primary
325,203,1884,Conspirator
326,203,735,Primary
327,204,182,Primary
328,205,1090,Primary
329,205,816,Primary
330,205,2631,Abettor
331,206,2296,Primary
332,206,248,Primary
333,207,940,Primary
334,207,1380,Accomplice
335,208,904,Primary
336,209,1739,Primary
337,210,1903,Primary
338,211,2448,Primary
339,212,2930,Primary
340,212,2314,Primary
341,213,1743,Primary
342,214,2804,Primary
343,215,2412,Primary
344,216,2580,Primary
345,217,1052,Primary
346,218,791,Primary
347,218,1996,Primary
348,219,1343,Primary
349,219,707,Abettor
350,220,2888,Primary
351,220,130,Accomplice
352,221,907,Primary
353,222,581,Primary
354,222,1091,Abettor
355,222,1312,Primary
356,223,1015,Primary
357,224,1366,Primary
358,225,2137,Primary
359,226,1862,Primary
360,227,2185,Primary
361,228,2887,Primary
362,228,2231,Accomplice
363,228,1582,Primary
364,229,1869,Primary
365,229,432,Accomplice
366,230,596,Primary
367,231,760,Primary
368,232,2002,Primary
369,232,1940,Abettor
370,232,712,Primary
371,233,608,Primary
372,233,913,Primary
373,234,2601,Primary
374,234,27,Primary
375,235,480,Primary
376,235,2276,Abettor
377,236,1321,Primary
378,236,1931,Primary
379,237,2857,Primary
380,237,2474,Primary
381,237,2554,Primary
382,238,269,Primary
383,239,985,Primary
384,240,2446,Primary
385,240,587,Primary
386,241,10,Primary
387,241,1261,Accomplice
388,241,2180,Primary
389,242,2139,Primary
390,242,2350,Primary
391,242,2822,Primary
392,243,667,Primary
393,243,675,Primary
394,244,621,Primary
395,244,1655,Primary
396,245,1217,Primary
397,246,251,Primary
398,247,1607,Primary
399,247,98,Primary
400,248,1452,Primary
401,249,1943,Primary
402,250,2704,Primary
403,251,1333,Primary
404,252,1901,Primary
405,253,1478,Primary
406,254,381,Primary
407,255,1938,Primary
408,255,2942,Conspirator
409,256,979,Primary
410,257,1877,Primary
411,258,366,Primary
412,259,688,Primary
413,259,1270,Primary
414,259,1101,Accomplice
415,260,229,Primary
416,260,2339,Accomplice
417,261,2349,Primary
418,261,92,Primary
419,262,1042,Primary
420,263,466,Primary
421,264,2312,Primary
422,264,943,Primary
423,265,1552,Primary
424,265,2600,Primary
425,266,1735,Primary
426,266,2826,Accomplice
427,267,864,Primary
428,267,923,Conspirator
429,268,70,Primary
430,268,1661,Primary
431,268,107,Primary
432,269,2038,Primary
433,270,221,Primary
434,271,2118,Primary
435,272,1273,Primary
436,272,636,Accomplice
437,273,951,Primary
438,274,2942,Primary
439,274,976,Abettor
440,275,2067,Primary
441,276,1305,Primary
442,276,543,Primary
443,277,2567,Primary
444,278,2119,Primary
445,279,1595,Primary
446,279,1652,Conspirator
447,279,2341,Primary
448,280,1348,Primary
449,280,1263,Primary
450,281,2773,Primary
451,281,2453,Accomplice
452,282,2133,Primary
453,282,1402,Conspirator
454,283,2286,Primary
455,284,2601,Primary
456,284,1963,Primary
457,284,584,Primary
458,285,1243,Primary
459,285,2096,Accomplice
460,286,1600,Primary
461,286,1646,Primary
462,287,787,Primary
463,287,1807,Accomplice
464,287,656,Abettor
465,288,1160,Primary
466,288,2334,Primary
467,288,1906,Accomplice
468,289,1525,Primary
469,290,1858,Primary
470,291,2149,Primary
471,292,2661,Primary
472,292,2994,Abettor
473,293,1351,Primary
474,294,1427,Primary
475,294,1875,Primary
476,294,2400,Primary
477,295,621,Primary
478,295,794,Abettor
479,296,2120,Primary
480,297,2886,Primary
481,297,1022,Primary
482,298,1732,Primary
483,299,2858,Primary
484,299,851,Accomplice
485,300,2066,Primary
486,300,788,Conspirator
487,301,2992,Primary
488,302,2309,Primary
489,303,2882,Primary
490,304,2102,Primary
491,304,2267,Primary
492,304,1595,Accomplice
493,305,2474,Primary
494,306,1224,Primary
495,306,1453,Accomplice
496,307,694,Primary
497,307,2540,Primary
498,308,1858,Primary
499,308,2188,Primary
500,308,1644,Accomplice
501,309,277,Primary
502,309,1113,Primary
503,309,538,Primary
504,310,922,Primary
505,311,1761,Primary
506,311,2160,Primary
507,311,2746,Abettor
508,312,96,Primary
509,312,174,Abettor
510,313,173,Primary
511,313,2588,Abettor
512,313,606,Accomplice
513,314,1549,Primary
514,314,2379,Accomplice
515,315,471,Primary
516,316,1264,Primary
517,316,1328,Primary
518,317,2173,Primary
519,318,1471,Primary
520,319,1563,Primary
521,320,1359,Primary
522,320,920,Accomplice
523,321,2208,Primary
524,322,110,Primary
525,322,1252,Primary
526,322,2965,Primary
527,323,1476,Primary
528,323,693,Accomplice
529,323,1691,Primary
530,324,627,Primary
531,325,183,Primary
532,326,1591,Primary
533,327,13,Primary
534,328,1855,Primary
535,329,2217,Primary
536,329,2660,Primary
537,330,2872,Primary
538,331,988,Primary
539,331,237,Primary
540,332,199,Primary
541,332,818,Accomplice
542,333,2626,Primary
543,333,1348,Primary
544,334,2154,Primary
545,335,1938,Primary
546,335,572,Primary
547,336,958,Primary
548,336,199,Primary
549,337,1001,Primary
550,338,408,Primary
551,339,536,Primary
552,340,442,Primary
553,341,751,Primary
554,342,2965,Primary
555,342,789,Accomplice
556,343,866,Primary
557,344,1866,Primary
558,345,1096,Primary
559,345,1374,Accomplice
560,346,928,Primary
561,346,1531,Primary
562,347,2404,Primary
563,348,1861,Primary
564,349,2882,Primary
565,349,1723,Primary
566,349,971,Primary
567,350,1042,Primary
568,350,471,Abettor
569,351,1708,Primary
570,352,1747,Primary
571,353,1621,Primary
572,354,1044,Primary
573,355,2174,Primary
574,355,2431,Primary
575,355,1295,Accomplice
576,356,7,Primary
577,357,2802,Primary
578,358,1167,Primary
579,358,2940,Accomplice
580,358,445,Primary
581,359,1242,Primary
582,359,923,Accomplice
583,359,356,Accomplice
584,360,1596,Primary
585,360,2298,Primary
586,361,2680,Primary
587,362,1357,Primary
588,363,384,Primary
589,364,2809,Primary
590,365,1297,Primary
591,365,1989,Primary
592,366,1174,Primary
593,367,1619,Primary
594,367,505,Abettor
595,368,2505,Primary
596,369,2220,Primary
597,369,2687,Accomplice
598,370,509,Primary
599,371,371,Primary
600,371,695,Primary
601,371,2957,Accomplice
602,372,851,Primary
603,373,1988,Primary
604,374,1048,Primary
605,375,1218,Primary
606,375,1783,Primary
607,375,972,Accomplice
608,376,34,Primary
609,376,197,Primary
610,377,942,Primary
611,378,2877,Primary
612,379,465,Primary
613,380,2264,Primary
614,380,204,Primary
615,381,2982,Primary
616,382,179,Primary
617,383,702,Primary
618,383,2444,Abettor
619,384,2414,Primary
620,384,1447,Primary
621,385,1423,Primary
622,385,1629,Accomplice
623,386,1739,Primary
624,386,738,Accomplice
625,387,2453,Primary
626,388,1030,Primary
627,389,773,Primary
628,389,797,Primary
629,390,2083,Primary
630,390,2345,Conspirator
631,390,20,Primary
632,391,2362,Primary
633,392,2662,Primary
634,392,1668,Accomplice
635,392,2664,Primary
636,393,783,Primary
637,393,855,Primary
638,394,2233,Primary
639,394,1638,Accomplice
640,394,820,Accomplice
641,395,2703,Primary
642,395,927,Primary
643,395,29,Primary
644,396,1061,Primary
645,396,2945,Abettor
646,397,2955,Primary
647,397,1414,Primary
648,397,1079,Conspirator
649,398,1990,Primary
650,399,895,Primary
651,399,212,Primary
652,400,15,Primary
653,401,994,Primary
654,402,1776,Primary
655,403,1181,Primary
656,404,1612,Primary
657,404,759,Primary
658,404,51,Accomplice
659,405,2424,Primary
660,406,1006,Primary
661,407,2121,Primary
662,407,733,Accomplice
663,408,2953,Primary
664,408,2903,Primary
665,408,89,Primary
666,409,824,Primary
667,409,705,Accomplice
668,409,1123,Accomplice
669,410,1435,Primary
670,411,617,Primary
671,412,991,Primary
672,413,2209,Primary
673,413,383,Accomplice
674,414,1449,Primary
675,414,129,Primary
676,415,2938,Primary
677,415,1019,Accomplice
678,415,2172,Primary
679,416,84,Primary
680,416,2753,Primary
681,417,2957,Primary
682,417,2357,Primary
683,418,2539,Primary
684,419,559,Primary
685,419,1881,Abettor
686,420,2017,Primary
687,421,2081,Primary
688,421,1485,Abettor
689,422,1183,Primary
690,423,1741,Primary
691,424,1249,Primary
692,424,1786,Accomplice
693,424,755,Abettor
694,425,453,Primary
695,425,976,Primary
696,426,596,Primary
697,426,1376,Primary
698,426,2401,Primary
699,427,2302,Primary
700,427,2527,Accomplice
701,428,553,Primary
702,429,1008,Primary
703,430,2669,Primary
704,431,1477,Primary
705,432,980,Primary
706,433,1283,Primary
707,433,2478,Accomplice
708,434,2445,Primary
709,435,1648,Primary
710,436,298,Primary
711,437,1874,Primary
712,437,929,Primary
713,437,2320,Accomplice
714,438,700,Primary
715,439,2105,Primary
716,440,495,Primary
717,441,1880,Primary
718,441,2928,Accomplice
719,442,281,Primary
720,443,2928,Primary
721,443,379,Conspirator
722,444,1457,Primary
723,444,1492,Conspirator
724,445,2337,Primary
725,446,2773,Primary
726,446,1759,Primary
727,446,1111,Primary
728,447,1088,Primary
729,448,2677,Primary
730,449,2247,Primary
731,449,132,Primary
732,450,191,Primary
733,450,1610,Accomplice
734,451,2203,Primary
735,452,2839,Primary
736,452,2442,Abettor
737,453,1073,Primary
738,453,2616,Accomplice
739,454,1981,Primary
740,454,2441,Primary
741,454,684,Accomplice
742,455,1926,Primary
743,456,963,Primary
744,456,1789,Primary
745,456,1831,Primary
746,457,2241,Primary
747,457,208,Primary
748,458,2642,Primary
749,458,807,Primary
750,459,322,Primary
751,460,1623,Primary
752,461,429,Primary
753,462,782,Primary
754,462,754,Abettor
755,462,112,Accomplice
756,463,2593,Primary
757,463,1311,Accomplice
758,464,2354,Primary
759,464,625,Abettor
760,465,359,Primary
761,466,845,Primary
762,466,2328,Accomplice
763,466,2247,Abettor
764,467,112,Primary
765,467,1488,Accomplice
766,468,1524,Primary
767,469,1215,Primary
768,469,460,Accomplice
769,470,2373,Primary
770,471,955,Primary
771,472,291,Primary
772,472,2434,Accomplice
773,473,1348,Primary
774,473,2288,Primary
775,474,2293,Primary
776,474,1688,Primary
777,475,36,Primary
778,476,823,Primary
779,477,1231,Primary
780,478,2894,Primary
781,478,451,Primary
782,479,358,Primary
783,479,182,Abettor
784,479,39,Accomplice
785,480,1487,Primary
786,480,200,Abettor
787,480,2704,Accomplice
788,481,2693,Primary
789,482,2941,Primary
790,483,2232,Primary
791,483,2113,Primary
792,484,2169,Primary
793,485,1722,Primary
794,486,1537,Primary
795,487,2015,Primary
796,488,2889,Primary
797,489,764,Primary
798,490,2028,Primary
799,491,1638,Primary
800,492,966,Primary
801,493,819,Primary
802,493,798,Abettor
803,494,1905,Primary
804,494,580,Accomplice
805,494,1141,Primary
806,495,2017,Primary
807,496,1793,Primary
808,496,2812,Primary
809,497,2190,Primary
810,497,2113,Primary
811,498,1518,Primary
812,499,269,Primary
813,500,2245,Primary
814,500,2991,Accomplice
815,501,1363,Primary
816,501,1698,Primary
817,501,2132,Accomplice
818,502,1671,Primary
819,502,2081,Primary
820,503,2287,Primary
821,503,1199,Accomplice
822,504,523,Primary
823,505,1363,Primary
824,506,495,Primary
825,506,1885,Accomplice
826,507,1728,Primary
827,508,1584,Primary
828,508,124,Accomplice
829,509,851,Primary
830,510,1087,Primary
831,511,1268,Primary
832,512,1648,Primary
833,513,2160,Primary
834,513,624,Primary
835,514,523,Primary
836,514,200,Abettor
837,515,2409,Primary
838,516,2207,Primary
839,517,649,Primary
840,518,1915,Primary
841,519,2805,Primary
842,520,88,Primary
843,521,1291,Primary
844,522,1733,Primary
845,523,2042,Primary
846,524,778,Primary
847,524,2460,Primary
848,525,1988,Primary
849,525,2542,Accomplice
850,525,2521,Primary
851,526,2341,Primary
852,527,148,Primary
853,528,2047,Primary
854,529,256,Primary
855,529,765,Accomplice
856,530,2689,Primary
857,531,1467,Primary
858,531,1900,Primary
859,532,1389,Primary
860,533,1625,Primary
861,534,2679,Primary
862,535,138,Primary
863,535,1314,Accomplice
864,536,2407,Primary
865,536,435,Accomplice
866,537,2348,Primary
867,537,821,Abettor
868,538,1399,Primary
869,538,439,Primary
870,539,2583,Primary
871,540,661,Primary
872,541,2863,Primary
873,541,2207,Primary
874,542,782,Primary
875,543,2579,Primary
876,544,2789,Primary
877,545,1323,Primary
878,545,2390,Abettor
879,546,2818,Primary
880,547,1730,Primary
881,547,1051,Primary
882,548,1396,Primary
883,549,2243,Primary
884,549,990,Primary
885,549,2654,Primary
886,550,1535,Primary
887,551,2645,Primary
888,552,2947,Primary
889,552,1961,Primary
890,553,1582,Primary
891,554,1460,Primary
892,555,422,Primary
893,556,1155,Primary
894,557,2100,Primary
895,557,90,Primary
896,558,189,Primary
897,558,2990,Abettor
898,559,132,Primary
899,560,2784,Primary
900,561,195,Primary
901,562,1603,Primary
902,563,1925,Primary
903,563,473,Primary
904,564,2720,Primary
905,565,395,Primary
906,565,2826,Primary
907,566,656,Primary
908,567,2995,Primary
909,567,1220,Primary
910,568,2642,Primary
911,568,2220,Accomplice
912,569,1649,Primary
913,569,2891,Accomplice
914,570,1558,Primary
915,570,314,Primary
916,571,1399,Primary
917,572,481,Primary
918,572,1259,Abettor
919,573,2786,Primary
920,573,2065,Accomplice
921,573,2602,Primary
922,574,2887,Primary
923,575,2758,Primary
924,575,2274,Primary
925,575,1595,Primary
926,576,2827,Primary
927,577,186,Primary
928,578,2884,Primary
929,578,519,Accomplice
930,579,2513,Primary
931,580,487,Primary
932,580,1815,Primary
933,581,1191,Primary
934,581,485,Primary
935,581,733,Conspirator
936,582,753,Primary
937,582,2926,Accomplice
938,582,2644,Primary
939,583,2695,Primary
940,583,767,Conspirator
941,584,917,Primary
942,585,1869,Primary
943,585,1399,Primary
944,586,2471,Primary
945,586,2909,Primary
946,586,700,Accomplice
947,587,811,Primary
948,588,2416,Primary
949,589,2513,Primary
950,590,1726,Primary
951,590,1849,Accomplice
952,591,1318,Primary
953,591,1196,Accomplice
954,592,1901,Primary
955,593,1330,Primary
956,593,1401,Primary
957,593,2857,Primary
958,594,86,Primary
959,594,1193,Accomplice
960,594,2952,Primary
961,595,115,Primary
962,595,1873,Primary
963,596,1361,Primary
964,597,1605,Primary
965,598,1225,Primary
966,598,493,Abettor
967,599,443,Primary
968,599,784,Primary
969,600,1179,Primary
970,601,1042,Primary
971,602,1278,Primary
972,603,1559,Primary
973,603,2276,Accomplice
974,604,1159,Primary
975,604,816,Accomplice
976,605,289,Primary
977,606,2457,Primary
978,607,8,Primary
979,608,1228,Primary
980,609,2671,Primary
981,610,2216,Primary
982,610,2619,Primary
983,611,739,Primary
984,611,1549,Accomplice
985,612,498,Primary
986,613,2361,Primary
987,614,105,Primary
988,615,2172,Primary
989,616,2726,Primary
990,616,1388,Primary
991,616,9,Accomplice
992,617,1078,Primary
993,617,1854,Primary
994,617,1339,Conspirator
995,618,2803,Primary
996,619,561,Primary
997,620,2625,Primary
998,620,1730,Primary
999,620,276,Primary
1000,621,975,Primary
1001,622,2328,Primary
1002,623,1209,Primary
1003,624,2295,Primary
1004,624,2742,Accomplice
1005,625,29,Primary
1006,626,1293,Primary
1007,626,649,Accomplice
1008,627,302,Primary
1009,627,2001,Abettor
1010,628,840,Primary
1011,628,741,Primary
1012,629,444,Primary
1013,629,2024,Accomplice
1014,630,2748,Primary
1015,630,1183,Accomplice
1016,631,1272,Primary
1017,631,2993,Primary
1018,631,1334,Accomplice
1019,632,1239,Primary
1020,633,1106,Primary
1021,633,2027,Primary
1022,634,2659,Primary
1023,635,119,Primary
1024,635,2359,Accomplice
1025,635,2731,Accomplice
1026,636,977,Primary
1027,636,2619,Primary
1028,636,1632,Accomplice
1029,637,2114,Primary
1030,638,741,Primary
1031,639,481,Primary
1032,640,1313,Primary
1033,641,1512,Primary
1034,641,2488,Accomplice
1035,641,1483,Abettor
1036,642,2482,Primary
1037,643,682,Primary
1038,643,1966,Primary
1039,644,1232,Primary
1040,645,1494,Primary
1041,646,829,Primary
1042,646,243,Primary
1043,647,1806,Primary
1044,647,1077,Primary
1045,648,314,Primary
1046,649,1885,Primary
1047,650,50,Primary
1048,650,763,Accomplice
1049,651,1794,Primary
1050,651,448,Accomplice
1051,652,214,Primary
1052,652,1202,Primary
1053,653,783,Primary
1054,653,524,Primary
1055,653,65,Abettor
1056,654,2080,Primary
1057,654,2871,Primary
1058,655,1632,Primary
1059,656,1142,Primary
1060,657,43,Primary
1061,658,981,Primary
1062,659,2731,Primary
1063,660,1300,Primary
1064,661,833,Primary
1065,661,2212,Primary
1066,662,96,Primary
1067,663,322,Primary
1068,664,2575,Primary
1069,664,29,Accomplice
1070,665,2772,Primary
1071,665,1766,Primary
1072,666,2037,Primary
1073,667,612,Primary
1074,667,482,Accomplice
1075,667,22,Primary
1076,668,124,Primary
1077,668,2392,Accomplice
1078,668,2174,Conspirator
1079,669,670,Primary
1080,669,1754,Primary
1081,669,1284,Primary
1082,670,594,Primary
1083,670,2232,Primary
1084,671,1511,Primary
1085,672,1559,Primary
1086,672,291,Primary
1087,672,1305,Primary
1088,673,902,Primary
1089,674,1212,Primary
1090,675,2156,Primary
1091,675,2626,Primary
1092,676,2631,Primary
1093,676,1895,Primary
1094,677,2970,Primary
1095,678,138,Primary
1096,679,687,Primary
1097,680,2708,Primary
1098,681,1931,Primary
1099,682,2980,Primary
1100,682,1614,Primary
1101,683,1298,Primary
1102,684,2994,Primary
1103,685,1956,Primary
1104,685,2485,Accomplice
1105,685,1911,Abettor
1106,686,1962,Primary
1107,687,1478,Primary
1108,687,1677,Conspirator
1109,688,2566,Primary
1110,689,357,Primary
1111,690,2066,Primary
1112,691,259,Primary
1113,692,1798,Primary
1114,692,2815,Conspirator
1115,693,384,Primary
1116,694,1414,Primary
1117,695,1880,Primary
1118,696,365,Primary
1119,696,2834,Abettor
1120,696,2874,Accomplice
1121,697,964,Primary
1122,698,1070,Primary
1123,698,2147,Conspirator
1124,698,1862,Accomplice
1125,699,778,Primary
1126,700,2061,Primary
1127,700,2913,Primary
1128,701,311,Primary
1129,702,1041,Primary
1130,703,1056,Primary
1131,704,161,Primary
1132,704,1849,Primary
1133,705,1610,Primary
1134,706,2293,Primary
1135,706,2670,Conspirator
1136,706,2400,Primary
1137,707,393,Primary
1138,708,1925,Primary
1139,709,1125,Primary
1140,709,2723,Accomplice
1141,709,2154,Accomplice
1142,710,2572,Primary
1143,710,2864,Accomplice
1144,711,1552,Primary
1145,711,269,Accomplice
1146,711,986,Accomplice
1147,712,1389,Primary
1148,712,2953,Primary
1149,713,2418,Primary
1150,714,1936,Primary
1151,715,1141,Primary
1152,716,278,Primary
1153,717,1117,Primary
1154,717,650,Conspirator
1155,718,42,Primary
1156,719,2416,Primary
1157,719,1725,Primary
1158,719,2254,Abettor
1159,720,2958,Primary
1160,720,2673,Primary
1161,721,318,Primary
1162,722,85,Primary
1163,722,2939,Primary
1164,723,1876,Primary
1165,723,2817,Primary
1166,723,1925,Accomplice
1167,724,564,Primary
1168,724,792,Accomplice
1169,725,397,Primary
1170,725,2657,Primary
1171,725,2939,Primary
1172,726,2230,Primary
1173,727,1023,Primary
1174,728,2180,Primary
1175,729,2446,Primary
1176,730,1142,Primary
1177,731,1915,Primary
1178,731,877,Abettor
1179,731,1691,Abettor
1180,732,1115,Primary
1181,732,2233,Primary
1182,732,1977,Accomplice
1183,733,1674,Primary
1184,733,1176,Primary
1185,734,2600,Primary
1186,735,559,Primary
1187,736,1583,Primary
1188,737,998,Primary
1189,737,947,Primary
1190,738,271,Primary
1191,739,1776,Primary
1192,740,1597,Primary
1193,740,1579,Primary
1194,741,2483,Primary
1195,742,1056,Primary
1196,742,675,Conspirator
1197,742,1608,Abettor
1198,743,253,Primary
1199,743,1288,Primary
1200,744,34,Primary
1201,744,851,Primary
1202,745,1743,Primary
1203,745,2436,Accomplice
1204,745,2197,Accomplice
1205,746,1356,Primary
1206,746,1990,Primary
1207,747,1785,Primary
1208,748,2644,Primary
1209,749,1096,Primary
1210,749,1636,Abettor
1211,750,1662,Primary
1212,750,2875,Accomplice
1213,751,2926,Primary
1214,752,1750,Primary
1215,753,327,Primary
1216,754,1741,Primary
1217,754,2114,Accomplice
1218,754,1993,Accomplice
1219,755,926,Primary
1220,755,2646,Primary
1221,756,2669,Primary
1222,756,743,Primary
1223,757,2982,Primary
1224,757,1700,Primary
1225,757,2722,Abettor
1226,758,2184,Primary
1227,759,2790,Primary
1228,760,2024,Primary
1229,760,1131,Primary
1230,760,2195,Abettor
1231,761,2659,Primary
1232,762,2122,Primary
1233,763,2272,Primary
1234,764,804,Primary
1235,764,2166,Accomplice
1236,765,2659,Primary
1237,765,2002,Primary
1238,766,54,Primary
1239,766,2378,Primary
1240,767,2290,Primary
1241,767,2184,Primary
1242,768,2557,Primary
1243,768,1121,Primary
1244,769,1957,Primary
1245,769,328,Primary
1246,770,417,Primary
1247,771,870,Primary
1248,772,1445,Primary
1249,772,957,Primary
1250,773,1306,Primary
1251,774,1467,Primary
1252,775,493,Primary
1253,775,2618,Accomplice
1254,776,2272,Primary
1255,776,2743,Abettor
1256,776,2558,Conspirator
1257,777,417,Primary
1258,778,1019,Primary
1259,779,1930,Primary
1260,779,396,Accomplice
1261,780,2478,Primary
1262,780,1792,Primary
1263,781,2187,Primary
1264,782,2975,Primary
1265,783,2892,Primary
1266,783,2510,Conspirator
1267,783,203,Accomplice
1268,784,2402,Primary
1269,784,1288,Conspirator
1270,785,2792,Primary
1271,786,625,Primary
1272,786,2594,Conspirator
1273,787,174,Primary
1274,788,259,Primary
1275,789,680,Primary
1276,790,2838,Primary
1277,791,923,Primary
1278,791,1897,Abettor
1279,792,2976,Primary
1280,793,2180,Primary
1281,794,2508,Primary
1282,794,2078,Primary
1283,794,787,Abettor
1284,795,1487,Primary
1285,796,929,Primary
1286,797,1493,Primary
1287,798,2798,Primary
1288,799,2404,Primary
1289,800,417,Primary
1290,801,2769,Primary
1291,801,2741,Primary
1292,802,202,Primary
1293,802,199,Primary
1294,803,1336,Primary
1295,803,2897,Primary
1296,804,2275,Primary
1297,804,2899,Primary
1298,805,1977,Primary
1299,805,2970,Primary
1300,805,476,Primary
1301,806,2325,Primary
1302,806,1140,Primary
1303,807,2405,Primary
1304,808,1102,Primary
1305,808,2141,Accomplice
1306,809,853,Primary
1307,809,1221,Accomplice
1308,810,2976,Primary
1309,810,2430,Primary
1310,810,573,Accomplice
1311,811,2006,Primary
1312,812,2013,Primary
1313,812,425,Primary
1314,813,1456,Primary
1315,814,2630,Primary
1316,815,2818,Primary
1317,816,1786,Primary
1318,817,488,Primary
1319,817,1827,Primary
1320,818,2970,Primary
1321,819,124,Primary
1322,820,2744,Primary
1323,821,33,Primary
1324,822,2063,Primary
1325,823,977,Primary
1326,824,802,Primary
1327,824,1276,Accomplice
1328,825,2590,Primary
1329,826,354,Primary
1330,826,1623,Accomplice
1331,826,694,Primary
1332,827,1349,Primary
1333,827,1022,Primary
1334,828,1144,Primary
1335,829,2467,Primary
1336,830,902,Primary
1337,830,1490,Abettor
1338,831,1139,Primary
1339,832,368,Primary
1340,832,2215,Abettor
1341,832,510,Primary
1342,833,1915,Primary
1343,834,1705,Primary
1344,835,2675,Primary
1345,835,1590,Accomplice
1346,835,333,Primary
1347,836,1903,Primary
1348,836,656,Accomplice
1349,837,2370,Primary
1350,838,1554,Primary
1351,838,824,Accomplice
1352,839,2004,Primary
1353,839,1854,Primary
1354,840,914,Primary
1355,840,2676,Conspirator
1356,840,749,Accomplice
1357,841,2575,Primary
1358,842,2590,Primary
1359,843,2866,Primary
1360,844,1599,Primary
1361,845,2331,Primary
1362,846,182,Primary
1363,846,1668,Primary
1364,847,1239,Primary
1365,847,1395,Abettor
1366,848,2493,Primary
1367,848,1928,Primary
1368,849,1162,Primary
1369,849,2500,Primary
1370,849,930,Primary
1371,850,472,Primary
1372,850,2513,Primary
1373,850,518,Abettor
1374,851,425,Primary
1375,852,2415,Primary
1376,852,2403,Primary
1377,853,2254,Primary
1378,854,2267,Primary
1379,854,307,Primary
1380,855,1802,Primary
1381,855,839,Accomplice
1382,856,600,Primary
1383,856,920,Accomplice
1384,856,2217,Primary
1385,857,2796,Primary
1386,858,207,Primary
1387,858,457,Conspirator
1388,859,2060,Primary
1389,859,2852,Accomplice
1390,860,2589,Primary
1391,861,1560,Primary
1392,862,658,Primary
1393,863,777,Primary
1394,864,1544,Primary
1395,865,1845,Primary
1396,866,541,Primary
1397,866,308,Primary
1398,866,617,Primary
1399,867,2414,Primary
1400,867,2934,Primary
1401,868,1394,Primary
1402,868,2720,Primary
1403,869,957,Primary
1404,870,1232,Primary
1405,870,2398,Accomplice
1406,870,489,Primary
1407,871,612,Primary
1408,871,1628,Conspirator
1409,871,228,Primary
1410,872,609,Primary
1411,872,820,Accomplice
1412,873,2879,Primary
1413,873,2831,Primary
1414,874,2416,Primary
1415,875,2291,Primary
1416,875,796,Primary
1417,875,1173,Primary
1418,876,1685,Primary
1419,877,2621,Primary
1420,878,2152,Primary
1421,878,2976,Accomplice
1422,878,107,Accomplice
1423,879,2882,Primary
1424,879,313,Primary
1425,879,2999,Primary
1426,880,148,Primary
1427,880,2885,Accomplice
1428,880,2903,Primary
1429,881,2190,Primary
1430,882,1171,Primary
1431,883,129,Primary
1432,884,183,Primary
1433,885,1858,Primary
1434,886,1559,Primary
1435,887,1065,Primary
1436,888,2786,Primary
1437,888,1339,Accomplice
1438,888,1223,Primary
1439,889,2254,Primary
1440,890,1284,Primary
1441,890,49,Primary
1442,890,2000,Abettor
1443,891,452,Primary
1444,891,1343,Primary
1445,891,2359,Accomplice
1446,892,2337,Primary
1447,893,2205,Primary
1448,894,972,Primary
1449,894,437,Accomplice
1450,895,2864,Primary
1451,896,1528,Primary
1452,896,2061,Accomplice
1453,897,1465,Primary
1454,898,277,Primary
1455,898,2188,Abettor
1456,899,1042,Primary
1457,900,1517,Primary
1458,901,1478,Primary
1459,901,2598,Accomplice
1460,902,286,Primary
1461,903,383,Primary
1462,903,922,Abettor
1463,904,512,Primary
1464,905,587,Primary
1465,905,1566,Accomplice
1466,905,2448,Primary
1467,906,2565,Primary
1468,906,698,Primary
1469,907,576,Primary
1470,908,461,Primary
1471,909,1737,Primary
1472,909,1912,Accomplice
1473,909,1832,Accomplice
1474,910,1053,Primary
1475,911,679,Primary
1476,912,1158,Primary
1477,913,2680,Primary
1478,913,2168,Primary
1479,914,1874,Primary
1480,915,1990,Primary
1481,915,899,Primary
1482,915,1114,Accomplice
1483,916,1070,Primary
1484,917,741,Primary
1485,918,1653,Primary
1486,918,2585,Accomplice
1487,918,783,Accomplice
1488,919,81,Primary
1489,920,2121,Primary
1490,921,1613,Primary
1491,921,2625,Accomplice
1492,921,1317,Primary
1493,922,561,Primary
1494,922,1883,Abettor
1495,922,1085,Accomplice
1496,923,1092,Primary
1497,923,2146,Primary
1498,924,1632,Primary
1499,924,2187,Primary
1500,924,2323,Primary
1501,925,1106,Primary
1502,926,2021,Primary
1503,926,1017,Conspirator
1504,927,53,Primary
1505,927,45,Abettor
1506,928,1467,Primary
1507,929,2233,Primary
1508,930,275,Primary
1509,930,2468,Accomplice
1510,930,2969,Primary
1511,931,2164,Primary
1512,931,175,Accomplice
1513,932,532,Primary
1514,933,1345,Primary
1515,934,1618,Primary
1516,935,2879,Primary
1517,935,2774,Primary
1518,936,1549,Primary
1519,936,763,Primary
1520,937,1473,Primary
1521,938,43,Primary
1522,938,2768,Accomplice
1523,939,892,Primary
1524,940,1513,Primary
1525,940,286,Abettor
1526,941,1792,Primary
1527,942,2208,Primary
1528,943,1472,Primary
1529,944,221,Primary
1530,945,621,Primary
1531,946,913,Primary
1532,947,1517,Primary
1533,948,1450,Primary
1534,948,181,Primary
1535,949,892,Primary
1536,949,842,Abettor
1537,950,428,Primary
1538,950,1947,Accomplice
1539,951,256,Primary
1540,951,1069,Conspirator
1541,952,2819,Primary
1542,953,2197,Primary
1543,954,1787,Primary
1544,954,531,Accomplice
1545,954,1166,Accomplice
1546,955,527,Primary
1547,956,2155,Primary
1548,957,2089,Primary
1549,958,2916,Primary
1550,958,398,Primary
1551,959,2798,Primary
1552,960,2144,Primary
1553,961,952,Primary
1554,962,2964,Primary
1555,963,643,Primary
1556,963,1142,Primary
1557,964,964,Primary
1558,964,1461,Primary
1559,964,1300,Primary
1560,965,713,Primary
1561,966,2796,Primary
1562,966,2519,Accomplice
1563,967,1825,Primary
1564,968,643,Primary
1565,969,636,Primary
1566,969,1083,Abettor
1567,969,2090,Accomplice
1568,970,1915,Primary
1569,970,2482,Abettor
1570,971,675,Primary
1571,972,997,Primary
1572,972,2010,Abettor
1573,973,427,Primary
1574,974,2633,Primary
1575,974,257,Accomplice
1576,974,2426,Primary
1577,975,831,Primary
1578,976,2949,Primary
1579,976,872,Accomplice
1580,977,1828,Primary
1581,977,962,Primary
1582,978,1162,Primary
1583,979,2689,Primary
1584,980,1753,Primary
1585,980,1739,Accomplice
1586,981,1384,Primary
1587,982,2263,Primary
1588,982,1457,Abettor
1589,982,1887,Primary
1590,983,1504,Primary
1591,984,1541,Primary
1592,984,1362,Primary
1593,985,2075,Primary
1594,985,2446,Abettor
1595,986,2873,Primary
1596,987,2624,Primary
1597,988,2391,Primary
1598,989,1622,Primary
1599,990,1599,Primary
1600,990,247,Primary
1601,991,474,Primary
1602,991,119,Primary
1603,991,2293,Accomplice
1604,992,2527,Primary
1605,992,2274,Primary
1606,992,2943,Abettor
1607,993,1643,Primary
1608,993,609,Accomplice
1609,994,1750,Primary
1610,995,2341,Primary
1611,996,2526,Primary
1612,996,2272,Accomplice
1613,996,358,Primary
1614,997,576,Primary
1615,997,954,Accomplice
1616,997,1746,Primary
1617,998,2305,Primary
1618,999,1370,Primary
1619,1000,957,Primary
1620,1001,926,Primary
1621,1001,1497,Primary
1622,1002,2872,Primary
1623,1002,2162,Primary
1624,1002,462,Primary
1625,1003,1950,Primary
1626,1003,2034,Primary
1627,1004,349,Primary
1628,1005,935,Primary
1629,1005,160,Primary
1630,1005,1464,Accomplice
1631,1006,1289,Primary
1632,1007,2897,Primary
1633,1007,1510,Abettor
1634,1007,603,Primary
1635,1008,1451,Primary
1636,1008,1691,Primary
1637,1009,2341,Primary
1638,1009,1591,Abettor
1639,1010,2700,Primary
1640,1010,183,Accomplice
1641,1011,2270,Primary
1642,1012,1092,Primary
1643,1012,1441,Abettor
1644,1013,816,Primary
1645,1014,1618,Primary
1646,1015,1684,Primary
1647,1015,1181,Conspirator
1648,1016,1926,Primary
1649,1017,1025,Primary
1650,1018,1743,Primary
1651,1018,2427,Abettor
1652,1018,1990,Abettor
1653,1019,1798,Primary
1654,1019,1398,Primary
1655,1020,1541,Primary
1656,1021,1055,Primary
1657,1021,1202,Conspirator
1658,1022,2260,Primary
1659,1022,2392,Conspirator
1660,1023,2418,Primary
1661,1024,2170,Primary
1662,1024,1415,Accomplice
1663,1025,2722,Primary
1664,1025,500,Abettor
1665,1025,1783,Primary
1666,1026,988,Primary
1667,1027,1581,Primary
1668,1028,612,Primary
1669,1029,323,Primary
1670,1029,195,Accomplice
1671,1030,79,Primary
1672,1031,1040,Primary
1673,1031,2095,Abettor
1674,1032,1156,Primary
1675,1033,758,Primary
1676,1034,1440,Primary
1677,1034,1571,Primary
1678,1035,2245,Primary
1679,1035,850,Accomplice
1680,1036,28,Primary
1681,1036,1414,Primary
1682,1037,36,Primary
1683,1037,2052,Primary
1684,1038,1237,Primary
1685,1039,677,Primary
1686,1039,955,Primary
1687,1039,2107,Primary
1688,1040,2334,Primary
1689,1041,302,Primary
1690,1042,2478,Primary
1691,1043,1893,Primary
1692,1043,1302,Primary
1693,1044,1860,Primary
1694,1045,856,Primary
1695,1045,333,Primary
1696,1046,220,Primary
1697,1047,1917,Primary
1698,1048,775,Primary
1699,1048,1590,Abettor
1700,1049,508,Primary
1701,1049,135,Primary
1702,1050,552,Primary
1703,1050,1306,Conspirator
1704,1051,1092,Primary
1705,1052,848,Primary
1706,1053,1737,Primary
1707,1054,1225,Primary
1708,1055,2689,Primary
1709,1056,205,Primary
1710,1057,2325,Primary
1711,1058,2956,Primary
1712,1059,1870,Primary
1713,1059,1784,Accomplice
1714,1060,1864,Primary
1715,1061,2608,Primary
1716,1062,821,Primary
1717,1062,2785,Conspirator
1718,1063,1403,Primary
1719,1064,536,Primary
1720,1065,2238,Primary
1721,1065,1342,Accomplice
1722,1065,136,Abettor
1723,1066,2894,Primary
1724,1067,1415,Primary
1725,1068,2296,Primary
1726,1069,2926,Primary
1727,1070,1092,Primary
1728,1070,602,Accomplice
1729,1071,1181,Primary
1730,1071,318,Accomplice
1731,1072,468,Primary
1732,1072,945,Accomplice
1733,1073,219,Primary
1734,1074,2755,Primary
1735,1074,1481,Accomplice
1736,1074,1435,Accomplice
1737,1075,1730,Primary
1738,1075,482,Primary
1739,1076,478,Primary
1740,1077,2203,Primary
1741,1077,870,Primary
1742,1078,415,Primary
1743,1079,1325,Primary
1744,1079,9,Accomplice
1745,1080,1356,Primary
1746,1080,446,Accomplice
1747,1081,2360,Primary
1748,1081,1863,Accomplice
1749,1082,354,Primary
1750,1083,29,Primary
1751,1084,592,Primary
1752,1085,2371,Primary
1753,1086,1678,Primary
1754,1087,535,Primary
1755,1088,509,Primary
1756,1088,2992,Abettor
1757,1089,2237,Primary
1758,1090,2875,Primary
1759,1091,2663,Primary
1760,1092,227,Primary
1761,1093,598,Primary
1762,1093,642,Primary
1763,1094,299,Primary
1764,1094,658,Accomplice
1765,1095,1884,Primary
1766,1095,1038,Primary
1767,1096,1437,Primary
1768,1097,175,Primary
1769,1098,2861,Primary
1770,1098,195,Abettor
1771,1099,795,Primary
1772,1100,268,Primary
1773,1101,1262,Primary
1774,1102,10,Primary
1775,1102,74,Conspirator
1776,1103,34,Primary
1777,1103,874,Primary
1778,1103,29,Accomplice
1779,1104,448,Primary
1780,1104,1717,Primary
1781,1105,2031,Primary
1782,1106,22,Primary
1783,1107,607,Primary
1784,1107,2497,Primary
1785,1108,676,Primary
1786,1108,1672,Conspirator
1787,1109,317,Primary
1788,1110,495,Primary
1789,1110,739,Primary
1790,1111,1829,Primary
1791,1111,151,Accomplice
1792,1112,1385,Primary
1793,1112,587,Accomplice
1794,1113,2500,Primary
1795,1114,436,Primary
1796,1114,473,Abettor
1797,1114,1263,Accomplice
1798,1115,377,Primary
1799,1116,1840,Primary
1800,1116,364,Primary
1801,1117,1437,Primary
1802,1117,2995,Accomplice
1803,1118,2232,Primary
1804,1119,2145,Primary
1805,1120,291,Primary
1806,1120,63,Accomplice
1807,1121,2421,Primary
1808,1122,57,Primary
1809,1122,2802,Conspirator
1810,1123,471,Primary
1811,1124,2190,Primary
1812,1125,811,Primary
1813,1126,2942,Primary
1814,1127,2260,Primary
1815,1127,2007,Accomplice
1816,1127,569,Accomplice
1817,1128,148,Primary
1818,1129,685,Primary
1819,1130,2226,Primary
1820,1130,1162,Accomplice
1821,1130,2054,Primary
1822,1131,2806,Primary
1823,1132,2554,Primary
1824,1132,1156,Accomplice
1825,1133,1395,Primary
1826,1133,1755,Accomplice
1827,1134,1797,Primary
1828,1135,1718,Primary
1829,1136,2187,Primary
1830,1136,2460,Primary
1831,1137,2397,Primary
1832,1138,2847,Primary
1833,1139,864,Primary
1834,1140,2330,Primary
1835,1141,2815,Primary
1836,1141,444,Primary
1837,1141,1780,Primary
1838,1142,775,Primary
1839,1143,2763,Primary
1840,1144,2864,Primary
1841,1144,1281,Accomplice
1842,1145,2769,Primary
1843,1146,1361,Primary
1844,1147,727,Primary
1845,1148,1956,Primary
1846,1149,28,Primary
1847,1149,460,Primary
1848,1149,2820,Abettor
1849,1150,1415,Primary
1850,1150,2312,Abettor
1851,1151,2838,Primary
1852,1151,1843,Accomplice
1853,1152,593,Primary
1854,1152,484,Primary
1855,1153,2352,Primary
1856,1154,571,Primary
1857,1154,1117,Abettor
1858,1155,2741,Primary
1859,1156,758,Primary
1860,1157,2640,Primary
1861,1157,175,Accomplice
1862,1157,1331,Primary
1863,1158,1130,Primary
1864,1159,2654,Primary
1865,1160,2313,Primary
1866,1161,1797,Primary
1867,1161,2004,Accomplice
1868,1162,2919,Primary
1869,1162,2866,Conspirator
1870,1163,1336,Primary
1871,1163,1106,Accomplice
1872,1164,400,Primary
1873,1164,1560,Primary
1874,1165,492,Primary
1875,1165,915,Accomplice
1876,1166,857,Primary
1877,1167,672,Primary
1878,1167,873,Primary
1879,1168,1705,Primary
1880,1169,254,Primary
1881,1169,1600,Primary
1882,1169,308,Accomplice
1883,1170,2240,Primary
1884,1170,1256,Primary
1885,1170,1710,Primary
1886,1171,1869,Primary
1887,1171,553,Accomplice
1888,1171,613,Accomplice
1889,1172,804,Primary
1890,1173,2981,Primary
1891,1173,2543,Accomplice
1892,1174,495,Primary
1893,1175,2988,Primary
1894,1175,1506,Accomplice
1895,1175,1512,Accomplice
1896,1176,268,Primary
1897,1176,1564,Primary
1898,1177,996,Primary
1899,1177,2057,Primary
1900,1178,351,Primary
1901,1178,1982,Accomplice
1902,1179,1743,Primary
1903,1180,964,Primary
1904,1181,1773,Primary
1905,1182,857,Primary
1906,1183,1724,Primary
1907,1184,2624,Primary
1908,1185,1255,Primary
1909,1185,1177,Abettor
1910,1186,2011,Primary
1911,1187,2797,Primary
1912,1187,2613,Accomplice
1913,1188,713,Primary
1914,1189,845,Primary
1915,1189,458,Primary
1916,1189,864,Primary
1917,1190,1322,Primary
1918,1190,365,Accomplice
1919,1191,2790,Primary
1920,1191,953,Primary
1921,1192,480,Primary
1922,1192,2943,Primary
1923,1192,891,Primary
1924,1193,682,Primary
1925,1193,1414,Primary
1926,1193,413,Primary
1927,1194,632,Primary
1928,1194,2233,Primary
1929,1195,964,Primary
1930,1196,142,Primary
1931,1197,2909,Primary
1932,1198,818,Primary
1933,1198,689,Abettor
1934,1199,384,Primary
1935,1199,324,Conspirator
1936,1200,58,Primary
1937,1201,1101,Primary
1938,1201,1553,Primary
1939,1202,685,Primary
1940,1202,1682,Primary
1941,1203,1435,Primary
1942,1204,2305,Primary
1943,1204,78,Primary
1944,1205,381,Primary
1945,1205,2981,Abettor
1946,1206,1878,Primary
1947,1207,695,Primary
1948,1207,1442,Primary
1949,1208,2332,Primary
1950,1209,1667,Primary
1951,1209,384,Abettor
1952,1210,976,Primary
1953,1210,792,Accomplice
1954,1211,466,Primary
1955,1211,790,Primary
1956,1212,713,Primary
1957,1213,471,Primary
1958,1214,255,Primary
1959,1214,617,Conspirator
1960,1215,2179,Primary
1961,1215,885,Primary
1962,1216,937,Primary
1963,1216,2638,Primary
1964,1216,253,Conspirator
1965,1217,2603,Primary
1966,1218,920,Primary
1967,1218,2102,Primary
1968,1218,2407,Accomplice
1969,1219,2037,Primary
1970,1219,2525,Primary
1971,1220,2491,Primary
1972,1221,2049,Primary
1973,1221,1520,Accomplice
1974,1222,383,Primary
1975,1223,2466,Primary
1976,1223,1097,Primary
1977,1223,107,Primary
1978,1224,1573,Primary
1979,1225,2371,Primary
1980,1226,1547,Primary
1981,1227,1058,Primary
1982,1228,724,Primary
1983,1228,1744,Accomplice
1984,1229,1137,Primary
1985,1230,43,Primary
1986,1231,2301,Primary
1987,1231,2296,Primary
1988,1232,90,Primary
1989,1232,794,Primary
1990,1233,1724,Primary
1991,1234,2895,Primary
1992,1234,2804,Primary
1993,1234,433,Abettor
1994,1235,1050,Primary
1995,1236,898,Primary
1996,1237,2685,Primary
1997,1238,112,Primary
1998,1238,867,Abettor
1999,1239,2301,Primary
2000,1239,447,Primary
2001,1240,348,Primary
2002,1240,2833,Primary
2003,1240,843,Abettor
2004,1241,1956,Primary
2005,1242,755,Primary
2006,1242,1266,Accomplice
2007,1243,2838,Primary
2008,1243,2110,Primary
2009,1244,2527,Primary
2010,1244,1482,Primary
2011,1244,345,Accomplice
2012,1245,2016,Primary
2013,1246,912,Primary
2014,1246,2203,Accomplice
2015,1247,2069,Primary
2016,1247,2689,Primary
2017,1248,299,Primary
2018,1249,79,Primary
2019,1249,87,Accomplice
2020,1250,2580,Primary
2021,1251,2552,Primary
2022,1251,2287,Accomplice
2023,1252,749,Primary
2024,1253,735,Primary
2025,1254,592,Primary
2026,1254,1391,Accomplice
2027,1255,186,Primary
2028,1256,283,Primary
2029,1257,2465,Primary
2030,1258,2817,Primary
2031,1258,1492,Accomplice
2032,1259,99,Primary
2033,1259,2749,Accomplice
2034,1260,81,Primary
2035,1261,2846,Primary
2036,1262,1532,Primary
2037,1263,311,Primary
2038,1263,1187,Abettor
2039,1264,687,Primary
2040,1265,2317,Primary
2041,1265,2784,Primary
2042,1266,2649,Primary
2043,1266,551,Abettor
2044,1267,110,Primary
2045,1268,1627,Primary
2046,1269,471,Primary
2047,1269,2657,Accomplice
2048,1270,2296,Primary
2049,1271,2139,Primary
2050,1272,577,Primary
2051,1272,2090,Primary
2052,1273,1422,Primary
2053,1274,264,Primary
2054,1275,254,Primary
2055,1276,1778,Primary
2056,1277,2404,Primary
2057,1278,1552,Primary
2058,1278,289,Primary
2059,1278,794,Primary
2060,1279,1534,Primary
2061,1280,443,Primary
2062,1281,1008,Primary
2063,1281,2385,Accomplice
2064,1281,2016,Primary
2065,1282,302,Primary
2066,1282,2941,Primary
2067,1283,1031,Primary
2068,1284,2779,Primary
2069,1285,1487,Primary
2070,1286,2722,Primary
2071,1286,2017,Primary
2072,1286,811,Conspirator
2073,1287,639,Primary
2074,1288,912,Primary
2075,1289,1894,Primary
2076,1289,1562,Accomplice
2077,1290,1157,Primary
2078,1291,2398,Primary
2079,1291,432,Abettor
2080,1291,2425,Primary
2081,1292,2448,Primary
2082,1293,2989,Primary
2083,1294,1528,Primary
2084,1295,1062,Primary
2085,1295,106,Accomplice
2086,1296,1632,Primary
2087,1297,2633,Primary
2088,1298,1154,Primary
2089,1299,1794,Primary
2090,1299,524,Primary
2091,1299,646,Primary
2092,1300,2600,Primary
2093,1301,1061,Primary
2094,1301,1468,Primary
2095,1302,85,Primary
2096,1302,2691,Accomplice
2097,1303,929,Primary
2098,1303,2538,Accomplice
2099,1304,811,Primary
2100,1305,1798,Primary
2101,1305,2825,Abettor
2102,1306,132,Primary
2103,1307,194,Primary
2104,1308,1695,Primary
2105,1309,2962,Primary
2106,1310,755,Primary
2107,1310,58,Primary
2108,1311,1728,Primary
2109,1312,1466,Primary
2110,1313,1730,Primary
2111,1313,735,Accomplice
2112,1314,2007,Primary
2113,1314,2030,Primary
2114,1315,290,Primary
2115,1316,489,Primary
2116,1316,1689,Primary
2117,1317,1429,Primary
2118,1318,295,Primary
2119,1318,2518,Primary
2120,1318,663,Abettor
2121,1319,1025,Primary
2122,1319,1201,Primary
2123,1320,2749,Primary
2124,1321,1547,Primary
2125,1321,2110,Primary
2126,1322,563,Primary
2127,1322,2029,Primary
2128,1322,2269,Accomplice
2129,1323,1051,Primary
2130,1323,2545,Accomplice
2131,1323,540,Abettor
2132,1324,2047,Primary
2133,1325,2842,Primary
2134,1326,428,Primary
2135,1326,2177,Abettor
2136,1327,1310,Primary
2137,1327,2780,Primary
2138,1327,1035,Accomplice
2139,1328,1882,Primary
2140,1329,1599,Primary
2141,1329,28,Abettor
2142,1330,1739,Primary
2143,1330,2028,Primary
2144,1330,72,Primary
2145,1331,2263,Primary
2146,1331,665,Primary
2147,1332,843,Primary
2148,1333,1901,Primary
2149,1333,1011,Primary
2150,1334,2212,Primary
2151,1334,2932,Accomplice
2152,1334,554,Accomplice
2153,1335,2087,Primary
2154,1335,1635,Accomplice
2155,1335,609,Accomplice
2156,1336,170,Primary
2157,1337,391,Primary
2158,1338,559,Primary
2159,1338,1743,Conspirator
2160,1339,256,Primary
2161,1339,1246,Primary
2162,1339,1755,Primary
2163,1340,523,Primary
2164,1340,2532,Primary
2165,1340,1014,Accomplice
2166,1341,1049,Primary
2167,1341,710,Primary
2168,1342,145,Primary
2169,1342,2061,Accomplice
2170,1342,1968,Accomplice
2171,1343,760,Primary
2172,1343,15,Primary
2173,1344,2948,Primary
2174,1345,815,Primary
2175,1345,2900,Accomplice
2176,1346,280,Primary
2177,1347,302,Primary
2178,1348,2562,Primary
2179,1349,2614,Primary
2180,1350,672,Primary
2181,1350,674,Abettor
2182,1351,1073,Primary
2183,1352,486,Primary
2184,1352,2720,Accomplice
2185,1353,1232,Primary
2186,1354,1952,Primary
2187,1355,2642,Primary
2188,1355,1783,Primary
2189,1356,221,Primary
2190,1356,2635,Primary
2191,1357,2361,Primary
2192,1357,2768,Abettor
2193,1357,1974,Primary
2194,1358,942,Primary
2195,1358,1391,Primary
2196,1359,194,Primary
2197,1359,1533,Accomplice
2198,1360,1226,Primary
2199,1360,2879,Primary
2200,1360,1553,Accomplice
2201,1361,156,Primary
2202,1362,1000,Primary
2203,1362,2736,Accomplice
2204,1363,411,Primary
2205,1364,91,Primary
2206,1365,299,Primary
2207,1366,1366,Primary
2208,1367,1785,Primary
2209,1367,2146,Primary
2210,1368,1216,Primary
2211,1368,1539,Primary
2212,1369,2683,Primary
2213,1369,1183,Accomplice
2214,1370,1635,Primary
2215,1370,1713,Conspirator
2216,1371,1154,Primary
2217,1372,2961,Primary
2218,1373,2049,Primary
2219,1374,1831,Primary
2220,1375,111,Primary
2221,1376,2778,Primary
2222,1376,1249,Abettor
2223,1377,2453,Primary
2224,1378,2920,Primary
2225,1379,1493,Primary
2226,1380,2826,Primary
2227,1381,2837,Primary
2228,1381,1457,Abettor
2229,1382,300,Primary
2230,1382,2880,Conspirator
2231,1383,761,Primary
2232,1384,519,Primary
2233,1384,2732,Abettor
2234,1384,2655,Accomplice
2235,1385,2029,Primary
2236,1386,2277,Primary
2237,1386,2259,Abettor
2238,1386,1250,Primary
2239,1387,2354,Primary
2240,1387,2806,Accomplice
2241,1388,578,Primary
2242,1388,328,Conspirator
2243,1389,282,Primary
2244,1389,94,Accomplice
2245,1390,2844,Primary
2246,1390,1974,Accomplice
2247,1391,2167,Primary
2248,1391,2214,Primary
2249,1392,2862,Primary
2250,1393,2155,Primary
2251,1393,2420,Abettor
2252,1394,639,Primary
2253,1394,382,Primary
2254,1395,2337,Primary
2255,1395,2568,Primary
2256,1395,644,Primary
2257,1396,702,Primary
2258,1396,2319,Abettor
2259,1397,2551,Primary
2260,1397,939,Primary
2261,1398,1180,Primary
2262,1399,2594,Primary
2263,1400,1812,Primary
2264,1401,668,Primary
2265,1401,886,Conspirator
2266,1402,533,Primary
2267,1403,2894,Primary
2268,1403,2306,Primary
2269,1404,343,Primary
2270,1404,1007,Accomplice
2271,1405,275,Primary
2272,1405,2581,Abettor
2273,1406,1541,Primary
2274,1407,1249,Primary
2275,1408,2243,Primary
2276,1408,2089,Primary
2277,1409,466,Primary
2278,1410,1279,Primary
2279,1411,1093,Primary
2280,1412,2891,Primary
2281,1413,2040,Primary
2282,1414,372,Primary
2283,1415,1584,Primary
2284,1415,113,Primary
2285,1416,2987,Primary
2286,1417,1713,Primary
2287,1418,904,Primary
2288,1419,2738,Primary
2289,1420,1021,Primary
2290,1420,282,Accomplice
2291,1421,2188,Primary
2292,1422,67,Primary
2293,1422,2258,Primary
2294,1423,2073,Primary
2295,1423,556,Conspirator
2296,1424,2220,Primary
2297,1425,688,Primary
2298,1425,1547,Abettor
2299,1425,2845,Primary
2300,1426,1401,Primary
2301,1427,2366,Primary
2302,1428,483,Primary
2303,1429,2669,Primary
2304,1430,2337,Primary
2305,1431,920,Primary
2306,1431,1237,Abettor
2307,1432,211,Primary
2308,1433,376,Primary
2309,1433,1492,Primary
2310,1434,232,Primary
2311,1434,646,Primary
2312,1435,1386,Primary
2313,1436,2399,Primary
2314,1437,186,Primary
2315,1438,1025,Primary
2316,1439,2540,Primary
2317,1440,381,Primary
2318,1441,2817,Primary
2319,1442,2708,Primary
2320,1443,302,Primary
2321,1443,1151,Abettor
2322,1443,2195,Primary
2323,1444,2116,Primary
2324,1445,1071,Primary
2325,1446,2346,Primary
2326,1447,1886,Primary
2327,1447,986,Accomplice
2328,1448,750,Primary
2329,1449,59,Primary
2330,1450,371,Primary
2331,1451,1798,Primary
2332,1451,2944,Abettor
2333,1451,1431,Primary
2334,1452,1972,Primary
2335,1452,1945,Accomplice
2336,1453,2332,Primary
2337,1454,2535,Primary
2338,1454,1518,Accomplice
2339,1454,2641,Primary
2340,1455,255,Primary
2341,1456,2787,Primary
2342,1457,1610,Primary
2343,1458,1605,Primary
2344,1458,385,Accomplice
2345,1458,563,Primary
2346,1459,61,Primary
2347,1459,162,Primary
2348,1460,1495,Primary
2349,1460,2866,Primary
2350,1460,1821,Accomplice
2351,1461,193,Primary
2352,1461,692,Primary
2353,1462,2173,Primary
2354,1462,2669,Primary
2355,1463,1559,Primary
2356,1464,957,Primary
2357,1464,2087,Accomplice
2358,1464,2975,Primary
2359,1465,434,Primary
2360,1466,2287,Primary
2361,1466,2426,Primary
2362,1467,2671,Primary
2363,1467,1950,Primary
2364,1467,1735,Conspirator
2365,1468,1599,Primary
2366,1468,2630,Primary
2367,1469,2725,Primary
2368,1470,1108,Primary
2369,1470,2547,Accomplice
2370,1471,1649,Primary
2371,1471,77,Accomplice
2372,1472,1939,Primary
2373,1473,1077,Primary
2374,1473,2706,Abettor
2375,1474,898,Primary
2376,1475,1303,Primary
2377,1475,1361,Primary
2378,1476,679,Primary
2379,1476,2,Primary
2380,1477,16,Primary
2381,1477,1058,Accomplice
2382,1478,1188,Primary
2383,1479,3,Primary
2384,1480,2519,Primary
2385,1481,1466,Primary
2386,1481,962,Primary
2387,1481,1682,Primary
2388,1482,1652,Primary
2389,1482,1245,Accomplice
2390,1483,1222,Primary
2391,1484,260,Primary
2392,1484,1863,Abettor
2393,1485,2552,Primary
2394,1486,1214,Primary
2395,1486,246,Accomplice
2396,1487,565,Primary
2397,1488,1743,Primary
2398,1488,762,Abettor
2399,1489,1137,Primary
2400,1490,2942,Primary
2401,1491,2583,Primary
2402,1492,1077,Primary
2403,1492,1334,Primary
2404,1493,1074,Primary
2405,1493,2710,Abettor
2406,1494,11,Primary
2407,1494,552,Accomplice
2408,1495,335,Primary
2409,1495,1969,Abettor
2410,1496,337,Primary
2411,1497,2603,Primary
2412,1498,870,Primary
2413,1499,1584,Primary
2414,1499,2600,Accomplice
2415,1500,961,Primary
2416,1500,2079,Abettor
2417,1501,2199,Primary
2418,1502,2029,Primary
2419,1503,2633,Primary
2420,1504,2621,Primary
2421,1505,1466,Primary
2422,1505,2476,Accomplice
2423,1505,1847,Accomplice
2424,1506,1254,Primary
2425,1506,1746,Primary
2426,1507,2166,Primary
2427,1508,364,Primary
2428,1508,1659,Primary
2429,1509,1255,Primary
2430,1510,1514,Primary
2431,1511,1217,Primary
2432,1511,1559,Accomplice
2433,1512,1193,Primary
2434,1513,1455,Primary
2435,1513,2064,Primary
2436,1513,1765,Accomplice
2437,1514,451,Primary
2438,1515,652,Primary
2439,1516,1262,Primary
2440,1516,609,Abettor
2441,1517,2890,Primary
2442,1517,2711,Abettor
2443,1518,1066,Primary
2444,1519,120,Primary
2445,1519,2203,Accomplice
2446,1519,2996,Primary
2447,1520,1656,Primary
2448,1520,2511,Primary
2449,1520,2052,Primary
2450,1521,1179,Primary
2451,1521,360,Primary
2452,1521,2731,Accomplice
2453,1522,1820,Primary
2454,1522,2943,Primary
2455,1523,2145,Primary
2456,1524,2803,Primary
2457,1524,1811,Abettor
2458,1524,1554,Accomplice
2459,1525,1696,Primary
2460,1526,2962,Primary
2461,1527,871,Primary
2462,1528,1096,Primary
2463,1528,2533,Accomplice
2464,1529,434,Primary
2465,1529,894,Primary
2466,1529,1049,Accomplice
2467,1530,2703,Primary
2468,1531,583,Primary
2469,1532,2607,Primary
2470,1533,671,Primary
2471,1534,1789,Primary
2472,1535,1998,Primary
2473,1536,1216,Primary
2474,1537,2339,Primary
2475,1537,861,Primary
2476,1538,2147,Primary
2477,1539,2296,Primary
2478,1540,493,Primary
2479,1540,874,Accomplice
2480,1541,1043,Primary
2481,1542,2579,Primary
2482,1543,1139,Primary
2483,1544,145,Primary
2484,1544,2096,Primary
2485,1544,1517,Primary
2486,1545,2371,Primary
2487,1545,427,Primary
2488,1545,699,Primary
2489,1546,923,Primary
2490,1546,2596,Accomplice
2491,1546,299,Accomplice
2492,1547,391,Primary
2493,1547,1410,Accomplice
2494,1548,2165,Primary
2495,1549,2737,Primary
2496,1550,1473,Primary
2497,1550,2328,Primary
2498,1551,2820,Primary
2499,1552,1838,Primary
2500,1552,2830,Primary
2501,1552,2734,Primary
2502,1553,1726,Primary
2503,1553,2227,Primary
2504,1554,957,Primary
2505,1554,1499,Conspirator
2506,1554,1483,Primary
2507,1555,2881,Primary
2508,1556,2402,Primary
2509,1556,868,Primary
2510,1557,2838,Primary
2511,1557,42,Primary
2512,1557,2172,Accomplice
2513,1558,955,Primary
2514,1558,709,Accomplice
2515,1559,975,Primary
2516,1559,914,Accomplice
2517,1560,2439,Primary
2518,1560,514,Accomplice
2519,1560,1299,Accomplice
2520,1561,1882,Primary
2521,1562,2,Primary
2522,1563,220,Primary
2523,1564,497,Primary
2524,1564,2818,Primary
2525,1565,2231,Primary
2526,1566,648,Primary
2527,1567,2651,Primary
2528,1567,2721,Conspirator
2529,1568,486,Primary
2530,1569,1087,Primary
2531,1569,2919,Accomplice
2532,1570,1435,Primary
2533,1571,456,Primary
2534,1571,2373,Abettor
2535,1572,1053,Primary
2536,1573,2493,Primary
2537,1574,1162,Primary
2538,1575,2695,Primary
2539,1576,1136,Primary
2540,1576,2118,Abettor
2541,1576,592,Primary
2542,1577,2576,Primary
2543,1578,2702,Primary
2544,1579,1936,Primary
2545,1580,2673,Primary
2546,1580,1189,Primary
2547,1581,281,Primary
2548,1582,1366,Primary
2549,1583,1407,Primary
2550,1584,2095,Primary
2551,1585,10,Primary
2552,1585,1572,Accomplice
2553,1586,2365,Primary
2554,1586,693,Primary
2555,1587,254,Primary
2556,1587,48,Primary
2557,1587,2450,Primary
2558,1588,773,Primary
2559,1589,1683,Primary
2560,1589,760,Conspirator
2561,1590,1843,Primary
2562,1590,1778,Primary
2563,1591,121,Primary
2564,1592,545,Primary
2565,1592,2129,Primary
2566,1592,9,Accomplice
2567,1593,2558,Primary
2568,1593,796,Abettor
2569,1594,1204,Primary
2570,1594,2827,Primary
2571,1595,2305,Primary
2572,1595,2363,Accomplice
2573,1595,813,Primary
2574,1596,2989,Primary
2575,1596,1075,Primary
2576,1597,145,Primary
2577,1597,2892,Primary
2578,1598,1413,Primary
2579,1598,1211,Accomplice
2580,1598,2886,Primary
2581,1599,268,Primary
2582,1600,1354,Primary
2583,1600,2684,Primary
2584,1601,470,Primary
2585,1601,1,Primary
2586,1602,1980,Primary
2587,1602,2649,Abettor
2588,1602,1350,Primary
2589,1603,453,Primary
2590,1604,1747,Primary
2591,1605,570,Primary
2592,1606,34,Primary
2593,1606,1986,Primary
2594,1606,1754,Primary
2595,1607,269,Primary
2596,1607,559,Primary
2597,1608,643,Primary
2598,1608,1945,Primary
2599,1609,3,Primary
2600,1610,2621,Primary
2601,1611,1619,Primary
2602,1611,2412,Primary
2603,1611,99,Conspirator
2604,1612,2618,Primary
2605,1612,2858,Primary
2606,1613,89,Primary
2607,1614,2179,Primary
2608,1615,2475,Primary
2609,1615,1975,Conspirator
2610,1616,203,Primary
2611,1617,2028,Primary
2612,1617,1320,Accomplice
2613,1618,534,Primary
2614,1618,2006,Primary
2615,1619,2908,Primary
2616,1620,1214,Primary
2617,1621,1528,Primary
2618,1622,1576,Primary
2619,1623,228,Primary
2620,1623,2654,Abettor
2621,1623,995,Accomplice
2622,1624,2054,Primary
2623,1625,2076,Primary
2624,1626,842,Primary
2625,1627,37,Primary
2626,1627,2177,Primary
2627,1628,2426,Primary
2628,1629,2926,Primary
2629,1630,1837,Primary
2630,1631,3,Primary
2631,1632,2456,Primary
2632,1632,82,Conspirator
2633,1633,965,Primary
2634,1633,2084,Abettor
2635,1634,1946,Primary
2636,1635,2792,Primary
2637,1635,383,Primary
2638,1635,1484,Accomplice
2639,1636,359,Primary
2640,1637,2802,Primary
2641,1638,937,Primary
2642,1638,514,Abettor
2643,1639,1644,Primary
2644,1640,2841,Primary
2645,1641,983,Primary
2646,1642,148,Primary
2647,1642,1612,Primary
2648,1643,1189,Primary
2649,1643,2443,Primary
2650,1644,2363,Primary
2651,1644,501,Accomplice
2652,1645,193,Primary
2653,1646,121,Primary
2654,1646,2651,Accomplice
2655,1646,331,Conspirator
2656,1647,2696,Primary
2657,1647,1258,Accomplice
2658,1647,1696,Primary
2659,1648,663,Primary
2660,1649,1394,Primary
2661,1650,2514,Primary
2662,1651,845,Primary
2663,1652,1427,Primary
2664,1652,1055,Abettor
2665,1653,2323,Primary
2666,1653,1540,Primary
2667,1654,2368,Primary
2668,1654,1401,Primary
2669,1655,747,Primary
2670,1655,307,Primary
2671,1656,2082,Primary
2672,1657,634,Primary
2673,1657,1291,Accomplice
2674,1657,176,Accomplice
2675,1658,2076,Primary
2676,1658,2042,Primary
2677,1658,1052,Primary
2678,1659,1648,Primary
2679,1660,2787,Primary
2680,1660,2846,Abettor
2681,1661,170,Primary
2682,1662,39,Primary
2683,1663,412,Primary
2684,1664,1711,Primary
2685,1664,451,Primary
2686,1665,1839,Primary
2687,1665,145,Primary
2688,1665,954,Accomplice
2689,1666,550,Primary
2690,1667,2935,Primary
2691,1667,1747,Primary
2692,1668,333,Primary
2693,1669,2341,Primary
2694,1669,1175,Accomplice
2695,1670,2054,Primary
2696,1670,1175,Abettor
2697,1671,621,Primary
2698,1671,2961,Primary
2699,1672,269,Primary
2700,1672,2807,Abettor
2701,1672,568,Accomplice
2702,1673,1089,Primary
2703,1674,1803,Primary
2704,1674,567,Accomplice
2705,1675,1030,Primary
2706,1676,376,Primary
2707,1677,1121,Primary
2708,1678,851,Primary
2709,1679,2592,Primary
2710,1680,2984,Primary
2711,1681,2128,Primary
2712,1682,2542,Primary
2713,1682,1429,Primary
2714,1683,2000,Primary
2715,1684,2453,Primary
2716,1685,1936,Primary
2717,1685,803,Primary
2718,1685,772,Primary
2719,1686,969,Primary
2720,1687,725,Primary
2721,1688,786,Primary
2722,1688,1652,Accomplice
2723,1689,2728,Primary
2724,1689,2622,Primary
2725,1690,421,Primary
2726,1691,2770,Primary
2727,1692,299,Primary
2728,1693,2541,Primary
2729,1693,1662,Abettor
2730,1693,1994,Primary
2731,1694,818,Primary
2732,1695,430,Primary
2733,1696,277,Primary
2734,1696,2823,Primary
2735,1697,2325,Primary
2736,1698,2603,Primary
2737,1699,2453,Primary
2738,1700,937,Primary
2739,1700,2811,Accomplice
2740,1701,2317,Primary
2741,1701,1411,Primary
2742,1702,43,Primary
2743,1703,646,Primary
2744,1703,2447,Accomplice
2745,1704,1237,Primary
2746,1704,1766,Primary
2747,1704,493,Primary
2748,1705,449,Primary
2749,1706,2325,Primary
2750,1706,1432,Accomplice
2751,1707,2330,Primary
2752,1708,905,Primary
2753,1708,2617,Primary
2754,1709,928,Primary
2755,1710,724,Primary
2756,1711,96,Primary
2757,1712,879,Primary
2758,1713,2948,Primary
2759,1713,2705,Primary
2760,1714,1903,Primary
2761,1715,1130,Primary
2762,1715,681,Accomplice
2763,1716,2087,Primary
2764,1717,2172,Primary
2765,1718,798,Primary
2766,1719,1433,Primary
2767,1720,2837,Primary
2768,1720,1476,Primary
2769,1721,460,Primary
2770,1721,2128,Accomplice
2771,1721,1668,Accomplice
2772,1722,2076,Primary
2773,1723,1529,Primary
2774,1723,14,Abettor
2775,1724,1013,Primary
2776,1725,2598,Primary
2777,1726,430,Primary
2778,1726,438,Abettor
2779,1726,1149,Primary
2780,1727,1758,Primary
2781,1727,2115,Abettor
2782,1727,1402,Abettor
2783,1728,2024,Primary
2784,1728,1918,Conspirator
2785,1729,928,Primary
2786,1730,2800,Primary
2787,1731,1251,Primary
2788,1732,362,Primary
2789,1733,727,Primary
2790,1733,1456,Primary
2791,1733,2614,Primary
2792,1734,2551,Primary
2793,1734,851,Primary
2794,1735,2647,Primary
2795,1735,407,Primary
2796,1736,508,Primary
2797,1737,1363,Primary
2798,1738,1030,Primary
2799,1738,511,Primary
2800,1738,2133,Accomplice
2801,1739,148,Primary
2802,1740,2006,Primary
2803,1740,1594,Accomplice
2804,1740,1752,Accomplice
2805,1741,1262,Primary
2806,1742,461,Primary
2807,1743,2027,Primary
2808,1743,686,Abettor
2809,1743,537,Primary
2810,1744,2145,Primary
2811,1745,1113,Primary
2812,1746,2220,Primary
2813,1746,346,Accomplice
2814,1747,1584,Primary
2815,1747,1629,Abettor
2816,1748,61,Primary
2817,1749,1519,Primary
2818,1749,1575,Primary
2819,1749,1312,Conspirator
2820,1750,2850,Primary
2821,1751,2870,Primary
2822,1751,2056,Primary
2823,1752,1908,Primary
2824,1752,2182,Accomplice
2825,1752,1653,Primary
2826,1753,2341,Primary
2827,1753,2685,Primary
2828,1754,1051,Primary
2829,1755,1791,Primary
2830,1756,319,Primary
2831,1757,2886,Primary
2832,1758,2373,Primary
2833,1759,423,Primary
2834,1759,2528,Accomplice
2835,1760,2891,Primary
2836,1760,748,Conspirator
2837,1760,1901,Accomplice
2838,1761,1350,Primary
2839,1761,2209,Conspirator
2840,1761,282,Primary
2841,1762,1886,Primary
2842,1762,1011,Primary
2843,1762,1164,Primary
2844,1763,393,Primary
2845,1764,2626,Primary
2846,1764,50,Abettor
2847,1765,2626,Primary
2848,1766,818,Primary
2849,1767,2549,Primary
2850,1768,1932,Primary
2851,1768,257,Primary
2852,1769,2197,Primary
2853,1769,544,Abettor
2854,1769,1062,Primary
2855,1770,1325,Primary
2856,1771,1016,Primary
2857,1771,958,Primary
2858,1771,1682,Primary
2859,1772,628,Primary
2860,1773,1629,Primary
2861,1774,970,Primary
2862,1775,579,Primary
2863,1775,2097,Primary
2864,1775,2677,Primary
2865,1776,1577,Primary
2866,1776,2294,Primary
2867,1777,521,Primary
2868,1778,2796,Primary
2869,1779,1042,Primary
2870,1779,155,Primary
2871,1780,2813,Primary
2872,1780,2157,Primary
2873,1781,1098,Primary
2874,1782,438,Primary
2875,1783,1675,Primary
2876,1784,1513,Primary
2877,1785,1873,Primary
2878,1786,515,Primary
2879,1787,2671,Primary
2880,1788,2096,Primary
2881,1788,2099,Primary
2882,1788,2805,Accomplice
2883,1789,1541,Primary
2884,1790,727,Primary
2885,1790,1775,Abettor
2886,1790,1552,Primary
2887,1791,256,Primary
2888,1791,1378,Accomplice
2889,1792,945,Primary
2890,1793,1124,Primary
2891,1793,2115,Primary
2892,1793,2774,Primary
2893,1794,860,Primary
2894,1795,1794,Primary
2895,1796,136,Primary
2896,1796,1386,Accomplice
2897,1796,1221,Primary
2898,1797,112,Primary
2899,1798,2334,Primary
2900,1798,2524,Accomplice
2901,1799,1732,Primary
2902,1799,718,Primary
2903,1800,387,Primary
2904,1800,1435,Accomplice
2905,1801,1978,Primary
2906,1801,462,Primary
2907,1802,201,Primary
2908,1803,2158,Primary
2909,1804,124,Primary
2910,1804,2371,Primary
2911,1805,1254,Primary
2912,1805,823,Primary
2913,1806,298,Primary
2914,1807,1837,Primary
2915,1807,2221,Primary
2916,1808,337,Primary
2917,1808,1870,Primary
2918,1809,971,Primary
2919,1810,1493,Primary
2920,1810,1764,Primary
2921,1810,2780,Primary
2922,1811,2334,Primary
2923,1811,2972,Primary
2924,1812,1464,Primary
2925,1813,436,Primary
2926,1813,2126,Primary
2927,1813,2303,Accomplice
2928,1814,2104,Primary
2929,1815,2245,Primary
2930,1815,2007,Primary
2931,1815,1288,Accomplice
2932,1816,2311,Primary
2933,1817,1925,Primary
2934,1818,1934,Primary
2935,1819,2833,Primary
2936,1819,2174,Primary
2937,1819,2228,Accomplice
2938,1820,908,Primary
2939,1821,319,Primary
2940,1822,2504,Primary
2941,1823,1605,Primary
2942,1824,1117,Primary
2943,1825,1727,Primary
2944,1825,952,Primary
2945,1825,854,Conspirator
2946,1826,2762,Primary
2947,1827,2325,Primary
2948,1827,796,Primary
2949,1827,1712,Abettor
2950,1828,2865,Primary
2951,1829,1620,Primary
2952,1830,1318,Primary
2953,1831,880,Primary
2954,1832,2317,Primary
2955,1833,3,Primary
2956,1834,2551,Primary
2957,1835,2105,Primary
2958,1835,2325,Primary
2959,1836,1644,Primary
2960,1837,198,Primary
2961,1838,591,Primary
2962,1839,2754,Primary
2963,1840,2875,Primary
2964,1840,2378,Primary
2965,1841,2269,Primary
2966,1841,1504,Primary
2967,1842,1591,Primary
2968,1842,1655,Abettor
2969,1842,1232,Accomplice
2970,1843,2456,Primary
2971,1844,2555,Primary
2972,1844,2191,Abettor
2973,1845,906,Primary
2974,1846,1725,Primary
2975,1847,897,Primary
2976,1847,676,Accomplice
2977,1848,705,Primary
2978,1849,1151,Primary
2979,1850,86,Primary
2980,1851,40,Primary
2981,1852,736,Primary
2982,1852,1432,Accomplice
2983,1853,1731,Primary
2984,1854,1174,Primary
2985,1855,2068,Primary
2986,1856,2312,Primary
2987,1856,1690,Accomplice
2988,1856,1019,Accomplice
2989,1857,1473,Primary
2990,1857,825,Conspirator
2991,1858,2549,Primary
2992,1859,1529,Primary
2993,1859,684,Primary
2994,1859,1741,Accomplice
2995,1860,382,Primary
2996,1860,1831,Abettor
2997,1861,911,Primary
2998,1862,338,Primary
2999,1862,2017,Conspirator
3000,1862,606,Conspirator
3001,1863,398,Primary
3002,1863,1606,Abettor
3003,1863,1562,Primary
3004,1864,2047,Primary
3005,1864,1720,Abettor
3006,1864,457,Primary
3007,1865,144,Primary
3008,1865,2628,Abettor
3009,1866,907,Primary
3010,1867,845,Primary
3011,1867,2581,Accomplice
3012,1868,316,Primary
3013,1869,2669,Primary
3014,1870,393,Primary
3015,1870,1982,Accomplice
3016,1871,590,Primary
3017,1872,589,Primary
3018,1872,737,Primary
3019,1873,2416,Primary
3020,1873,466,Conspirator
3021,1874,1102,Primary
3022,1874,211,Conspirator
3023,1875,604,Primary
3024,1875,129,Primary
3025,1876,1781,Primary
3026,1876,1113,Conspirator
3027,1877,1394,Primary
3028,1878,526,Primary
3029,1878,1466,Primary
3030,1879,2411,Primary
3031,1880,966,Primary
3032,1881,2807,Primary
3033,1882,1405,Primary
3034,1883,1671,Primary
3035,1883,1426,Primary
3036,1883,1553,Primary
3037,1884,452,Primary
3038,1885,1809,Primary
3039,1885,693,Conspirator
3040,1886,2122,Primary
3041,1886,2181,Abettor
3042,1886,1834,Primary
3043,1887,2926,Primary
3044,1887,2547,Accomplice
3045,1888,753,Primary
3046,1889,1346,Primary
3047,1890,21,Primary
3048,1891,1484,Primary
3049,1891,2363,Accomplice
3050,1892,1192,Primary
3051,1893,1541,Primary
3052,1893,2211,Primary
3053,1894,214,Primary
3054,1895,2172,Primary
3055,1895,2591,Accomplice
3056,1896,1619,Primary
3057,1897,322,Primary
3058,1898,2521,Primary
3059,1898,797,Conspirator
3060,1898,405,Accomplice
3061,1899,564,Primary
3062,1899,1413,Primary
3063,1899,1304,Accomplice
3064,1900,935,Primary
3065,1900,1952,Accomplice
3066,1901,1071,Primary
3067,1901,1763,Primary
3068,1902,1976,Primary
3069,1903,1504,Primary
3070,1903,2622,Accomplice
3071,1903,2078,Abettor
3072,1904,1893,Primary
3073,1904,1358,Conspirator
3074,1904,688,Primary
3075,1905,2185,Primary
3076,1905,322,Primary
3077,1906,1559,Primary
3078,1906,852,Primary
3079,1906,488,Accomplice
3080,1907,1251,Primary
3081,1908,1350,Primary
3082,1909,1513,Primary
3083,1910,1216,Primary
3084,1911,145,Primary
3085,1911,1530,Primary
3086,1911,2721,Primary
3087,1912,2354,Primary
3088,1913,2378,Primary
3089,1914,2503,Primary
3090,1915,1461,Primary
3091,1916,269,Primary
3092,1916,697,Abettor
3093,1917,2236,Primary
3094,1918,164,Primary
3095,1918,695,Primary
3096,1919,284,Primary
3097,1920,143,Primary
3098,1921,344,Primary
3099,1922,1035,Primary
3100,1923,277,Primary
3101,1923,2699,Accomplice
3102,1924,821,Primary
3103,1925,2926,Primary
3104,1926,517,Primary
3105,1926,1990,Primary
3106,1927,999,Primary
3107,1928,1034,Primary
3108,1928,2723,Primary
3109,1928,444,Abettor
3110,1929,415,Primary
3111,1930,1626,Primary
3112,1931,2576,Primary
3113,1932,1101,Primary
3114,1932,1514,Abettor
3115,1933,354,Primary
3116,1933,2892,Abettor
3117,1933,2487,Primary
3118,1934,1513,Primary
3119,1934,2951,Primary
3120,1935,401,Primary
3121,1936,1733,Primary
3122,1937,824,Primary
3123,1938,2394,Primary
3124,1938,2665,Accomplice
3125,1938,459,Primary
3126,1939,505,Primary
3127,1940,1623,Primary
3128,1941,1928,Primary
3129,1941,2474,Primary
3130,1941,725,Conspirator
3131,1942,1955,Primary
3132,1942,1987,Accomplice
3133,1943,38,Primary
3134,1944,2851,Primary
3135,1945,1554,Primary
3136,1945,1181,Primary
3137,1946,1585,Primary
3138,1946,1255,Conspirator
3139,1947,1736,Primary
3140,1947,752,Primary
3141,1948,2351,Primary
3142,1949,464,Primary
3143,1949,1357,Primary
3144,1950,1931,Primary
3145,1950,307,Conspirator
3146,1951,2570,Primary
3147,1952,2919,Primary
3148,1953,2891,Primary
3149,1953,16,Primary
3150,1953,854,Accomplice
3151,1954,1763,Primary
3152,1954,1749,Primary
3153,1955,1251,Primary
3154,1956,1845,Primary
3155,1957,2694,Primary
3156,1958,550,Primary
3157,1959,224,Primary
3158,1959,1079,Primary
3159,1960,2146,Primary
3160,1961,2106,Primary
3161,1962,892,Primary
3162,1962,1744,Primary
3163,1963,899,Primary
3164,1963,573,Primary
3165,1964,242,Primary
3166,1965,11,Primary
3167,1966,898,Primary
3168,1967,1879,Primary
3169,1967,1423,Primary
3170,1967,2752,Primary
3171,1968,31,Primary
3172,1969,291,Primary
3173,1970,906,Primary
3174,1971,2825,Primary
3175,1971,780,Accomplice
3176,1971,2129,Accomplice
3177,1972,2478,Primary
3178,1972,2387,Primary
3179,1973,881,Primary
3180,1973,2008,Conspirator
3181,1973,234,Primary
3182,1974,2067,Primary
3183,1974,2541,Accomplice
3184,1975,1821,Primary
3185,1975,948,Abettor
3186,1976,2216,Primary
3187,1977,410,Primary
3188,1977,1211,Primary
3189,1978,1793,Primary
3190,1979,1395,Primary
3191,1979,306,Primary
3192,1979,1688,Primary
3193,1980,2857,Primary
3194,1981,965,Primary
3195,1982,977,Primary
3196,1983,34,Primary
3197,1984,2176,Primary
3198,1985,378,Primary
3199,1985,2180,Accomplice
3200,1986,1992,Primary
3201,1986,1450,Abettor
3202,1987,1567,Primary
3203,1987,28,Accomplice
3204,1988,1944,Primary
3205,1988,367,Conspirator
3206,1989,1869,Primary
3207,1989,1394,Primary
3208,1990,2277,Primary
3209,1991,966,Primary
3210,1991,2168,Primary
3211,1992,2293,Primary
3212,1992,672,Primary
3213,1992,1564,Primary
3214,1993,1070,Primary
3215,1993,408,Accomplice
3216,1994,1081,Primary
3217,1994,1649,Primary
3218,1995,2075,Primary
3219,1996,2648,Primary
3220,1997,2889,Primary
3221,1997,191,Primary
3222,1997,1240,Primary
3223,1998,479,Primary
3224,1999,1478,Primary
3225,2000,61,Primary
3226,2001,931,Primary
3227,2001,102,Accomplice
3228,2001,41,Conspirator
3229,2002,2470,Primary
3230,2002,2219,Abettor
3231,2003,550,Primary
3232,2003,1367,Abettor
3233,2004,2549,Primary
3234,2004,1229,Accomplice
3235,2005,380,Primary
3236,2005,2543,Primary
3237,2006,2537,Primary
3238,2007,2072,Primary
3239,2008,1266,Primary
3240,2009,2304,Primary
3241,2010,2479,Primary
3242,2010,103,Abettor
3243,2011,2605,Primary
3244,2012,2327,Primary
3245,2013,43,Primary
3246,2014,413,Primary
3247,2014,300,Primary
3248,2015,2453,Primary
3249,2015,223,Accomplice
3250,2015,1273,Primary
3251,2016,1487,Primary
3252,2017,310,Primary
3253,2017,981,Accomplice
3254,2017,43,Primary
3255,2018,2357,Primary
3256,2018,1909,Primary
3257,2019,1189,Primary
3258,2019,1320,Primary
3259,2020,599,Primary
3260,2021,920,Primary
3261,2021,2608,Primary
3262,2022,2365,Primary
3263,2022,1310,Primary
3264,2023,2548,Primary
3265,2023,2787,Conspirator
3266,2024,2836,Primary
3267,2025,2589,Primary
3268,2026,1965,Primary
3269,2027,1654,Primary
3270,2027,306,Primary
3271,2028,132,Primary
3272,2029,1055,Primary
3273,2030,2519,Primary
3274,2030,984,Primary
3275,2030,1973,Primary
3276,2031,1860,Primary
3277,2032,466,Primary
3278,2032,130,Primary
3279,2032,1146,Primary
3280,2033,1306,Primary
3281,2033,1646,Primary
3282,2033,1727,Abettor
3283,2034,2955,Primary
3284,2035,753,Primary
3285,2035,1374,Abettor
3286,2035,1665,Primary
3287,2036,1465,Primary
3288,2037,943,Primary
3289,2037,1249,Primary
3290,2038,369,Primary
3291,2038,1631,Primary
3292,2038,2467,Primary
3293,2039,325,Primary
3294,2040,1289,Primary
3295,2041,1748,Primary
3296,2042,512,Primary
3297,2043,36,Primary
3298,2044,2895,Primary
3299,2045,2459,Primary
3300,2045,1783,Primary
3301,2046,2700,Primary
3302,2047,810,Primary
3303,2048,379,Primary
3304,2048,230,Primary
3305,2049,352,Primary
3306,2050,1381,Primary
3307,2050,2314,Primary
3308,2050,1291,Accomplice
3309,2051,57,Primary
3310,2052,164,Primary
3311,2052,145,Conspirator
3312,2053,1473,Primary
3313,2053,1215,Primary
3314,2054,2585,Primary
3315,2054,2986,Accomplice
3316,2054,2129,Abettor
3317,2055,445,Primary
3318,2056,627,Primary
3319,2057,283,Primary
3320,2057,1110,Accomplice
3321,2058,2341,Primary
3322,2059,979,Primary
3323,2060,926,Primary
3324,2061,1228,Primary
3325,2061,100,Primary
3326,2062,170,Primary
3327,2062,1711,Accomplice
3328,2062,444,Primary
3329,2063,1366,Primary
3330,2064,1869,Primary
3331,2064,1904,Primary
3332,2064,879,Primary
3333,2065,568,Primary
3334,2065,59,Primary
3335,2066,493,Primary
3336,2067,1214,Primary
3337,2067,2378,Abettor
3338,2067,860,Accomplice
3339,2068,217,Primary
3340,2069,2744,Primary
3341,2070,2686,Primary
3342,2070,2854,Primary
3343,2071,1773,Primary
3344,2071,777,Primary
3345,2071,2269,Primary
3346,2072,2924,Primary
3347,2072,1173,Primary
3348,2073,2038,Primary
3349,2073,2880,Abettor
3350,2074,217,Primary
3351,2074,935,Accomplice
3352,2075,2448,Primary
3353,2076,2884,Primary
3354,2077,1224,Primary
3355,2077,2882,Accomplice
3356,2077,849,Primary
3357,2078,1501,Primary
3358,2078,104,Accomplice
3359,2078,2290,Abettor
3360,2079,2035,Primary
3361,2079,238,Primary
3362,2080,1899,Primary
3363,2080,1656,Accomplice
3364,2081,2896,Primary
3365,2082,2747,Primary
3366,2082,2120,Accomplice
3367,2083,1422,Primary
3368,2084,2807,Primary
3369,2085,2688,Primary
3370,2086,170,Primary
3371,2086,2782,Primary
3372,2087,2769,Primary
3373,2087,1927,Accomplice
3374,2088,1394,Primary
3375,2089,1343,Primary
3376,2090,1244,Primary
3377,2090,2197,Accomplice
3378,2091,1445,Primary
3379,2092,2853,Primary
3380,2092,1272,Accomplice
3381,2093,768,Primary
3382,2093,2986,Primary
3383,2094,1062,Primary
3384,2095,1526,Primary
3385,2095,512,Accomplice
3386,2095,1337,Accomplice
3387,2096,1817,Primary
3388,2097,558,Primary
3389,2098,2324,Primary
3390,2098,504,Primary
3391,2098,188,Accomplice
3392,2099,1416,Primary
3393,2099,322,Primary
3394,2100,1272,Primary
3395,2100,1477,Primary
3396,2101,1901,Primary
3397,2102,780,Primary
3398,2102,956,Abettor
3399,2103,957,Primary
3400,2103,1647,Accomplice
3401,2104,1953,Primary
3402,2105,2028,Primary
3403,2105,1448,Primary
3404,2106,2185,Primary
3405,2107,1541,Primary
3406,2108,1794,Primary
3407,2108,1692,Conspirator
3408,2108,890,Accomplice
3409,2109,2387,Primary
3410,2109,2201,Primary
3411,2109,737,Accomplice
3412,2110,2366,Primary
3413,2111,2174,Primary
3414,2112,1295,Primary
3415,2112,2194,Accomplice
3416,2113,1869,Primary
3417,2113,1274,Accomplice
3418,2113,1363,Accomplice
3419,2114,2845,Primary
3420,2115,1882,Primary
3421,2115,489,Primary
3422,2116,2926,Primary
3423,2117,2048,Primary
3424,2117,1319,Accomplice
3425,2118,2398,Primary
3426,2119,29,Primary
3427,2120,1058,Primary
3428,2120,400,Primary
3429,2120,2848,Abettor
3430,2121,1067,Primary
3431,2122,1727,Primary
3432,2122,1938,Primary
3433,2122,2329,Primary
3434,2123,1584,Primary
3435,2124,724,Primary
3436,2125,1977,Primary
3437,2125,927,Accomplice
3438,2126,1868,Primary
3439,2127,2032,Primary
3440,2127,2856,Primary
3441,2128,955,Primary
3442,2129,1473,Primary
3443,2130,210,Primary
3444,2131,254,Primary
3445,2131,2246,Conspirator
3446,2132,764,Primary
3447,2133,1559,Primary
3448,2134,2885,Primary
3449,2135,1787,Primary
3450,2135,702,Primary
3451,2135,2902,Primary
3452,2136,2360,Primary
3453,2136,2617,Accomplice
3454,2136,1224,Abettor
3455,2137,33,Primary
3456,2137,1966,Abettor
3457,2137,2455,Primary
3458,2138,1698,Primary
3459,2139,549,Primary
3460,2140,992,Primary
3461,2140,1606,Abettor
3462,2141,2110,Primary
3463,2142,1510,Primary
3464,2143,1704,Primary
3465,2144,2216,Primary
3466,2145,775,Primary
3467,2146,2857,Primary
3468,2147,2744,Primary
3469,2147,2147,Primary
3470,2148,694,Primary
3471,2149,2689,Primary
3472,2149,2963,Primary
3473,2149,799,Accomplice
3474,2150,2257,Primary
3475,2150,452,Accomplice
3476,2151,2204,Primary
3477,2152,2650,Primary
3478,2152,1271,Abettor
3479,2152,2136,Primary
3480,2153,2528,Primary
3481,2153,2754,Primary
3482,2153,618,Primary
3483,2154,688,Primary
3484,2154,1846,Abettor
3485,2155,2938,Primary
3486,2155,1024,Primary
3487,2156,1739,Primary
3488,2156,36,Conspirator
3489,2157,1763,Primary
3490,2158,131,Primary
3491,2159,2459,Primary
3492,2159,1024,Primary
3493,2160,180,Primary
3494,2161,2993,Primary
3495,2162,508,Primary
3496,2163,845,Primary
3497,2164,963,Primary
3498,2165,29,Primary
3499,2165,2052,Conspirator
3500,2166,2493,Primary
3501,2166,806,Primary
3502,2166,2396,Primary
3503,2167,1310,Primary
3504,2167,1247,Primary
3505,2167,2820,Primary
3506,2168,1596,Primary
3507,2169,182,Primary
3508,2169,195,Accomplice
3509,2169,1719,Primary
3510,2170,362,Primary
3511,2171,2863,Primary
3512,2171,1336,Accomplice
3513,2171,973,Primary
3514,2172,2054,Primary
3515,2173,1623,Primary
3516,2173,506,Conspirator
3517,2173,2291,Primary
3518,2174,1929,Primary
3519,2175,1786,Primary
3520,2175,1768,Primary
3521,2175,1456,Primary
3522,2176,1576,Primary
3523,2177,1915,Primary
3524,2177,2489,Primary
3525,2178,356,Primary
3526,2179,2095,Primary
3527,2179,832,Accomplice
3528,2180,1050,Primary
3529,2180,688,Abettor
3530,2180,931,Primary
3531,2181,10,Primary
3532,2182,822,Primary
3533,2183,1002,Primary
3534,2183,2706,Primary
3535,2184,211,Primary
3536,2184,324,Primary
3537,2185,1439,Primary
3538,2186,581,Primary
3539,2187,1841,Primary
3540,2188,53,Primary
3541,2188,495,Accomplice
3542,2188,422,Primary
3543,2189,1471,Primary
3544,2190,1418,Primary
3545,2191,1122,Primary
3546,2191,79,Accomplice
3547,2191,1401,Primary
3548,2192,2054,Primary
3549,2193,937,Primary
3550,2193,2507,Accomplice
3551,2194,1861,Primary
3552,2194,1090,Primary
3553,2194,1132,Primary
3554,2195,1658,Primary
3555,2195,537,Primary
3556,2196,1930,Primary
3557,2196,889,Accomplice
3558,2197,2086,Primary
3559,2197,1159,Conspirator
3560,2197,2777,Conspirator
3561,2198,256,Primary
3562,2199,131,Primary
3563,2200,964,Primary
3564,2201,1302,Primary
3565,2202,2312,Primary
3566,2203,2588,Primary
3567,2204,1293,Primary
3568,2205,552,Primary
3569,2205,1185,Primary
3570,2205,1262,Accomplice
3571,2206,1061,Primary
3572,2207,353,Primary
3573,2208,256,Primary
3574,2208,120,Primary
3575,2209,1941,Primary
3576,2210,1158,Primary
3577,2211,417,Primary
3578,2212,2089,Primary
3579,2212,444,Primary
3580,2213,1484,Primary
3581,2213,610,Primary
3582,2214,2314,Primary
3583,2215,2912,Primary
3584,2216,1310,Primary
3585,2217,977,Primary
3586,2217,1935,Accomplice
3587,2218,1933,Primary
3588,2218,497,Primary
3589,2218,1965,Abettor
3590,2219,1955,Primary
3591,2219,267,Accomplice
3592,2220,2063,Primary
3593,2220,1400,Primary
3594,2221,1381,Primary
3595,2222,2070,Primary
3596,2222,1275,Conspirator
3597,2223,1576,Primary
3598,2223,2626,Primary
3599,2223,848,Accomplice
3600,2224,1308,Primary
3601,2224,1212,Accomplice
3602,2224,112,Accomplice
3603,2225,728,Primary
3604,2225,908,Accomplice
3605,2225,1296,Accomplice
3606,2226,1546,Primary
3607,2227,420,Primary
3608,2228,2067,Primary
3609,2229,337,Primary
3610,2229,108,Accomplice
3611,2230,845,Primary
3612,2231,2775,Primary
3613,2231,153,Primary
3614,2231,2882,Conspirator
3615,2232,2940,Primary
3616,2233,2280,Primary
3617,2233,1524,Primary
3618,2234,24,Primary
3619,2235,51,Primary
3620,2235,2217,Primary
3621,2236,1589,Primary
3622,2237,2350,Primary
3623,2237,75,Accomplice
3624,2238,1438,Primary
3625,2238,225,Primary
3626,2239,1755,Primary
3627,2240,2045,Primary
3628,2241,1633,Primary
3629,2242,2845,Primary
3630,2243,2418,Primary
3631,2244,416,Primary
3632,2245,1060,Primary
3633,2245,1352,Primary
3634,2246,1498,Primary
3635,2246,2049,Accomplice
3636,2247,2677,Primary
3637,2248,2812,Primary
3638,2249,2171,Primary
3639,2250,937,Primary
3640,2251,2162,Primary
3641,2252,602,Primary
3642,2252,2497,Primary
3643,2252,603,Abettor
3644,2253,1244,Primary
3645,2253,2518,Primary
3646,2254,1874,Primary
3647,2255,3,Primary
3648,2256,742,Primary
3649,2257,756,Primary
3650,2257,1049,Abettor
3651,2258,622,Primary
3652,2258,1655,Accomplice
3653,2259,2429,Primary
3654,2259,1078,Primary
3655,2260,2047,Primary
3656,2261,376,Primary
3657,2261,260,Primary
3658,2262,2257,Primary
3659,2263,1422,Primary
3660,2264,1050,Primary
3661,2264,1870,Abettor
3662,2265,193,Primary
3663,2266,1472,Primary
3664,2266,1062,Primary
3665,2267,1900,Primary
3666,2267,1116,Primary
3667,2268,1456,Primary
3668,2268,1885,Accomplice
3669,2269,1621,Primary
3670,2269,1021,Accomplice
3671,2270,256,Primary
3672,2270,1636,Primary
3673,2271,639,Primary
3674,2272,2376,Primary
3675,2273,444,Primary
3676,2273,2616,Abettor
3677,2274,2067,Primary
3678,2274,2732,Accomplice
3679,2275,377,Primary
3680,2276,440,Primary
3681,2277,1257,Primary
3682,2278,1862,Primary
3683,2278,536,Primary
3684,2278,2066,Primary
3685,2279,2221,Primary
3686,2280,2318,Primary
3687,2281,153,Primary
3688,2282,1591,Primary
3689,2282,2663,Primary
3690,2283,2926,Primary
3691,2283,90,Primary
3692,2284,2347,Primary
3693,2284,803,Accomplice
3694,2285,3,Primary
3695,2286,2989,Primary
3696,2287,1732,Primary
3697,2288,247,Primary
3698,2289,942,Primary
3699,2289,688,Primary
3700,2290,1453,Primary
3701,2290,1325,Primary
3702,2290,2571,Conspirator
3703,2291,178,Primary
3704,2292,1856,Primary
3705,2292,391,Primary
3706,2293,2174,Primary
3707,2294,753,Primary
3708,2294,1926,Primary
3709,2295,2459,Primary
3710,2295,1491,Primary
3711,2295,2214,Primary
3712,2296,425,Primary
3713,2296,2785,Primary
3714,2297,1357,Primary
3715,2297,1313,Accomplice
3716,2298,1337,Primary
3717,2298,2319,Primary
3718,2299,561,Primary
3719,2299,501,Accomplice
3720,2300,1726,Primary
3721,2300,571,Abettor
3722,2300,1465,Accomplice
3723,2301,56,Primary
3724,2301,1598,Accomplice
3725,2301,1154,Abettor
3726,2302,986,Primary
3727,2302,898,Abettor
3728,2303,1371,Primary
3729,2303,658,Primary
3730,2303,1526,Primary
3731,2304,1512,Primary
3732,2304,458,Primary
3733,2305,1963,Primary
3734,2305,272,Accomplice
3735,2305,2072,Primary
3736,2306,963,Primary
3737,2307,1478,Primary
3738,2307,884,Primary
3739,2307,2220,Accomplice
3740,2308,805,Primary
3741,2309,2729,Primary
3742,2309,956,Accomplice
3743,2309,1046,Primary
3744,2310,2567,Primary
3745,2311,237,Primary
3746,2312,653,Primary
3747,2313,388,Primary
3748,2314,2589,Primary
3749,2314,2329,Primary
3750,2314,429,Conspirator
3751,2315,1199,Primary
3752,2316,718,Primary
3753,2317,108,Primary
3754,2318,1447,Primary
3755,2318,233,Accomplice
3756,2319,470,Primary
3757,2319,701,Primary
3758,2320,1997,Primary
3759,2320,1732,Primary
3760,2321,2166,Primary
3761,2322,1882,Primary
3762,2322,2805,Accomplice
3763,2323,512,Primary
3764,2324,1122,Primary
3765,2324,619,Primary
3766,2324,717,Primary
3767,2325,2329,Primary
3768,2326,397,Primary
3769,2327,725,Primary
3770,2328,322,Primary
3771,2329,2987,Primary
3772,2330,1757,Primary
3773,2330,1950,Primary
3774,2331,2311,Primary
3775,2331,1358,Primary
3776,2332,2371,Primary
3777,2333,676,Primary
3778,2334,497,Primary
3779,2335,388,Primary
3780,2336,2446,Primary
3781,2336,640,Primary
3782,2336,1490,Primary
3783,2337,2543,Primary
3784,2338,2205,Primary
3785,2338,1875,Accomplice
3786,2339,806,Primary
3787,2340,1641,Primary
3788,2340,1922,Accomplice
3789,2341,761,Primary
3790,2342,1438,Primary
3791,2343,1258,Primary
3792,2343,1660,Primary
3793,2344,293,Primary
3794,2345,1906,Primary
3795,2345,2459,Abettor
3796,2345,906,Primary
3797,2346,517,Primary
3798,2347,2470,Primary
3799,2348,2692,Primary
3800,2349,116,Primary
3801,2350,283,Primary
3802,2351,2945,Primary
3803,2352,2873,Primary
3804,2353,1174,Primary
3805,2354,700,Primary
3806,2355,643,Primary
3807,2355,2355,Accomplice
3808,2356,1763,Primary
3809,2356,2449,Primary
3810,2357,2761,Primary
3811,2358,23,Primary
3812,2359,2360,Primary
3813,2360,726,Primary
3814,2361,2679,Primary
3815,2362,679,Primary
3816,2362,2231,Primary
3817,2363,2416,Primary
3818,2363,1010,Accomplice
3819,2364,2837,Primary
3820,2364,1182,Conspirator
3821,2365,2040,Primary
3822,2366,50,Primary
3823,2366,1010,Primary
3824,2366,1112,Primary
3825,2367,905,Primary
3826,2367,2556,Primary
3827,2367,2442,Primary
3828,2368,1661,Primary
3829,2368,219,Accomplice
3830,2368,2208,Primary
3831,2369,2897,Primary
3832,2370,2710,Primary
3833,2371,1441,Primary
3834,2371,305,Primary
3835,2372,1243,Primary
3836,2373,1555,Primary
3837,2373,1538,Primary
3838,2373,1886,Primary
3839,2374,2238,Primary
3840,2375,2934,Primary
3841,2375,1014,Conspirator
3842,2376,2456,Primary
3843,2377,1468,Primary
3844,2378,36,Primary
3845,2379,876,Primary
3846,2379,1679,Accomplice
3847,2379,324,Accomplice
3848,2380,2031,Primary
3849,2381,935,Primary
3850,2382,1528,Primary
3851,2383,1122,Primary
3852,2384,557,Primary
3853,2384,1623,Accomplice
3854,2385,1124,Primary
3855,2385,1336,Primary
3856,2385,2498,Accomplice
3857,2386,1439,Primary
3858,2386,33,Conspirator
3859,2386,1922,Accomplice
3860,2387,2990,Primary
3861,2388,564,Primary
3862,2388,108,Primary
3863,2388,1558,Primary
3864,2389,1868,Primary
3865,2390,1608,Primary
3866,2391,1950,Primary
3867,2392,283,Primary
3868,2392,2925,Primary
3869,2392,2135,Accomplice
3870,2393,1107,Primary
3871,2394,561,Primary
3872,2394,2788,Primary
3873,2395,2508,Primary
3874,2396,802,Primary
3875,2397,80,Primary
3876,2398,1108,Primary
3877,2398,1604,Primary
3878,2398,215,Abettor
3879,2399,2907,Primary
3880,2400,95,Primary
3881,2400,598,Primary
3882,2401,1509,Primary
3883,2402,1464,Primary
3884,2403,1532,Primary
3885,2403,1939,Accomplice
3886,2403,119,Primary
3887,2404,782,Primary
3888,2405,2690,Primary
3889,2405,935,Primary
3890,2406,1383,Primary
3891,2406,2260,Accomplice
3892,2407,199,Primary
3893,2408,284,Primary
3894,2408,2432,Primary
3895,2408,1948,Abettor
3896,2409,2253,Primary
3897,2410,2477,Primary
3898,2410,2806,Accomplice
3899,2411,2773,Primary
3900,2411,2290,Accomplice
3901,2411,2735,Primary
3902,2412,393,Primary
3903,2413,2417,Primary
3904,2414,279,Primary
3905,2414,929,Accomplice
3906,2415,1174,Primary
3907,2415,932,Primary
3908,2415,1895,Primary
3909,2416,592,Primary
3910,2417,2832,Primary
3911,2418,2075,Primary
3912,2418,2689,Primary
3913,2419,2178,Primary
3914,2420,2907,Primary
3915,2420,394,Abettor
3916,2421,2042,Primary
3917,2421,1298,Conspirator
3918,2422,454,Primary
3919,2423,1648,Primary
3920,2424,282,Primary
3921,2425,1577,Primary
3922,2425,2608,Primary
3923,2426,584,Primary
3924,2427,1555,Primary
3925,2427,293,Primary
3926,2428,1931,Primary
3927,2429,406,Primary
3928,2429,745,Primary
3929,2430,1288,Primary
3930,2430,2560,Primary
3931,2431,474,Primary
3932,2431,1628,Primary
3933,2432,2126,Primary
3934,2432,954,Primary
3935,2432,1886,Abettor
3936,2433,562,Primary
3937,2434,1280,Primary
3938,2435,807,Primary
3939,2436,172,Primary
3940,2436,1841,Accomplice
3941,2437,1500,Primary
3942,2437,2528,Abettor
3943,2438,333,Primary
3944,2439,2585,Primary
3945,2440,365,Primary
3946,2441,2363,Primary
3947,2441,2677,Primary
3948,2442,1217,Primary
3949,2443,1493,Primary
3950,2444,2361,Primary
3951,2444,629,Primary
3952,2445,1848,Primary
3953,2446,2706,Primary
3954,2446,519,Primary
3955,2447,143,Primary
3956,2448,1452,Primary
3957,2448,2289,Primary
3958,2449,2710,Primary
3959,2449,2269,Primary
3960,2450,1388,Primary
3961,2451,2214,Primary
3962,2451,2569,Primary
3963,2451,1903,Conspirator
3964,2452,1038,Primary
3965,2452,2212,Primary
3966,2453,2938,Primary
3967,2454,981,Primary
3968,2455,593,Primary
3969,2455,697,Primary
3970,2456,221,Primary
3971,2457,1479,Primary
3972,2457,2448,Abettor
3973,2458,857,Primary
3974,2458,2084,Accomplice
3975,2459,1827,Primary
3976,2459,944,Primary
3977,2460,2727,Primary
3978,2460,2337,Accomplice
3979,2460,802,Primary
3980,2461,2636,Primary
3981,2461,2129,Accomplice
3982,2461,2658,Primary
3983,2462,846,Primary
3984,2463,733,Primary
3985,2464,2154,Primary
3986,2464,1004,Accomplice
3987,2465,124,Primary
3988,2466,845,Primary
3989,2467,1179,Primary
3990,2467,1050,Accomplice
3991,2467,2205,Accomplice
3992,2468,2845,Primary
3993,2469,703,Primary
3994,2469,2348,Accomplice
3995,2470,494,Primary
3996,2471,1070,Primary
3997,2471,2074,Accomplice
3998,2472,2137,Primary
3999,2472,2906,Accomplice
4000,2473,874,Primary
4001,2474,523,Primary
4002,2475,2182,Primary
4003,2475,2417,Primary
4004,2475,1983,Primary
4005,2476,86,Primary
4006,2477,1553,Primary
4007,2478,1552,Primary
4008,2479,1396,Primary
4009,2480,1513,Primary
4010,2481,913,Primary
4011,2481,1725,Abettor
4012,2482,1228,Primary
4013,2482,2045,Accomplice
4014,2483,998,Primary
4015,2484,1513,Primary
4016,2485,588,Primary
4017,2486,2596,Primary
4018,2486,411,Accomplice
4019,2487,2276,Primary
4020,2488,2587,Primary
4021,2489,1823,Primary
4022,2489,576,Accomplice
4023,2490,564,Primary
4024,2490,2945,Primary
4025,2490,1801,Primary
4026,2491,461,Primary
4027,2492,2786,Primary
4028,2492,2588,Accomplice
4029,2493,1325,Primary
4030,2494,871,Primary
4031,2495,1488,Primary
4032,2496,959,Primary
4033,2497,1739,Primary
4034,2497,2872,Accomplice
4035,2498,549,Primary
4036,2498,2368,Abettor
4037,2499,1364,Primary
4038,2500,1784,Primary
4039,2500,2814,Accomplice
4040,2501,1871,Primary
4041,2501,2193,Accomplice
4042,2502,717,Primary
4043,2503,2856,Primary
4044,2503,1802,Primary
4045,2504,198,Primary
4046,2505,151,Primary
4047,2506,364,Primary
4048,2507,1576,Primary
4049,2508,2906,Primary
4050,2508,1881,Primary
4051,2509,1278,Primary
4052,2510,576,Primary
4053,2511,783,Primary
4054,2512,1824,Primary
4055,2513,720,Primary
4056,2514,1788,Primary
4057,2514,613,Primary
4058,2515,2982,Primary
4059,2515,689,Primary
4060,2516,242,Primary
4061,2517,2689,Primary
4062,2517,1327,Conspirator
4063,2518,1030,Primary
4064,2519,955,Primary
4065,2519,2718,Primary
4066,2520,2680,Primary
4067,2521,2570,Primary
4068,2521,1760,Abettor
4069,2522,930,Primary
4070,2522,437,Accomplice
4071,2522,2031,Primary
4072,2523,2779,Primary
4073,2524,1744,Primary
4074,2524,1427,Primary
4075,2524,1029,Primary
4076,2525,735,Primary
4077,2526,818,Primary
4078,2527,2921,Primary
4079,2527,2005,Conspirator
4080,2527,2055,Accomplice
4081,2528,2804,Primary
4082,2528,2971,Primary
4083,2529,1092,Primary
4084,2530,1607,Primary
4085,2530,402,Primary
4086,2531,1310,Primary
4087,2532,2549,Primary
4088,2533,2067,Primary
4089,2533,1034,Abettor
4090,2534,2411,Primary
4091,2535,846,Primary
4092,2535,31,Primary
4093,2536,682,Primary
4094,2536,836,Primary
4095,2536,19,Accomplice
4096,2537,1794,Primary
4097,2537,993,Conspirator
4098,2537,2328,Primary
4099,2538,2971,Primary
4100,2539,1090,Primary
4101,2540,2313,Primary
4102,2540,1848,Primary
4103,2541,186,Primary
4104,2541,2153,Accomplice
4105,2541,2962,Accomplice
4106,2542,1475,Primary
4107,2543,2107,Primary
4108,2544,1250,Primary
4109,2544,366,Primary
4110,2545,2176,Primary
4111,2545,2224,Conspirator
4112,2546,2258,Primary
4113,2547,1798,Primary
4114,2547,73,Abettor
4115,2548,1606,Primary
4116,2548,2709,Primary
4117,2548,1670,Accomplice
4118,2549,775,Primary
4119,2550,2394,Primary
4120,2551,453,Primary
4121,2552,1074,Primary
4122,2552,1242,Primary
4123,2552,826,Primary
4124,2553,2179,Primary
4125,2554,1930,Primary
4126,2554,125,Accomplice
4127,2555,415,Primary
4128,2556,383,Primary
4129,2557,2179,Primary
4130,2558,1862,Primary
4131,2559,372,Primary
4132,2559,142,Accomplice
4133,2560,9,Primary
4134,2560,1014,Abettor
4135,2561,1478,Primary
4136,2562,999,Primary
4137,2563,1890,Primary
4138,2564,1890,Primary
4139,2565,2190,Primary
4140,2566,1971,Primary
4141,2567,2750,Primary
4142,2567,1906,Primary
4143,2568,1358,Primary
4144,2569,2812,Primary
4145,2570,1175,Primary
4146,2571,1178,Primary
4147,2571,1673,Abettor
4148,2572,344,Primary
4149,2572,808,Abettor
4150,2573,1732,Primary
4151,2574,1720,Primary
4152,2575,227,Primary
4153,2576,2609,Primary
4154,2576,1884,Primary
4155,2576,890,Accomplice
4156,2577,369,Primary
4157,2577,1761,Primary
4158,2578,1007,Primary
4159,2579,639,Primary
4160,2580,2508,Primary
4161,2580,2752,Accomplice
4162,2581,2608,Primary
4163,2582,2659,Primary
4164,2582,2906,Abettor
4165,2582,185,Accomplice
4166,2583,1524,Primary
4167,2584,2163,Primary
4168,2585,2460,Primary
4169,2586,665,Primary
4170,2586,1902,Abettor
4171,2586,2116,Accomplice
4172,2587,1861,Primary
4173,2588,2589,Primary
4174,2588,2386,Accomplice
4175,2589,1548,Primary
4176,2589,591,Accomplice
4177,2589,1391,Primary
4178,2590,330,Primary
4179,2590,1111,Primary
4180,2591,2892,Primary
4181,2592,300,Primary
4182,2593,1807,Primary
4183,2593,982,Primary
4184,2594,1501,Primary
4185,2594,2246,Primary
4186,2594,913,Primary
4187,2595,2062,Primary
4188,2596,1354,Primary
4189,2596,790,Accomplice
4190,2596,1531,Primary
4191,2597,2334,Primary
4192,2598,1584,Primary
4193,2599,1964,Primary
4194,2600,2292,Primary
4195,2601,1915,Primary
4196,2601,587,Primary
4197,2602,1467,Primary
4198,2602,228,Primary
4199,2602,2738,Accomplice
4200,2603,198,Primary
4201,2603,539,Primary
4202,2604,803,Primary
4203,2604,1074,Abettor
4204,2605,659,Primary
4205,2606,1546,Primary
4206,2607,969,Primary
4207,2607,1140,Primary
4208,2607,612,Abettor
4209,2608,2080,Primary
4210,2609,2024,Primary
4211,2610,1410,Primary
4212,2610,2333,Accomplice
4213,2611,1558,Primary
4214,2612,1436,Primary
4215,2613,1492,Primary
4216,2613,1782,Primary
4217,2614,290,Primary
4218,2614,1213,Primary
4219,2615,2212,Primary
4220,2616,1393,Primary
4221,2617,2463,Primary
4222,2618,561,Primary
4223,2618,397,Accomplice
4224,2618,2535,Primary
4225,2619,1432,Primary
4226,2619,2041,Primary
4227,2619,365,Accomplice
4228,2620,1931,Primary
4229,2620,2702,Abettor
4230,2621,2324,Primary
4231,2622,453,Primary
4232,2622,1883,Accomplice
4233,2623,1927,Primary
4234,2624,2912,Primary
4235,2625,2215,Primary
4236,2626,1891,Primary
4237,2626,952,Primary
4238,2626,1330,Primary
4239,2627,59,Primary
4240,2628,1544,Primary
4241,2629,2121,Primary
4242,2629,2499,Primary
4243,2630,294,Primary
4244,2630,2119,Accomplice
4245,2631,153,Primary
4246,2632,1383,Primary
4247,2633,2289,Primary
4248,2633,719,Primary
4249,2633,1337,Conspirator
4250,2634,1949,Primary
4251,2635,2311,Primary
4252,2635,2900,Accomplice
4253,2636,1096,Primary
4254,2637,342,Primary
4255,2637,714,Accomplice
4256,2638,1407,Primary
4257,2638,1343,Primary
4258,2639,268,Primary
4259,2639,2854,Primary
4260,2640,2896,Primary
4261,2641,2197,Primary
4262,2642,506,Primary
4263,2643,1327,Primary
4264,2643,2608,Abettor
4265,2643,2219,Accomplice
4266,2644,424,Primary
4267,2644,895,Primary
4268,2645,642,Primary
4269,2646,518,Primary
4270,2646,934,Accomplice
4271,2646,2423,Primary
4272,2647,422,Primary
4273,2648,1170,Primary
4274,2649,865,Primary
4275,2650,569,Primary
4276,2650,43,Abettor
4277,2651,229,Primary
4278,2652,2843,Primary
4279,2653,2194,Primary
4280,2653,734,Accomplice
4281,2654,1993,Primary
4282,2654,1964,Primary
4283,2655,275,Primary
4284,2656,1203,Primary
4285,2656,2654,Accomplice
4286,2657,933,Primary
4287,2658,1875,Primary
4288,2659,2750,Primary
4289,2660,1333,Primary
4290,2661,2909,Primary
4291,2662,2403,Primary
4292,2663,312,Primary
4293,2664,2184,Primary
4294,2665,1133,Primary
4295,2665,1784,Primary
4296,2666,1620,Primary
4297,2667,2648,Primary
4298,2668,2237,Primary
4299,2668,893,Accomplice
4300,2669,1925,Primary
4301,2669,1389,Abettor
4302,2669,169,Primary
4303,2670,2860,Primary
4304,2671,1794,Primary
4305,2671,781,Primary
4306,2672,538,Primary
4307,2673,42,Primary
4308,2673,1549,Primary
4309,2674,2606,Primary
4310,2674,2608,Accomplice
4311,2674,2658,Primary
4312,2675,505,Primary
4313,2676,42,Primary
4314,2677,327,Primary
4315,2678,332,Primary
4316,2679,1469,Primary
4317,2680,1926,Primary
4318,2681,2,Primary
4319,2681,2692,Primary
4320,2681,2929,Accomplice
4321,2682,1191,Primary
4322,2682,2213,Primary
4323,2683,1336,Primary
4324,2684,1843,Primary
4325,2684,909,Primary
4326,2685,371,Primary
4327,2686,983,Primary
4328,2686,2073,Conspirator
4329,2687,1478,Primary
4330,2687,2092,Primary
4331,2688,1845,Primary
4332,2688,1907,Primary
4333,2688,1631,Primary
4334,2689,487,Primary
4335,2690,2125,Primary
4336,2691,2795,Primary
4337,2692,975,Primary
4338,2692,529,Primary
4339,2692,2899,Primary
4340,2693,635,Primary
4341,2694,224,Primary
4342,2694,2542,Abettor
4343,2695,2497,Primary
4344,2695,2856,Abettor
4345,2695,1353,Accomplice
4346,2696,244,Primary
4347,2696,2606,Primary
4348,2697,283,Primary
4349,2697,2457,Accomplice
4350,2698,2158,Primary
4351,2698,2269,Primary
4352,2699,1067,Primary
4353,2699,1282,Primary
4354,2699,1905,Accomplice
4355,2700,43,Primary
4356,2701,2416,Primary
4357,2702,880,Primary
4358,2703,80,Primary
4359,2703,718,Primary
4360,2704,1975,Primary
4361,2705,394,Primary
4362,2705,2997,Accomplice
4363,2706,1902,Primary
4364,2707,1793,Primary
4365,2708,1390,Primary
4366,2708,986,Accomplice
4367,2709,539,Primary
4368,2709,695,Conspirator
4369,2710,1412,Primary
4370,2711,2964,Primary
4371,2712,1427,Primary
4372,2713,1493,Primary
4373,2714,2529,Primary
4374,2714,503,Conspirator
4375,2714,2309,Accomplice
4376,2715,501,Primary
4377,2715,2512,Primary
4378,2716,2017,Primary
4379,2716,2040,Conspirator
4380,2717,1622,Primary
4381,2718,2528,Primary
4382,2719,1251,Primary
4383,2720,17,Primary
4384,2720,1975,Accomplice
4385,2721,2377,Primary
4386,2722,534,Primary
4387,2723,1025,Primary
4388,2723,1692,Primary
4389,2724,1762,Primary
4390,2724,891,Accomplice
4391,2725,2214,Primary
4392,2726,2935,Primary
4393,2727,747,Primary
4394,2727,144,Accomplice
4395,2728,258,Primary
4396,2728,2745,Conspirator
4397,2729,2075,Primary
4398,2730,2680,Primary
4399,2731,1366,Primary
4400,2732,1014,Primary
4401,2732,2281,Conspirator
4402,2732,1787,Conspirator
4403,2733,24,Primary
4404,2733,2298,Primary
4405,2733,1675,Accomplice
4406,2734,15,Primary
4407,2735,183,Primary
4408,2736,2124,Primary
4409,2737,129,Primary
4410,2738,1314,Primary
4411,2739,1871,Primary
4412,2740,1014,Primary
4413,2741,1310,Primary
4414,2742,2936,Primary
4415,2742,11,Primary
4416,2742,2347,Primary
4417,2743,365,Primary
4418,2744,811,Primary
4419,2745,561,Primary
4420,2746,496,Primary
4421,2747,319,Primary
4422,2747,877,Primary
4423,2747,1171,Abettor
4424,2748,2621,Primary
4425,2749,1915,Primary
4426,2750,2660,Primary
4427,2751,710,Primary
4428,2752,1923,Primary
4429,2753,134,Primary
4430,2754,1789,Primary
4431,2755,631,Primary
4432,2756,1793,Primary
4433,2757,1265,Primary
4434,2758,2778,Primary
4435,2759,2037,Primary
4436,2760,1298,Primary
4437,2760,2527,Primary
4438,2761,42,Primary
4439,2761,2875,Accomplice
4440,2762,1597,Primary
4441,2763,1167,Primary
4442,2763,2778,Primary
4443,2764,1223,Primary
4444,2765,505,Primary
4445,2766,1306,Primary
4446,2767,2786,Primary
4447,2768,2740,Primary
4448,2768,2424,Primary
4449,2768,2039,Primary
4450,2769,133,Primary
4451,2770,1546,Primary
4452,2771,964,Primary
4453,2771,1341,Accomplice
4454,2772,2279,Primary
4455,2773,386,Primary
4456,2774,1881,Primary
4457,2774,185,Accomplice
4458,2775,29,Primary
4459,2776,112,Primary
4460,2777,2197,Primary
4461,2778,2223,Primary
4462,2779,2293,Primary
4463,2779,2769,Abettor
4464,2780,2794,Primary
4465,2780,2353,Accomplice
4466,2781,2603,Primary
4467,2782,678,Primary
4468,2782,2068,Primary
4469,2783,1086,Primary
4470,2783,1048,Abettor
4471,2784,1210,Primary
4472,2784,1978,Accomplice
4473,2785,1762,Primary
4474,2785,2688,Primary
4475,2786,1741,Primary
4476,2786,1360,Primary
4477,2786,989,Primary
4478,2787,380,Primary
4479,2788,2149,Primary
4480,2788,1809,Accomplice
4481,2788,2485,Primary
4482,2789,2411,Primary
4483,2789,571,Primary
4484,2790,2017,Primary
4485,2791,567,Primary
4486,2792,3,Primary
4487,2793,1073,Primary
4488,2793,1878,Primary
4489,2794,1545,Primary
4490,2795,2150,Primary
4491,2796,1785,Primary
4492,2796,2395,Primary
4493,2797,2542,Primary
4494,2798,740,Primary
4495,2798,222,Primary
4496,2798,2356,Primary
4497,2799,2879,Primary
4498,2799,1633,Accomplice
4499,2800,1739,Primary
4500,2800,2337,Accomplice
4501,2801,636,Primary
4502,2802,1968,Primary
4503,2802,181,Primary
4504,2803,2054,Primary
4505,2804,1262,Primary
4506,2805,1439,Primary
4507,2806,1711,Primary
4508,2806,1458,Accomplice
4509,2807,2315,Primary
4510,2807,235,Primary
4511,2807,1449,Primary
4512,2808,1931,Primary
4513,2808,1968,Primary
4514,2809,255,Primary
4515,2809,2929,Primary
4516,2809,1155,Primary
4517,2810,1091,Primary
4518,2811,2817,Primary
4519,2812,2196,Primary
4520,2812,2537,Primary
4521,2812,1854,Primary
4522,2813,2634,Primary
4523,2814,1396,Primary
4524,2814,2303,Primary
4525,2814,1661,Accomplice
4526,2815,646,Primary
4527,2816,2334,Primary
4528,2816,443,Primary
4529,2817,2437,Primary
4530,2818,1366,Primary
4531,2819,1439,Primary
4532,2819,1564,Accomplice
4533,2820,565,Primary
4534,2821,2319,Primary
4535,2822,1662,Primary
4536,2822,2537,Conspirator
4537,2822,1999,Abettor
4538,2823,393,Primary
4539,2824,2520,Primary
4540,2824,2008,Primary
4541,2825,2892,Primary
4542,2826,1817,Primary
4543,2827,749,Primary
4544,2827,924,Primary
4545,2828,3000,Primary
4546,2828,213,Primary
4547,2829,1413,Primary
4548,2830,760,Primary
4549,2831,395,Primary
4550,2831,562,Primary
4551,2832,1214,Primary
4552,2833,1559,Primary
4553,2834,1413,Primary
4554,2835,2116,Primary
4555,2836,2098,Primary
4556,2836,1826,Primary
4557,2837,1722,Primary
4558,2837,1458,Accomplice
4559,2838,2305,Primary
4560,2838,1541,Conspirator
4561,2838,137,Conspirator
4562,2839,1858,Primary
4563,2840,2456,Primary
4564,2840,744,Accomplice
4565,2840,2303,Accomplice
4566,2841,1292,Primary
4567,2842,2394,Primary
4568,2843,1765,Primary
4569,2844,523,Primary
4570,2844,531,Abettor
4571,2845,2576,Primary
4572,2846,281,Primary
4573,2846,1843,Accomplice
4574,2847,1076,Primary
4575,2847,1651,Accomplice
4576,2848,360,Primary
4577,2849,1839,Primary
4578,2850,530,Primary
4579,2851,1228,Primary
4580,2852,2524,Primary
4581,2852,907,Accomplice
4582,2853,327,Primary
4583,2853,2099,Primary
4584,2854,591,Primary
4585,2854,1082,Accomplice
4586,2855,302,Primary
4587,2856,1624,Primary
4588,2856,1704,Accomplice
4589,2857,593,Primary
4590,2858,1664,Primary
4591,2858,1222,Accomplice
4592,2858,681,Accomplice
4593,2859,593,Primary
4594,2859,176,Abettor
4595,2860,1011,Primary
4596,2861,807,Primary
4597,2861,1476,Accomplice
4598,2861,2675,Accomplice
4599,2862,2807,Primary
4600,2863,1752,Primary
4601,2863,1356,Primary
4602,2864,1360,Primary
4603,2865,2303,Primary
4604,2866,2267,Primary
4605,2866,1104,Accomplice
4606,2867,1005,Primary
4607,2867,2664,Primary
4608,2868,836,Primary
4609,2869,2554,Primary
4610,2870,1793,Primary
4611,2871,666,Primary
4612,2871,1980,Accomplice
4613,2872,1695,Primary
4614,2873,261,Primary
4615,2873,768,Primary
4616,2874,2999,Primary
4617,2875,1336,Primary
4618,2876,1847,Primary
4619,2876,545,Abettor
4620,2876,646,Primary
4621,2877,1743,Primary
4622,2878,2052,Primary
4623,2879,374,Primary
4624,2880,518,Primary
4625,2881,2653,Primary
4626,2881,1379,Accomplice
4627,2882,1498,Primary
4628,2883,416,Primary
4629,2884,523,Primary
4630,2884,1087,Abettor
4631,2885,941,Primary
4632,2886,1073,Primary
4633,2887,1341,Primary
4634,2887,1929,Primary
4635,2888,1596,Primary
4636,2888,2425,Primary
4637,2889,2099,Primary
4638,2890,2222,Primary
4639,2890,2235,Conspirator
4640,2891,1153,Primary
4641,2891,2652,Accomplice
4642,2891,1631,Abettor
4643,2892,281,Primary
4644,2892,387,Primary
4645,2892,716,Primary
4646,2893,628,Primary
4647,2894,81,Primary
4648,2895,2017,Primary
4649,2896,1751,Primary
4650,2896,2214,Conspirator
4651,2897,1759,Primary
4652,2898,2282,Primary
4653,2898,497,Primary
4654,2899,1903,Primary
4655,2899,2679,Primary
4656,2900,449,Primary
4657,2900,2904,Primary
4658,2901,1386,Primary
4659,2902,845,Primary
4660,2903,2505,Primary
4661,2904,1902,Primary
4662,2905,1310,Primary
4663,2906,1517,Primary
4664,2907,1574,Primary
4665,2908,926,Primary
4666,2909,2328,Primary
4667,2910,995,Primary
4668,2911,2838,Primary
4669,2912,170,Primary
4670,2913,1188,Primary
4671,2914,1537,Primary
4672,2915,1041,Primary
4673,2916,2048,Primary
4674,2917,840,Primary
4675,2917,2939,Accomplice
4676,2918,832,Primary
4677,2918,392,Conspirator
4678,2918,1297,Abettor
4679,2919,109,Primary
4680,2919,1228,Primary
4681,2920,108,Primary
4682,2921,2636,Primary
4683,2921,1555,Primary
4684,2922,1375,Primary
4685,2923,2750,Primary
4686,2924,1852,Primary
4687,2924,286,Primary
4688,2924,599,Accomplice
4689,2925,507,Primary
4690,2925,1089,Accomplice
4691,2926,824,Primary
4692,2926,2372,Primary
4693,2926,1366,Accomplice
4694,2927,354,Primary
4695,2928,2623,Primary
4696,2929,1177,Primary
4697,2929,1174,Primary
4698,2930,1027,Primary
4699,2931,1671,Primary
4700,2931,670,Conspirator
4701,2932,1670,Primary
4702,2933,1921,Primary
4703,2933,1297,Primary
4704,2933,374,Primary
4705,2934,1168,Primary
4706,2935,2789,Primary
4707,2936,1453,Primary
4708,2937,451,Primary
4709,2937,1276,Primary
4710,2938,2377,Primary
4711,2939,497,Primary
4712,2940,2047,Primary
4713,2941,1360,Primary
4714,2942,682,Primary
4715,2942,625,Primary
4716,2943,43,Primary
4717,2944,1254,Primary
4718,2945,1862,Primary
4719,2946,1880,Primary
4720,2947,2179,Primary
4721,2948,1898,Primary
4722,2948,539,Accomplice
4723,2949,2250,Primary
4724,2950,2412,Primary
4725,2951,790,Primary
4726,2951,1717,Primary
4727,2952,219,Primary
4728,2952,1880,Primary
4729,2952,2138,Accomplice
4730,2953,2631,Primary
4731,2953,1764,Accomplice
4732,2954,455,Primary
4733,2954,1975,Primary
4734,2955,2891,Primary
4735,2956,1746,Primary
4736,2957,491,Primary
4737,2958,604,Primary
4738,2958,1905,Primary
4739,2959,1955,Primary
4740,2960,1605,Primary
4741,2961,108,Primary
4742,2961,234,Accomplice
4743,2962,2366,Primary
4744,2962,1951,Primary
4745,2963,1337,Primary
4746,2964,895,Primary
4747,2965,883,Primary
4748,2966,80,Primary
4749,2966,2315,Primary
4750,2967,299,Primary
4751,2967,1886,Conspirator
4752,2968,2660,Primary
4753,2969,287,Primary
4754,2970,2496,Primary
4755,2970,753,Primary
4756,2970,1849,Primary
4757,2971,2453,Primary
4758,2971,2225,Primary
4759,2972,2695,Primary
4760,2973,1077,Primary
4761,2974,260,Primary
4762,2975,94,Primary
4763,2975,1703,Conspirator
4764,2975,2496,Primary
4765,2976,964,Primary
4766,2976,2444,Primary
4767,2976,244,Primary
4768,2977,459,Primary
4769,2978,2054,Primary
4770,2978,1875,Primary
4771,2979,2705,Primary
4772,2980,1251,Primary
4773,2980,573,Accomplice
4774,2981,155,Primary
4775,2982,2517,Primary
4776,2982,2434,Primary
4777,2982,1947,Primary
4778,2983,1853,Primary
4779,2984,1871,Primary
4780,2985,1586,Primary
4781,2986,2827,Primary
4782,2986,41,Abettor
4783,2987,1757,Primary
4784,2988,1993,Primary
4785,2988,685,Conspirator
4786,2988,2962,Primary
4787,2989,2796,Primary
4788,2989,1230,Accomplice
4789,2989,1985,Primary
4790,2990,1613,Primary
4791,2991,461,Primary
4792,2992,1217,Primary
4793,2993,364,Primary
4794,2994,1321,Primary
4795,2995,2090,Primary
4796,2995,1284,Primary
4797,2995,2570,Accomplice
4798,2996,1259,Primary
4799,2997,1552,Primary
4800,2997,2970,Accomplice
4801,2997,2803,Primary
4802,2998,1815,Primary
4803,2998,757,Primary
4804,2998,302,Primary
4805,2999,743,Primary
4806,3000,24,Primary
4807,3000,58,Conspirator
4808,3000,1780,Accomplice
4809,3001,1930,Primary
4810,3002,1535,Primary
4811,3002,2906,Primary
4812,3003,1512,Primary
4813,3004,530,Primary
4814,3004,294,Primary
4815,3005,1925,Primary
4816,3006,822,Primary
4817,3006,583,Primary
4818,3007,1168,Primary
4819,3007,304,Primary
4820,3008,259,Primary
4821,3008,696,Accomplice
4822,3008,277,Accomplice
4823,3009,444,Primary
4824,3009,179,Accomplice
4825,3010,2532,Primary
4826,3011,1734,Primary
4827,3011,2661,Primary
4828,3011,2834,Conspirator
4829,3012,490,Primary
4830,3012,339,Accomplice
4831,3012,306,Primary
4832,3013,1563,Primary
4833,3013,2076,Accomplice
4834,3014,943,Primary
4835,3015,2948,Primary
4836,3015,2692,Primary
4837,3016,2631,Primary
4838,3017,559,Primary
4839,3018,749,Primary
4840,3019,17,Primary
4841,3020,376,Primary
4842,3021,1472,Primary
4843,3022,8,Primary
4844,3022,375,Accomplice
4845,3023,2179,Primary
4846,3024,2462,Primary
4847,3024,1554,Primary
4848,3024,1483,Accomplice
4849,3025,2037,Primary
4850,3025,438,Primary
4851,3026,776,Primary
4852,3026,2484,Primary
4853,3027,1985,Primary
4854,3028,503,Primary
4855,3029,2737,Primary
4856,3030,1592,Primary
4857,3031,2836,Primary
4858,3031,2965,Abettor
4859,3032,1602,Primary
4860,3033,1931,Primary
4861,3034,162,Primary
4862,3035,1579,Primary
4863,3036,143,Primary
4864,3036,382,Accomplice
4865,3037,231,Primary
4866,3037,1326,Accomplice
4867,3038,1328,Primary
4868,3038,2556,Accomplice
4869,3039,1468,Primary
4870,3039,1447,Abettor
4871,3039,2154,Primary
4872,3040,1504,Primary
4873,3041,69,Primary
4874,3041,126,Abettor
4875,3041,2954,Abettor
4876,3042,1673,Primary
4877,3043,93,Primary
4878,3043,14,Abettor
4879,3043,1680,Abettor
4880,3044,957,Primary
4881,3044,1765,Accomplice
4882,3045,2002,Primary
4883,3046,1901,Primary
4884,3046,1735,Abettor
4885,3047,415,Primary
4886,3047,1985,Primary
4887,3048,2644,Primary
4888,3049,1931,Primary
4889,3050,1302,Primary
4890,3051,561,Primary
4891,3052,728,Primary
4892,3053,927,Primary
4893,3053,898,Primary
4894,3054,1974,Primary
4895,3054,1783,Primary
4896,3055,2203,Primary
4897,3056,425,Primary
4898,3056,1407,Accomplice
4899,3057,559,Primary
4900,3057,812,Primary
4901,3058,1828,Primary
4902,3059,757,Primary
4903,3060,245,Primary
4904,3061,1200,Primary
4905,3062,1292,Primary
4906,3063,271,Primary
4907,3064,1579,Primary
4908,3064,1068,Accomplice
4909,3065,2812,Primary
4910,3066,930,Primary
4911,3067,1310,Primary
4912,3068,1663,Primary
4913,3068,1991,Accomplice
4914,3069,2841,Primary
4915,3070,2156,Primary
4916,3071,617,Primary
4917,3072,2094,Primary
4918,3072,2466,Abettor
4919,3073,1321,Primary
4920,3074,682,Primary
4921,3075,372,Primary
4922,3076,1662,Primary
4923,3076,2645,Primary
4924,3077,2199,Primary
4925,3078,794,Primary
4926,3079,200,Primary
4927,3079,2617,Primary
4928,3080,383,Primary
4929,3081,355,Primary
4930,3082,1350,Primary
4931,3083,615,Primary
4932,3084,807,Primary
4933,3085,2641,Primary
4934,3085,2783,Accomplice
4935,3086,530,Primary
4936,3086,2146,Accomplice
4937,3086,836,Primary
4938,3087,1579,Primary
4939,3088,891,Primary
4940,3089,2385,Primary
4941,3090,1923,Primary
4942,3091,1141,Primary
4943,3092,839,Primary
4944,3092,2541,Abettor
4945,3092,757,Accomplice
4946,3093,2516,Primary
4947,3094,2153,Primary
4948,3094,2873,Primary
4949,3094,608,Primary
4950,3095,2305,Primary
4951,3095,1600,Abettor
4952,3095,2017,Primary
4953,3096,2110,Primary
4954,3096,971,Primary
4955,3097,1743,Primary
4956,3098,332,Primary
4957,3098,2219,Accomplice
4958,3099,1741,Primary
4959,3100,428,Primary
4960,3101,912,Primary
4961,3101,392,Primary
4962,3102,2450,Primary
4963,3103,2460,Primary
4964,3103,2411,Primary
4965,3104,2449,Primary
4966,3104,508,Primary
4967,3105,112,Primary
4968,3105,1008,Abettor
4969,3105,1173,Primary
4970,3106,2633,Primary
4971,3106,2353,Accomplice
4972,3106,1897,Primary
4973,3107,1462,Primary
4974,3107,1665,Accomplice
4975,3107,1057,Accomplice
4976,3108,2590,Primary
4977,3108,2231,Accomplice
4978,3109,2136,Primary
4979,3109,1708,Primary
4980,3110,1820,Primary
4981,3110,2530,Primary
4982,3111,2260,Primary
4983,3111,1516,Accomplice
4984,3112,42,Primary
4985,3113,1043,Primary
4986,3113,2167,Abettor
4987,3114,1296,Primary
4988,3114,494,Primary
4989,3115,233,Primary
4990,3116,1610,Primary
4991,3116,2867,Abettor
4992,3117,798,Primary
4993,3117,1886,Accomplice
4994,3117,2185,Accomplice
4995,3118,2858,Primary
4996,3119,1870,Primary
4997,3119,2261,Primary
4998,3120,1591,Primary
4999,3121,2219,Primary
5000,3122,1785,Primary
5001,3123,77,Primary
5002,3124,2488,Primary
5003,3125,824,Primary
5004,3126,292,Primary
5005,3126,476,Accomplice
5006,3126,930,Primary
5007,3127,2317,Primary
5008,3128,1756,Primary
5009,3128,1825,Primary
5010,3129,1591,Primary
5011,3130,973,Primary
5012,3131,332,Primary
5013,3131,2659,Primary
5014,3132,549,Primary
5015,3133,2105,Primary
5016,3134,1559,Primary
5017,3135,835,Primary
5018,3136,977,Primary
5019,3137,445,Primary
5020,3138,188,Primary
5021,3139,2590,Primary
5022,3140,1500,Primary
5023,3141,1174,Primary
5024,3142,748,Primary
5025,3142,2719,Accomplice
5026,3143,1750,Primary
5027,3144,1279,Primary
5028,3144,436,Conspirator
5029,3145,2942,Primary
5030,3145,2932,Conspirator
5031,3145,2264,Primary
5032,3146,1355,Primary
5033,3147,1363,Primary
5034,3148,2334,Primary
5035,3149,1130,Primary
5036,3149,2372,Accomplice
5037,3150,2869,Primary
5038,3151,1925,Primary
5039,3151,2275,Primary
5040,3152,529,Primary
5041,3152,2387,Primary
5042,3153,1637,Primary
5043,3153,1681,Primary
5044,3153,2967,Conspirator
5045,3154,157,Primary
5046,3155,1856,Primary
5047,3156,174,Primary
5048,3157,2518,Primary
5049,3157,2390,Primary
5050,3158,1424,Primary
5051,3158,437,Primary
5052,3159,385,Primary
5053,3160,2968,Primary
5054,3160,458,Primary
5055,3160,863,Accomplice
5056,3161,814,Primary
5057,3161,2224,Primary
5058,3162,2673,Primary
5059,3162,1843,Primary
5060,3163,721,Primary
5061,3163,1076,Primary
5062,3164,1139,Primary
5063,3165,593,Primary
5064,3166,573,Primary
5065,3167,1216,Primary
5066,3167,2030,Primary
5067,3168,298,Primary
5068,3169,1346,Primary
5069,3169,1703,Accomplice
5070,3170,1512,Primary
5071,3171,2060,Primary
5072,3172,2589,Primary
5073,3173,1845,Primary
5074,3173,2652,Primary
5075,3173,296,Abettor
5076,3174,2508,Primary
5077,3175,539,Primary
5078,3176,1928,Primary
5079,3177,44,Primary
5080,3178,1634,Primary
5081,3179,2190,Primary
5082,3180,2962,Primary
5083,3180,1621,Accomplice
5084,3180,294,Accomplice
5085,3181,2946,Primary
5086,3182,2663,Primary
5087,3182,1799,Primary
5088,3183,1165,Primary
5089,3183,2055,Accomplice
5090,3183,2379,Accomplice
5091,3184,210,Primary
5092,3184,764,Primary
5093,3185,2786,Primary
5094,3185,372,Abettor
5095,3186,1160,Primary
5096,3187,1998,Primary
5097,3187,798,Primary
5098,3187,2162,Primary
5099,3188,1033,Primary
5100,3189,1437,Primary
5101,3190,1217,Primary
5102,3191,1538,Primary
5103,3192,2088,Primary
5104,3192,1913,Primary
5105,3192,2488,Primary
5106,3193,322,Primary
5107,3193,128,Conspirator
5108,3194,43,Primary
5109,3195,2920,Primary
5110,3196,2041,Primary
5111,3196,755,Conspirator
5112,3197,1720,Primary
5113,3197,254,Accomplice
5114,3198,1043,Primary
5115,3199,556,Primary
5116,3199,598,Primary
5117,3200,1033,Primary
5118,3200,1094,Accomplice
5119,3200,130,Accomplice
5120,3201,2146,Primary
5121,3202,988,Primary
5122,3203,1394,Primary
5123,3203,1032,Abettor
5124,3203,283,Conspirator
5125,3204,723,Primary
5126,3204,331,Primary
5127,3205,2169,Primary
5128,3206,2046,Primary
5129,3206,380,Primary
5130,3207,782,Primary
5131,3208,2493,Primary
5132,3209,2688,Primary
5133,3210,898,Primary
5134,3210,1348,Accomplice
5135,3211,1987,Primary
5136,3211,2524,Accomplice
5137,3211,953,Accomplice
5138,3212,278,Primary
5139,3213,2527,Primary
5140,3213,272,Primary
5141,3214,2375,Primary
5142,3214,2479,Abettor
5143,3215,142,Primary
5144,3215,2302,Conspirator
5145,3215,1057,Primary
5146,3216,1912,Primary
5147,3217,1959,Primary
5148,3217,2176,Primary
5149,3218,1278,Primary
5150,3219,2721,Primary
5151,3219,9,Primary
5152,3219,1717,Conspirator
5153,3220,240,Primary
5154,3221,444,Primary
5155,3222,2185,Primary
5156,3223,25,Primary
5157,3223,394,Primary
5158,3224,643,Primary
5159,3224,1842,Conspirator
5160,3225,2277,Primary
5161,3226,2050,Primary
5162,3226,1986,Accomplice
5163,3227,2599,Primary
5164,3228,220,Primary
5165,3228,236,Accomplice
5166,3229,1026,Primary
5167,3230,2250,Primary
5168,3231,739,Primary
5169,3232,417,Primary
5170,3232,2882,Primary
5171,3232,2381,Accomplice
5172,3233,1407,Primary
5173,3233,1892,Accomplice
5174,3234,893,Primary
5175,3234,2211,Accomplice
5176,3234,914,Primary
5177,3235,775,Primary
5178,3236,96,Primary
5179,3236,1501,Conspirator
5180,3236,1136,Primary
5181,3237,2626,Primary
5182,3238,197,Primary
5183,3239,2715,Primary
5184,3240,88,Primary
5185,3240,1530,Primary
5186,3241,2414,Primary
5187,3241,1985,Primary
5188,3242,1778,Primary
5189,3243,2764,Primary
5190,3243,2021,Accomplice
5191,3243,2424,Abettor
5192,3244,1210,Primary
5193,3245,2767,Primary
5194,3245,2523,Accomplice
5195,3245,2258,Accomplice
5196,3246,2879,Primary
5197,3247,2170,Primary
5198,3247,158,Primary
5199,3248,570,Primary
5200,3248,700,Primary
5201,3249,2956,Primary
5202,3250,643,Primary
5203,3250,982,Accomplice
5204,3251,1855,Primary
5205,3252,372,Primary
5206,3252,301,Primary
5207,3252,1998,Primary
5208,3253,148,Primary
5209,3253,528,Primary
5210,3254,2538,Primary
5211,3254,728,Primary
5212,3255,1707,Primary
5213,3256,640,Primary
5214,3257,561,Primary
5215,3258,690,Primary
5216,3258,2207,Primary
5217,3259,417,Primary
5218,3259,414,Primary
5219,3260,172,Primary
5220,3261,1514,Primary
5221,3261,2242,Primary
5222,3261,2766,Conspirator
5223,3262,2222,Primary
5224,3263,221,Primary
5225,3264,2530,Primary
5226,3264,1733,Primary
5227,3265,1585,Primary
5228,3266,621,Primary
5229,3267,1350,Primary
5230,3267,2733,Conspirator
5231,3268,2483,Primary
5232,3268,157,Conspirator
5233,3269,2573,Primary
5234,3270,194,Primary
5235,3271,735,Primary
5236,3271,305,Primary
5237,3272,1004,Primary
5238,3273,53,Primary
5239,3274,1506,Primary
5240,3274,1539,Primary
5241,3275,59,Primary
5242,3275,814,Primary
5243,3275,2445,Primary
5244,3276,2997,Primary
5245,3276,2187,Accomplice
5246,3276,1073,Accomplice
5247,3277,2114,Primary
5248,3278,1322,Primary
5249,3279,1772,Primary
5250,3280,1503,Primary
5251,3280,308,Primary
5252,3281,2824,Primary
5253,3281,1953,Primary
5254,3282,2727,Primary
5255,3282,619,Accomplice
5256,3283,2951,Primary
5257,3284,512,Primary
5258,3285,1740,Primary
5259,3285,1602,Primary
5260,3286,2514,Primary
5261,3286,2783,Primary
5262,3287,263,Primary
5263,3288,1717,Primary
5264,3289,257,Primary
5265,3289,2504,Primary
5266,3290,464,Primary
5267,3290,43,Accomplice
5268,3290,2543,Accomplice
5269,3291,605,Primary
5270,3291,2510,Primary
5271,3292,2892,Primary
5272,3293,2185,Primary
5273,3294,2473,Primary
5274,3295,1429,Primary
5275,3295,2046,Abettor
5276,3295,1154,Primary
5277,3296,859,Primary
5278,3296,2290,Primary
5279,3297,1728,Primary
5280,3298,448,Primary
5281,3299,2330,Primary
5282,3300,494,Primary
5283,3301,2570,Primary
5284,3302,2926,Primary
5285,3302,2891,Primary
5286,3303,1627,Primary
5287,3303,1014,Accomplice
5288,3303,2253,Primary
5289,3304,749,Primary
5290,3305,2942,Primary
5291,3306,2241,Primary
5292,3306,2017,Primary
5293,3307,1774,Primary
5294,3307,519,Primary
5295,3308,2169,Primary
5296,3308,561,Primary
5297,3308,1130,Primary
5298,3309,807,Primary
5299,3310,902,Primary
5300,3311,892,Primary
5301,3311,65,Primary
5302,3312,2313,Primary
5303,3312,1807,Abettor
5304,3313,398,Primary
5305,3314,612,Primary
5306,3315,2296,Primary
5307,3316,1993,Primary
5308,3317,2823,Primary
5309,3317,2033,Primary
5310,3317,566,Accomplice
5311,3318,969,Primary
5312,3318,1109,Primary
5313,3318,132,Accomplice
5314,3319,2806,Primary
5315,3319,2859,Accomplice
5316,3319,2038,Accomplice
5317,3320,1863,Primary
5318,3320,337,Accomplice
5319,3321,1559,Primary
5320,3322,771,Primary
5321,3322,1077,Abettor
5322,3322,1501,Abettor
5323,3323,2744,Primary
5324,3324,1361,Primary
5325,3325,2536,Primary
5326,3325,709,Primary
5327,3326,1087,Primary
5328,3327,2515,Primary
5329,3327,1370,Primary
5330,3327,2932,Primary
5331,3328,944,Primary
5332,3329,131,Primary
5333,3330,1253,Primary
5334,3330,1327,Primary
5335,3331,2817,Primary
5336,3331,1463,Accomplice
5337,3332,1909,Primary
5338,3332,74,Accomplice
5339,3333,1538,Primary
5340,3333,2391,Primary
5341,3334,372,Primary
5342,3335,1006,Primary
5343,3336,766,Primary
5344,3337,1915,Primary
5345,3337,2306,Primary
5346,3338,2828,Primary
5347,3338,893,Accomplice
5348,3339,1107,Primary
5349,3339,1398,Primary
5350,3340,2409,Primary
5351,3340,1360,Primary
5352,3340,841,Accomplice
5353,3341,2520,Primary
5354,3341,2297,Primary
5355,3342,2035,Primary
5356,3343,2573,Primary
5357,3344,1610,Primary
5358,3344,1419,Primary
5359,3344,174,Accomplice
5360,3345,2654,Primary
5361,3346,1073,Primary
5362,3347,911,Primary
5363,3348,1054,Primary
5364,3348,604,Accomplice
5365,3349,1850,Primary
5366,3350,729,Primary
5367,3351,250,Primary
5368,3352,785,Primary
5369,3353,281,Primary
5370,3354,180,Primary
5371,3355,343,Primary
5372,3356,372,Primary
5373,3357,490,Primary
5374,3357,1021,Primary
5375,3358,8,Primary
5376,3359,928,Primary
5377,3360,811,Primary
5378,3360,221,Primary
5379,3361,1827,Primary
5380,3362,552,Primary
5381,3363,838,Primary
5382,3364,2325,Primary
5383,3364,124,Accomplice
5384,3365,236,Primary
5385,3366,2414,Primary
5386,3366,1163,Conspirator
5387,3366,251,Primary
5388,3367,2312,Primary
5389,3368,2649,Primary
5390,3368,1194,Primary
5391,3368,367,Primary
5392,3369,1815,Primary
5393,3369,1277,Abettor
5394,3369,244,Primary
5395,3370,2890,Primary
5396,3371,2421,Primary
5397,3372,616,Primary
5398,3372,580,Primary
5399,3373,1999,Primary
5400,3374,825,Primary
5401,3374,1354,Primary
5402,3375,1389,Primary
5403,3375,762,Primary
5404,3375,2195,Accomplice
5405,3376,940,Primary
5406,3376,95,Primary
5407,3376,1873,Conspirator
5408,3377,2886,Primary
5409,3377,1124,Conspirator
5410,3377,439,Primary
5411,3378,619,Primary
5412,3379,2357,Primary
5413,3380,2484,Primary
5414,3381,1950,Primary
5415,3382,963,Primary
5416,3382,1203,Primary
5417,3383,1013,Primary
5418,3384,1380,Primary
5419,3384,1747,Primary
5420,3384,2956,Accomplice
5421,3385,1967,Primary
5422,3385,402,Accomplice
5423,3385,2562,Primary
5424,3386,1794,Primary
5425,3387,1155,Primary
5426,3388,1386,Primary
5427,3389,1773,Primary
5428,3390,2479,Primary
5429,3390,2809,Primary
5430,3391,1224,Primary
5431,3391,99,Primary
5432,3392,2866,Primary
5433,3393,1228,Primary
5434,3393,1095,Primary
5435,3394,65,Primary
5436,3395,505,Primary
5437,3396,2565,Primary
5438,3397,604,Primary
5439,3398,1167,Primary
5440,3399,2976,Primary
5441,3399,1247,Primary
5442,3399,267,Accomplice
5443,3400,2497,Primary
5444,3400,1997,Primary
5445,3401,2879,Primary
5446,3401,2926,Primary
5447,3401,2010,Accomplice
5448,3402,401,Primary
5449,3402,2691,Abettor
5450,3402,102,Primary
5451,3403,1153,Primary
5452,3403,1800,Accomplice
5453,3403,1259,Accomplice
5454,3404,2496,Primary
5455,3404,542,Accomplice
5456,3405,914,Primary
5457,3405,2152,Primary
5458,3406,30,Primary
5459,3406,892,Primary
5460,3406,54,Abettor
5461,3407,673,Primary
5462,3407,2004,Abettor
5463,3407,2374,Primary
5464,3408,58,Primary
5465,3408,2342,Primary
5466,3409,527,Primary
5467,3409,2810,Primary
5468,3410,2083,Primary
5469,3411,164,Primary
5470,3411,388,Accomplice
5471,3412,1875,Primary
5472,3412,1264,Primary
5473,3413,2964,Primary
5474,3413,1693,Accomplice
5475,3414,988,Primary
5476,3415,700,Primary
5477,3415,1116,Accomplice
5478,3416,1068,Primary
5479,3416,1699,Accomplice
5480,3417,1909,Primary
5481,3418,2006,Primary
5482,3418,2943,Accomplice
5483,3419,2152,Primary
5484,3419,139,Abettor
5485,3420,36,Primary
5486,3421,1224,Primary
5487,3421,1737,Primary
5488,3422,349,Primary
5489,3423,1673,Primary
5490,3423,1680,Accomplice
5491,3423,1215,Abettor
5492,3424,807,Primary
5493,3425,1992,Primary
5494,3426,1966,Primary
5495,3427,242,Primary
5496,3428,643,Primary
5497,3429,2758,Primary
5498,3430,2366,Primary
5499,3431,1773,Primary
5500,3432,1513,Primary
5501,3433,2496,Primary
5502,3434,2132,Primary
5503,3435,2722,Primary
5504,3435,628,Accomplice
5505,3436,1537,Primary
5506,3437,2819,Primary
5507,3438,1748,Primary
5508,3439,1504,Primary
5509,3440,1114,Primary
5510,3441,1112,Primary
5511,3441,2969,Primary
5512,3442,2710,Primary
5513,3442,2855,Primary
5514,3443,1570,Primary
5515,3443,1275,Primary
5516,3443,2430,Accomplice
5517,3444,417,Primary
5518,3445,397,Primary
5519,3446,213,Primary
5520,3446,1584,Primary
5521,3446,1815,Primary
5522,3447,210,Primary
5523,3448,1947,Primary
5524,3449,511,Primary
5525,3449,375,Primary
5526,3450,2360,Primary
5527,3450,170,Accomplice
5528,3451,241,Primary
5529,3451,1679,Primary
5530,3452,2414,Primary
5531,3452,321,Primary
5532,3452,2838,Abettor
5533,3453,328,Primary
5534,3454,1329,Primary
5535,3454,1806,Abettor
5536,3455,666,Primary
5537,3455,1446,Accomplice
5538,3456,138,Primary
5539,3457,2807,Primary
5540,3458,2178,Primary
5541,3458,2594,Abettor
5542,3458,240,Primary
5543,3459,1243,Primary
5544,3460,1096,Primary
5545,3461,2071,Primary
5546,3461,2865,Accomplice
5547,3462,1222,Primary
5548,3462,2081,Primary
5549,3463,2374,Primary
5550,3464,2836,Primary
5551,3464,2188,Conspirator
5552,3465,1209,Primary
5553,3465,1584,Primary
5554,3465,944,Primary
5555,3466,835,Primary
5556,3466,897,Conspirator
5557,3467,1493,Primary
5558,3468,2942,Primary
5559,3468,1942,Conspirator
5560,3469,277,Primary
5561,3469,1963,Primary
5562,3470,655,Primary
5563,3471,2193,Primary
5564,3471,2156,Accomplice
5565,3472,2332,Primary
5566,3473,42,Primary
5567,3474,1507,Primary
5568,3475,1950,Primary
5569,3475,2821,Primary
5570,3476,2461,Primary
5571,3477,415,Primary
5572,3477,138,Primary
5573,3477,2593,Primary
5574,3478,2442,Primary
5575,3479,1897,Primary
5576,3479,129,Primary
5577,3480,2849,Primary
5578,3480,855,Primary
5579,3481,1688,Primary
5580,3481,296,Primary
5581,3482,252,Primary
5582,3483,82,Primary
5583,3483,477,Primary
5584,3483,1243,Primary
5585,3484,1591,Primary
5586,3485,1041,Primary
5587,3486,1121,Primary
5588,3486,2397,Primary
5589,3486,525,Primary
5590,3487,121,Primary
5591,3487,2247,Accomplice
5592,3488,1648,Primary
5593,3488,2090,Primary
5594,3489,1036,Primary
5595,3490,1902,Primary
5596,3491,2238,Primary
5597,3491,1352,Primary
5598,3492,219,Primary
5599,3493,1794,Primary
5600,3494,2731,Primary
5601,3495,1028,Primary
5602,3496,1046,Primary
5603,3496,2009,Abettor
5604,3497,1947,Primary
5605,3497,1871,Primary
5606,3498,1585,Primary
5607,3498,608,Primary
5608,3498,1158,Primary
5609,3499,2645,Primary
5610,3499,1916,Primary
5611,3500,1030,Primary
5612,3501,1178,Primary
5613,3501,797,Primary
5614,3502,902,Primary
5615,3503,2267,Primary
5616,3503,876,Accomplice
5617,3503,890,Primary
5618,3504,518,Primary
5619,3505,1343,Primary
5620,3505,1317,Accomplice
5621,3506,229,Primary
5622,3507,2642,Primary
5623,3507,2957,Primary
5624,3508,34,Primary
5625,3509,2755,Primary
5626,3509,825,Conspirator
5627,3509,627,Accomplice
5628,3510,2267,Primary
5629,3510,1243,Conspirator
5630,3510,889,Accomplice
5631,3511,660,Primary
5632,3511,1453,Accomplice
5633,3511,369,Primary
5634,3512,2150,Primary
5635,3512,2774,Accomplice
5636,3513,2004,Primary
5637,3513,1890,Abettor
5638,3513,2022,Accomplice
5639,3514,2661,Primary
5640,3515,1901,Primary
5641,3516,2873,Primary
5642,3517,2419,Primary
5643,3518,1520,Primary
5644,3518,21,Accomplice
5645,3518,2898,Primary
5646,3519,2334,Primary
5647,3519,578,Primary
5648,3519,2653,Accomplice
5649,3520,1106,Primary
5650,3521,2995,Primary
5651,3522,49,Primary
5652,3523,2356,Primary
5653,3524,1966,Primary
5654,3525,2021,Primary
5655,3526,1824,Primary
5656,3527,214,Primary
5657,3527,204,Abettor
5658,3528,1151,Primary
5659,3529,2257,Primary
5660,3530,1858,Primary
5661,3531,2054,Primary
5662,3531,1480,Primary
5663,3531,2369,Accomplice
5664,3532,2250,Primary
5665,3533,1805,Primary
5666,3533,2883,Accomplice
5667,3534,743,Primary
5668,3535,2608,Primary
5669,3535,1388,Accomplice
5670,3535,2046,Primary
5671,3536,1366,Primary
5672,3536,2578,Primary
5673,3537,824,Primary
5674,3538,560,Primary
5675,3538,1549,Primary
5676,3539,1482,Primary
5677,3540,2793,Primary
5678,3540,980,Primary
5679,3540,2781,Primary
5680,3541,2370,Primary
5681,3542,506,Primary
5682,3542,1963,Primary
5683,3542,2937,Accomplice
5684,3543,2007,Primary
5685,3543,270,Accomplice
5686,3543,1236,Primary
5687,3544,1188,Primary
5688,3544,1249,Primary
5689,3545,1691,Primary
5690,3545,1473,Accomplice
5691,3545,2707,Accomplice
5692,3546,990,Primary
5693,3547,1838,Primary
5694,3548,1545,Primary
5695,3548,2611,Primary
5696,3549,1163,Primary
5697,3550,1182,Primary
5698,3551,2623,Primary
5699,3552,1512,Primary
5700,3553,1232,Primary
5701,3554,672,Primary
5702,3555,1573,Primary
5703,3556,2036,Primary
5704,3557,1634,Primary
5705,3558,1950,Primary
5706,3558,2139,Accomplice
5707,3558,665,Accomplice
5708,3559,2417,Primary
5709,3560,2769,Primary
5710,3560,2072,Accomplice
5711,3561,1719,Primary
5712,3561,2821,Primary
5713,3562,1815,Primary
5714,3562,731,Primary
5715,3562,1689,Conspirator
5716,3563,1828,Primary
5717,3563,2786,Accomplice
5718,3563,1595,Accomplice
5719,3564,256,Primary
5720,3565,2770,Primary
5721,3566,2907,Primary
5722,3567,702,Primary
5723,3568,2772,Primary
5724,3569,1273,Primary
5725,3570,2708,Primary
5726,3571,443,Primary
5727,3572,1592,Primary
5728,3572,44,Accomplice
5729,3573,96,Primary
5730,3573,2104,Accomplice
5731,3573,1693,Conspirator
5732,3574,96,Primary
5733,3575,2204,Primary
5734,3576,1252,Primary
5735,3577,505,Primary
5736,3577,412,Abettor
5737,3577,722,Accomplice
5738,3578,1585,Primary
5739,3578,2886,Primary
5740,3579,1690,Primary
5741,3580,293,Primary
5742,3581,2458,Primary
5743,3582,1922,Primary
5744,3582,2658,Primary
5745,3582,759,Abettor
5746,3583,1380,Primary
5747,3584,912,Primary
5748,3584,690,Primary
5749,3585,1381,Primary
5750,3586,10,Primary
5751,3587,2325,Primary
5752,3588,1824,Primary
5753,3589,1759,Primary
5754,3589,1560,Primary
5755,3589,355,Conspirator
5756,3590,727,Primary
5757,3591,2139,Primary
5758,3592,1875,Primary
5759,3593,1465,Primary
5760,3593,1066,Accomplice
5761,3594,2803,Primary
5762,3595,1586,Primary
5763,3595,272,Primary
5764,3595,2585,Primary
5765,3596,791,Primary
5766,3597,1302,Primary
5767,3597,241,Primary
5768,3598,1576,Primary
5769,3598,1825,Primary
5770,3599,2489,Primary
5771,3600,541,Primary
5772,3601,1535,Primary
5773,3602,1789,Primary
5774,3603,256,Primary
5775,3603,2583,Accomplice
5776,3604,1673,Primary
5777,3605,2303,Primary
5778,3605,2913,Accomplice
5779,3606,628,Primary
5780,3607,1984,Primary
5781,3608,2639,Primary
5782,3609,469,Primary
5783,3610,2052,Primary
5784,3611,51,Primary
5785,3611,2043,Accomplice
5786,3612,2559,Primary
5787,3613,2360,Primary
5788,3614,1190,Primary
5789,3614,2829,Primary
5790,3614,289,Accomplice
5791,3615,2441,Primary
5792,3615,990,Primary
5793,3616,2926,Primary
5794,3616,1075,Accomplice
5795,3617,2416,Primary
5796,3617,2338,Accomplice
5797,3618,2745,Primary
5798,3619,364,Primary
5799,3619,2889,Accomplice
5800,3620,1196,Primary
5801,3621,141,Primary
5802,3621,1581,Primary
5803,3621,2908,Primary
5804,3622,2952,Primary
5805,3623,1858,Primary
5806,3624,1750,Primary
5807,3624,1477,Primary
5808,3625,1903,Primary
5809,3626,2171,Primary
5810,3627,2947,Primary
5811,3627,407,Abettor
5812,3628,2775,Primary
5813,3629,2100,Primary
5814,3629,464,Primary
5815,3629,2895,Primary
5816,3630,717,Primary
5817,3630,725,Primary
5818,3630,2665,Primary
5819,3631,977,Primary
5820,3632,2818,Primary
5821,3633,2036,Primary
5822,3634,1374,Primary
5823,3635,2541,Primary
5824,3636,2589,Primary
5825,3637,1778,Primary
5826,3637,2263,Primary
5827,3638,2566,Primary
5828,3638,1132,Abettor
5829,3639,1981,Primary
5830,3640,2544,Primary
5831,3640,1,Accomplice
5832,3640,1327,Primary
5833,3641,1300,Primary
5834,3642,2371,Primary
5835,3643,2659,Primary
5836,3643,139,Primary
5837,3644,1999,Primary
5838,3644,1075,Accomplice
5839,3644,938,Abettor
5840,3645,2784,Primary
5841,3646,2643,Primary
5842,3646,2101,Accomplice
5843,3646,1990,Primary
5844,3647,398,Primary
5845,3648,1549,Primary
5846,3649,2452,Primary
5847,3649,1199,Primary
5848,3650,2540,Primary
5849,3650,608,Primary
5850,3651,2847,Primary
5851,3651,2592,Conspirator
5852,3652,721,Primary
5853,3652,1999,Primary
5854,3653,2121,Primary
5855,3653,710,Abettor
5856,3653,593,Accomplice
5857,3654,1544,Primary
5858,3655,1454,Primary
5859,3655,1409,Abettor
5860,3655,148,Primary
5861,3656,2870,Primary
5862,3656,2078,Accomplice
5863,3656,1801,Primary
5864,3657,29,Primary
5865,3658,2677,Primary
5866,3658,1174,Primary
5867,3658,842,Primary
5868,3659,1520,Primary
5869,3660,1451,Primary
5870,3661,505,Primary
5871,3662,989,Primary
5872,3662,2226,Abettor
5873,3663,2088,Primary
5874,3664,42,Primary
5875,3664,2398,Accomplice
5876,3664,962,Accomplice
5877,3665,2090,Primary
5878,3665,2782,Abettor
5879,3666,2845,Primary
5880,3666,2020,Abettor
5881,3666,1768,Accomplice
5882,3667,2244,Primary
5883,3668,1724,Primary
5884,3669,2029,Primary
5885,3669,342,Accomplice
5886,3670,324,Primary
5887,3671,2042,Primary
5888,3672,1475,Primary
5889,3673,2692,Primary
5890,3673,1138,Accomplice
5891,3674,1037,Primary
5892,3674,1159,Primary
5893,3674,663,Primary
5894,3675,2825,Primary
5895,3675,90,Accomplice
5896,3676,1994,Primary
5897,3676,1850,Accomplice
5898,3677,515,Primary
5899,3678,896,Primary
5900,3678,1205,Primary
5901,3679,120,Primary
5902,3680,916,Primary
5903,3681,146,Primary
5904,3682,852,Primary
5905,3682,1331,Primary
5906,3683,810,Primary
5907,3684,2216,Primary
5908,3685,2769,Primary
5909,3686,2418,Primary
5910,3686,221,Primary
5911,3686,867,Conspirator
5912,3687,253,Primary
5913,3687,1149,Primary
5914,3688,2820,Primary
5915,3688,2734,Primary
5916,3689,1175,Primary
5917,3690,1243,Primary
5918,3690,499,Accomplice
5919,3690,1453,Primary
5920,3691,1996,Primary
5921,3692,1015,Primary
5922,3693,118,Primary
5923,3694,2120,Primary
5924,3694,1961,Abettor
5925,3694,2746,Accomplice
5926,3695,2197,Primary
5927,3696,593,Primary
5928,3697,1884,Primary
5929,3697,2681,Accomplice
5930,3698,2448,Primary
5931,3698,940,Primary
5932,3698,2054,Accomplice
5933,3699,258,Primary
5934,3700,2191,Primary
5935,3701,2556,Primary
5936,3701,1897,Conspirator
5937,3702,2934,Primary
5938,3703,2804,Primary
5939,3704,2424,Primary
5940,3704,1019,Abettor
5941,3705,1537,Primary
5942,3705,2875,Primary
5943,3706,527,Primary
5944,3707,1447,Primary
5945,3707,469,Accomplice
5946,3708,2234,Primary
5947,3708,1178,Primary
5948,3709,2256,Primary
5949,3710,1529,Primary
5950,3711,1541,Primary
5951,3712,782,Primary
5952,3713,688,Primary
5953,3714,1928,Primary
5954,3714,2297,Primary
5955,3714,907,Primary
5956,3715,1372,Primary
5957,3716,963,Primary
5958,3717,2980,Primary
5959,3717,895,Accomplice
5960,3718,817,Primary
5961,3719,2920,Primary
5962,3719,1090,Conspirator
5963,3720,2172,Primary
5964,3721,1051,Primary
5965,3722,1216,Primary
5966,3723,2599,Primary
5967,3723,1685,Primary
5968,3723,1274,Accomplice
5969,3724,2968,Primary
5970,3725,619,Primary
5971,3726,1984,Primary
5972,3727,1030,Primary
5973,3727,1505,Primary
5974,3728,1307,Primary
5975,3729,1862,Primary
5976,3729,1754,Accomplice
5977,3730,1212,Primary
5978,3731,1559,Primary
5979,3732,188,Primary
5980,3733,1217,Primary
5981,3734,2640,Primary
5982,3734,668,Primary
5983,3735,1614,Primary
5984,3736,2714,Primary
5985,3736,582,Primary
5986,3737,1716,Primary
5987,3737,2014,Primary
5988,3738,697,Primary
5989,3739,2677,Primary
5990,3740,1603,Primary
5991,3740,1112,Primary
5992,3741,371,Primary
5993,3741,2584,Primary
5994,3741,631,Primary
5995,3742,1041,Primary
5996,3743,67,Primary
5997,3744,384,Primary
5998,3745,2154,Primary
5999,3746,1800,Primary
6000,3747,2103,Primary
6001,3747,2345,Primary
6002,3748,654,Primary
6003,3749,1466,Primary
6004,3750,1079,Primary
6005,3750,2621,Conspirator
6006,3751,51,Primary
6007,3752,732,Primary
6008,3753,2998,Primary
6009,3754,167,Primary
6010,3755,112,Primary
6011,3755,1581,Abettor
6012,3756,1128,Primary
6013,3756,2203,Primary
6014,3757,742,Primary
6015,3758,2347,Primary
6016,3759,1637,Primary
6017,3759,2383,Abettor
6018,3760,2006,Primary
6019,3761,2327,Primary
6020,3762,2917,Primary
6021,3762,1609,Accomplice
6022,3763,47,Primary
6023,3764,882,Primary
6024,3764,438,Primary
6025,3765,757,Primary
6026,3766,2018,Primary
6027,3767,349,Primary
6028,3768,2031,Primary
6029,3768,574,Accomplice
6030,3769,1858,Primary
6031,3770,2273,Primary
6032,3770,1193,Primary
6033,3771,2143,Primary
6034,3771,2954,Primary
6035,3772,1659,Primary
6036,3773,1165,Primary
6037,3774,1293,Primary
6038,3775,1467,Primary
6039,3775,1052,Primary
6040,3776,2398,Primary
6041,3777,535,Primary
6042,3777,1200,Accomplice
6043,3778,1384,Primary
6044,3779,1417,Primary
6045,3779,873,Accomplice
6046,3780,612,Primary
6047,3781,327,Primary
6048,3781,1066,Abettor
6049,3782,713,Primary
6050,3783,1608,Primary
6051,3783,1911,Primary
6052,3784,1413,Primary
6053,3785,1149,Primary
6054,3785,1610,Accomplice
6055,3786,2786,Primary
6056,3787,768,Primary
6057,3787,2234,Primary
6058,3788,2243,Primary
6059,3789,2107,Primary
6060,3790,2879,Primary
6061,3791,101,Primary
6062,3792,1626,Primary
6063,3793,592,Primary
6064,3794,1006,Primary
6065,3794,373,Abettor
6066,3795,1487,Primary
6067,3795,1258,Accomplice
6068,3795,2543,Primary
6069,3796,929,Primary
6070,3796,579,Accomplice
6071,3797,2341,Primary
6072,3797,2549,Accomplice
6073,3798,1964,Primary
6074,3798,1827,Accomplice
6075,3799,1787,Primary
6076,3800,1291,Primary
6077,3800,219,Primary
6078,3801,1532,Primary
6079,3801,2904,Primary
6080,3801,421,Abettor
6081,3802,2482,Primary
6082,3803,2622,Primary
6083,3804,2277,Primary
6084,3805,234,Primary
6085,3805,2083,Conspirator
6086,3806,1717,Primary
6087,3807,170,Primary
6088,3807,2632,Abettor
6089,3808,408,Primary
6090,3808,1574,Primary
6091,3809,1106,Primary
6092,3809,1994,Primary
6093,3810,2262,Primary
6094,3811,31,Primary
6095,3812,118,Primary
6096,3813,2696,Primary
6097,3814,2310,Primary
6098,3815,989,Primary
6099,3816,595,Primary
6100,3816,57,Accomplice
6101,3817,1207,Primary
6102,3818,979,Primary
6103,3819,2989,Primary
6104,3819,1918,Accomplice
6105,3820,722,Primary
6106,3821,824,Primary
6107,3822,1077,Primary
6108,3822,1932,Primary
6109,3823,61,Primary
6110,3823,1637,Primary
6111,3823,1063,Accomplice
6112,3824,272,Primary
6113,3824,680,Primary
6114,3825,1451,Primary
6115,3825,2413,Primary
6116,3825,116,Primary
6117,3826,1045,Primary
6118,3826,1386,Primary
6119,3827,559,Primary
6120,3828,1864,Primary
6121,3828,636,Abettor
6122,3829,2190,Primary
6123,3829,2210,Primary
6124,3830,1789,Primary
6125,3830,2558,Conspirator
6126,3831,1766,Primary
6127,3832,2980,Primary
6128,3832,1522,Abettor
6129,3832,564,Abettor
6130,3833,18,Primary
6131,3834,1976,Primary
6132,3835,503,Primary
6133,3836,2131,Primary
6134,3837,1536,Primary
6135,3838,2895,Primary
6136,3838,1145,Primary
6137,3839,592,Primary
6138,3840,1051,Primary
6139,3841,2309,Primary
6140,3842,2334,Primary
6141,3843,2212,Primary
6142,3843,1815,Accomplice
6143,3843,2764,Conspirator
6144,3844,1625,Primary
6145,3845,941,Primary
6146,3846,304,Primary
6147,3846,1268,Accomplice
6148,3847,2098,Primary
6149,3847,838,Primary
6150,3847,275,Abettor
6151,3848,1839,Primary
6152,3849,734,Primary
6153,3849,399,Primary
6154,3850,2466,Primary
6155,3851,1861,Primary
6156,3852,944,Primary
6157,3853,159,Primary
6158,3853,2940,Primary
6159,3853,1098,Primary
6160,3854,2001,Primary
6161,3854,1013,Accomplice
6162,3854,2664,Primary
6163,3855,2020,Primary
6164,3855,57,Primary
6165,3855,537,Primary
6166,3856,1435,Primary
6167,3857,1415,Primary
6168,3857,402,Accomplice
6169,3857,2265,Primary
6170,3858,1243,Primary
6171,3858,2139,Abettor
6172,3858,364,Primary
6173,3859,1070,Primary
6174,3860,1818,Primary
6175,3860,1554,Accomplice
6176,3860,1482,Accomplice
6177,3861,1273,Primary
6178,3862,1773,Primary
6179,3862,1832,Primary
6180,3863,1467,Primary
6181,3864,1781,Primary
6182,3865,2458,Primary
6183,3866,389,Primary
6184,3867,2049,Primary
6185,3867,2055,Accomplice
6186,3868,163,Primary
6187,3869,1238,Primary
6188,3870,2480,Primary
6189,3870,1207,Accomplice
6190,3871,348,Primary
6191,3872,2233,Primary
6192,3873,1413,Primary
6193,3873,560,Conspirator
6194,3873,1825,Primary
6195,3874,2008,Primary
6196,3874,602,Accomplice
6197,3874,67,Primary
6198,3875,2047,Primary
6199,3875,845,Primary
6200,3876,288,Primary
6201,3877,1237,Primary
6202,3878,1224,Primary
6203,3879,988,Primary
6204,3879,2260,Accomplice
6205,3879,495,Primary
6206,3880,139,Primary
6207,3881,2233,Primary
6208,3881,550,Primary
6209,3881,1245,Primary
6210,3882,376,Primary
6211,3883,1732,Primary
6212,3884,1998,Primary
6213,3884,572,Conspirator
6214,3885,1915,Primary
6215,3886,2542,Primary
6216,3887,1856,Primary
6217,3887,2120,Primary
6218,3887,726,Abettor
6219,3888,1944,Primary
6220,3888,505,Accomplice
6221,3888,1632,Primary
6222,3889,154,Primary
6223,3890,2466,Primary
6224,3891,2995,Primary
6225,3891,2580,Abettor
6226,3891,2992,Primary
6227,3892,969,Primary
6228,3893,209,Primary
6229,3893,1536,Primary
6230,3894,2569,Primary
6231,3895,2621,Primary
6232,3896,2807,Primary
6233,3896,2296,Primary
6234,3897,999,Primary
6235,3898,635,Primary
6236,3898,1458,Abettor
6237,3899,1238,Primary
6238,3900,100,Primary
6239,3900,1672,Primary
6240,3900,1241,Primary
6241,3901,1912,Primary
6242,3901,2665,Primary
6243,3901,1195,Accomplice
6244,3902,1258,Primary
6245,3903,1669,Primary
6246,3903,2640,Accomplice
6247,3904,957,Primary
6248,3905,2337,Primary
6249,3906,2098,Primary
6250,3907,1822,Primary
6251,3907,1410,Primary
6252,3908,1459,Primary
6253,3909,621,Primary
6254,3909,2413,Accomplice
6255,3910,858,Primary
6256,3910,2578,Primary
6257,3911,2003,Primary
6258,3911,1527,Accomplice
6259,3912,2417,Primary
6260,3912,2569,Abettor
6261,3913,1086,Primary
6262,3914,1195,Primary
6263,3915,841,Primary
6264,3915,337,Primary
6265,3916,822,Primary
6266,3916,624,Primary
6267,3917,1787,Primary
6268,3917,352,Primary
6269,3917,1325,Primary
6270,3918,1125,Primary
6271,3919,566,Primary
6272,3920,491,Primary
6273,3920,162,Conspirator
6274,3921,1018,Primary
6275,3922,2991,Primary
6276,3922,2514,Conspirator
6277,3923,2178,Primary
6278,3924,249,Primary
6279,3925,2493,Primary
6280,3926,1517,Primary
6281,3927,1421,Primary
6282,3928,818,Primary
6283,3928,1115,Abettor
6284,3929,2361,Primary
6285,3930,2887,Primary
6286,3931,818,Primary
6287,3931,327,Primary
6288,3932,515,Primary
6289,3933,920,Primary
6290,3934,578,Primary
6291,3934,2677,Accomplice
6292,3935,716,Primary
6293,3936,1857,Primary
6294,3936,1450,Abettor
6295,3937,1330,Primary
6296,3938,2812,Primary
6297,3939,1690,Primary
6298,3940,170,Primary
6299,3941,580,Primary
6300,3942,959,Primary
6301,3943,844,Primary
6302,3944,2614,Primary
6303,3945,2669,Primary
6304,3946,1981,Primary
6305,3947,1381,Primary
6306,3948,2807,Primary
6307,3949,2523,Primary
6308,3949,2387,Accomplice
6309,3949,1382,Primary
6310,3950,1914,Primary
6311,3950,1019,Accomplice
6312,3951,2262,Primary
6313,3951,2307,Conspirator
6314,3952,81,Primary
6315,3953,1627,Primary
6316,3953,1082,Abettor
6317,3954,636,Primary
6318,3955,1178,Primary
6319,3956,1688,Primary
6320,3957,1029,Primary
6321,3958,2344,Primary
6322,3959,1539,Primary
6323,3960,1719,Primary
6324,3961,2233,Primary
6325,3961,909,Abettor
6326,3961,423,Accomplice
6327,3962,2318,Primary
6328,3963,1478,Primary
6329,3964,2453,Primary
6330,3964,1220,Primary
6331,3965,254,Primary
6332,3965,1047,Accomplice
6333,3966,753,Primary
6334,3966,2393,Abettor
6335,3966,2091,Primary
6336,3967,1213,Primary
6337,3968,319,Primary
6338,3969,2379,Primary
6339,3970,2345,Primary
6340,3971,2307,Primary
6341,3971,1675,Accomplice
6342,3972,1883,Primary
6343,3973,10,Primary
6344,3974,1023,Primary
6345,3975,2305,Primary
6346,3976,277,Primary
6347,3977,1964,Primary
6348,3978,2298,Primary
6349,3978,105,Abettor
6350,3979,192,Primary
6351,3979,388,Accomplice
6352,3980,1373,Primary
6353,3980,1712,Primary
6354,3981,1784,Primary
6355,3982,2106,Primary
6356,3983,527,Primary
6357,3984,1517,Primary
6358,3984,210,Primary
6359,3985,905,Primary
6360,3985,1583,Primary
6361,3986,1996,Primary
6362,3987,958,Primary
6363,3988,230,Primary
6364,3988,770,Primary
6365,3988,457,Primary
6366,3989,2374,Primary
6367,3989,700,Primary
6368,3990,964,Primary
6369,3991,2793,Primary
6370,3991,927,Primary
6371,3992,904,Primary
6372,3992,989,Primary
6373,3993,503,Primary
6374,3993,2739,Primary
6375,3994,2838,Primary
6376,3995,551,Primary
6377,3996,2806,Primary
6378,3996,2974,Accomplice
6379,3997,2689,Primary
6380,3998,2695,Primary
6381,3998,2469,Accomplice
6382,3998,2821,Primary
6383,3999,271,Primary
6384,4000,726,Primary
6385,4001,396,Primary
6386,4002,2637,Primary
6387,4003,2139,Primary
6388,4003,2883,Primary
6389,4003,1729,Accomplice
6390,4004,2015,Primary
6391,4004,2365,Accomplice
6392,4004,1086,Conspirator
6393,4005,2807,Primary
6394,4005,549,Accomplice
6395,4005,2729,Primary
6396,4006,2818,Primary
6397,4007,1013,Primary
6398,4007,1441,Abettor
6399,4008,2676,Primary
6400,4009,480,Primary
6401,4009,1878,Primary
6402,4010,2633,Primary
6403,4011,2850,Primary
6404,4011,2564,Abettor
6405,4011,1064,Primary
6406,4012,313,Primary
6407,4012,1199,Accomplice
6408,4012,2450,Accomplice
6409,4013,2178,Primary
6410,4014,658,Primary
6411,4015,1480,Primary
6412,4016,689,Primary
6413,4017,1000,Primary
6414,4018,1413,Primary
6415,4018,2414,Primary
6416,4018,2164,Primary
6417,4019,1732,Primary
6418,4020,181,Primary
6419,4020,2553,Primary
6420,4021,1781,Primary
6421,4022,572,Primary
6422,4022,47,Primary
6423,4022,2163,Primary
6424,4023,1028,Primary
6425,4024,368,Primary
6426,4025,1678,Primary
6427,4025,2533,Conspirator
6428,4026,1858,Primary
6429,4027,1050,Primary
6430,4028,2116,Primary
6431,4029,1880,Primary
6432,4029,1287,Primary
6433,4030,1134,Primary
6434,4031,1696,Primary
6435,4032,1338,Primary
6436,4032,1732,Primary
6437,4032,984,Primary
6438,4033,2357,Primary
6439,4034,1042,Primary
6440,4034,2631,Primary
6441,4034,2118,Abettor
6442,4035,2924,Primary
6443,4035,885,Primary
6444,4035,2189,Primary
6445,4036,1664,Primary
6446,4036,2010,Primary
6447,4036,1464,Conspirator
6448,4037,1731,Primary
6449,4037,1095,Primary
6450,4038,1904,Primary
6451,4039,2790,Primary
6452,4039,1250,Abettor
6453,4040,667,Primary
6454,4041,511,Primary
6455,4042,1555,Primary
6456,4043,59,Primary
6457,4044,1015,Primary
6458,4045,2557,Primary
6459,4046,1884,Primary
6460,4047,858,Primary
6461,4047,2489,Conspirator
6462,4048,225,Primary
6463,4049,552,Primary
6464,4049,2011,Abettor
6465,4050,1396,Primary
6466,4050,491,Primary
6467,4050,405,Accomplice
6468,4051,315,Primary
6469,4051,1752,Abettor
6470,4052,406,Primary
6471,4052,978,Primary
6472,4052,1276,Accomplice
6473,4053,193,Primary
6474,4053,1983,Abettor
6475,4054,2241,Primary
6476,4054,686,Accomplice
6477,4055,2388,Primary
6478,4056,2684,Primary
6479,4057,823,Primary
6480,4058,1565,Primary
6481,4059,2922,Primary
6482,4059,942,Primary
6483,4060,342,Primary
6484,4061,1639,Primary
6485,4061,1187,Conspirator
6486,4061,2912,Primary
6487,4062,1613,Primary
6488,4063,508,Primary
6489,4063,1027,Primary
6490,4064,2632,Primary
6491,4065,527,Primary
6492,4066,1117,Primary
6493,4066,990,Primary
6494,4066,2185,Conspirator
6495,4067,2775,Primary
6496,4068,1087,Primary
6497,4068,2975,Conspirator
6498,4069,2632,Primary
6499,4070,2017,Primary
6500,4071,2118,Primary
6501,4071,2259,Primary
6502,4072,1671,Primary
6503,4072,2591,Primary
6504,4073,2124,Primary
6505,4074,2870,Primary
6506,4074,21,Primary
6507,4075,1867,Primary
6508,4076,61,Primary
6509,4077,2204,Primary
6510,4077,2053,Primary
6511,4078,284,Primary
6512,4078,181,Accomplice
6513,4078,2445,Conspirator
6514,4079,2114,Primary
6515,4079,2556,Abettor
6516,4080,2393,Primary
6517,4081,1591,Primary
6518,4081,2867,Primary
6519,4082,2254,Primary
6520,4082,1719,Abettor
6521,4083,2357,Primary
6522,4084,1579,Primary
6523,4085,760,Primary
6524,4086,2674,Primary
6525,4087,1472,Primary
6526,4088,559,Primary
6527,4088,126,Primary
6528,4089,1139,Primary
6529,4090,2211,Primary
6530,4091,1956,Primary
6531,4092,189,Primary
6532,4093,170,Primary
6533,4094,304,Primary
6534,4094,2026,Primary
6535,4095,2195,Primary
6536,4095,1334,Conspirator
6537,4096,1378,Primary
6538,4096,551,Abettor
6539,4097,1244,Primary
6540,4098,2549,Primary
6541,4099,1904,Primary
6542,4099,1795,Accomplice
6543,4099,2753,Primary
6544,4100,892,Primary
6545,4101,2240,Primary
6546,4101,1328,Primary
6547,4102,382,Primary
6548,4102,2194,Primary
6549,4102,392,Primary
6550,4103,1580,Primary
6551,4104,1315,Primary
6552,4104,2848,Primary
6553,4105,457,Primary
6554,4106,735,Primary
6555,4107,254,Primary
6556,4107,1070,Primary
6557,4107,805,Primary
6558,4108,279,Primary
6559,4109,2415,Primary
6560,4110,1035,Primary
6561,4110,1911,Accomplice
6562,4111,1121,Primary
6563,4112,1143,Primary
6564,4112,267,Accomplice
6565,4113,479,Primary
6566,4113,2289,Primary
6567,4114,1880,Primary
6568,4114,825,Abettor
6569,4115,1253,Primary
6570,4115,2161,Conspirator
6571,4116,1750,Primary
6572,4116,1490,Primary
6573,4116,1050,Primary
6574,4117,558,Primary
6575,4117,2671,Primary
6576,4117,2029,Accomplice
6577,4118,795,Primary
6578,4119,1563,Primary
6579,4119,629,Abettor
6580,4120,963,Primary
6581,4121,849,Primary
6582,4122,545,Primary
6583,4123,2718,Primary
6584,4123,867,Conspirator
6585,4124,963,Primary
6586,4124,2790,Primary
6587,4125,791,Primary
6588,4126,25,Primary
6589,4126,1394,Abettor
6590,4127,374,Primary
6591,4127,835,Primary
6592,4128,1871,Primary
6593,4128,546,Primary
6594,4129,1174,Primary
6595,4129,1727,Accomplice
6596,4130,1396,Primary
6597,4131,61,Primary
6598,4131,630,Primary
6599,4132,2293,Primary
6600,4132,2420,Primary
6601,4133,499,Primary
6602,4134,1724,Primary
6603,4135,762,Primary
6604,4136,2637,Primary
6605,4136,521,Accomplice
6606,4137,736,Primary
6607,4138,2318,Primary
6608,4139,898,Primary
6609,4140,1014,Primary
6610,4140,1951,Accomplice
6611,4140,1683,Primary
6612,4141,739,Primary
6613,4141,453,Abettor
6614,4142,527,Primary
6615,4142,2573,Primary
6616,4143,1683,Primary
6617,4143,1210,Abettor
6618,4143,892,Primary
6619,4144,2271,Primary
6620,4145,2916,Primary
6621,4145,2333,Abettor
6622,4146,2896,Primary
6623,4146,578,Accomplice
6624,4147,804,Primary
6625,4148,2378,Primary
6626,4148,550,Accomplice
6627,4148,2766,Primary
6628,4149,2626,Primary
6629,4150,1495,Primary
6630,4151,2804,Primary
6631,4151,688,Primary
6632,4152,2744,Primary
6633,4153,2552,Primary
6634,4154,2707,Primary
6635,4155,495,Primary
6636,4156,84,Primary
6637,4156,715,Conspirator
6638,4156,881,Primary
6639,4157,1410,Primary
6640,4158,2488,Primary
6641,4158,2990,Primary
6642,4158,1871,Abettor
6643,4159,1712,Primary
6644,4160,2196,Primary
6645,4160,2620,Primary
6646,4160,2334,Conspirator
6647,4161,1766,Primary
6648,4162,1710,Primary
6649,4162,578,Accomplice
6650,4163,22,Primary
6651,4164,1591,Primary
6652,4165,685,Primary
6653,4166,326,Primary
6654,4166,709,Primary
6655,4167,2180,Primary
6656,4167,2098,Abettor
6657,4168,766,Primary
6658,4168,88,Accomplice
6659,4169,2046,Primary
6660,4170,217,Primary
6661,4170,1593,Primary
6662,4171,1322,Primary
6663,4171,2259,Abettor
6664,4171,2857,Accomplice
6665,4172,2764,Primary
6666,4173,2416,Primary
6667,4173,2417,Primary
6668,4174,2178,Primary
6669,4174,1537,Primary
6670,4175,1965,Primary
6671,4175,1354,Abettor
6672,4176,790,Primary
6673,4177,2006,Primary
6674,4178,1115,Primary
6675,4179,1493,Primary
6676,4179,2420,Conspirator
6677,4180,577,Primary
6678,4181,968,Primary
6679,4182,783,Primary
6680,4183,264,Primary
6681,4184,2789,Primary
6682,4184,791,Primary
6683,4185,1469,Primary
6684,4185,1788,Abettor
6685,4186,983,Primary
6686,4186,386,Primary
6687,4186,1142,Primary
6688,4187,188,Primary
6689,4187,1971,Abettor
6690,4188,2804,Primary
6691,4189,1485,Primary
6692,4190,1632,Primary
6693,4190,2558,Accomplice
6694,4191,2228,Primary
6695,4192,1901,Primary
6696,4193,1766,Primary
6697,4194,1386,Primary
6698,4195,791,Primary
6699,4196,1946,Primary
6700,4197,1748,Primary
6701,4198,2279,Primary
6702,4198,2370,Primary
6703,4198,1058,Primary
6704,4199,2448,Primary
6705,4199,1656,Primary
6706,4200,2689,Primary
6707,4201,2376,Primary
6708,4202,322,Primary
6709,4203,2877,Primary
6710,4203,166,Primary
6711,4204,2257,Primary
6712,4205,2967,Primary
6713,4206,120,Primary
6714,4206,1887,Primary
6715,4207,100,Primary
6716,4207,103,Primary
6717,4208,559,Primary
6718,4209,1559,Primary
6719,4210,2382,Primary
6720,4210,633,Primary
6721,4210,2159,Primary
6722,4211,995,Primary
6723,4211,1575,Primary
6724,4211,2035,Primary
6725,4212,1076,Primary
6726,4213,2928,Primary
6727,4214,2631,Primary
6728,4214,867,Primary
6729,4215,558,Primary
6730,4215,234,Primary
6731,4216,1649,Primary
6732,4217,2146,Primary
6733,4217,1719,Abettor
6734,4218,1487,Primary
6735,4218,178,Primary
6736,4218,1273,Primary
6737,4219,2203,Primary
6738,4219,1052,Accomplice
6739,4220,228,Primary
6740,4221,1737,Primary
6741,4222,2017,Primary
6742,4222,727,Primary
6743,4222,1503,Conspirator
6744,4223,1946,Primary
6745,4224,1291,Primary
6746,4224,2152,Accomplice
6747,4225,1106,Primary
6748,4226,952,Primary
6749,4226,675,Primary
6750,4227,553,Primary
6751,4227,2979,Primary
6752,4228,2623,Primary
6753,4228,1519,Abettor
6754,4229,1875,Primary
6755,4230,1500,Primary
6756,4231,2973,Primary
6757,4231,301,Accomplice
6758,4231,629,Primary
6759,4232,1788,Primary
6760,4233,354,Primary
6761,4233,1777,Primary
6762,4234,2064,Primary
6763,4234,2956,Accomplice
6764,4235,2705,Primary
6765,4235,861,Accomplice
6766,4235,904,Abettor
6767,4236,2561,Primary
6768,4237,2568,Primary
6769,4238,29,Primary
6770,4239,2034,Primary
6771,4239,2077,Primary
6772,4240,2082,Primary
6773,4240,2981,Accomplice
6774,4241,1294,Primary
6775,4242,1413,Primary
6776,4243,1469,Primary
6777,4243,2420,Primary
6778,4244,2653,Primary
6779,4245,72,Primary
6780,4246,2378,Primary
6781,4246,1139,Primary
6782,4246,1169,Accomplice
6783,4247,979,Primary
6784,4247,1623,Primary
6785,4248,2035,Primary
6786,4249,1055,Primary
6787,4250,1115,Primary
6788,4251,2892,Primary
6789,4251,2847,Primary
6790,4252,1956,Primary
6791,4253,1203,Primary
6792,4254,1184,Primary
6793,4255,945,Primary
6794,4255,2394,Primary
6795,4255,2819,Primary
6796,4256,1442,Primary
6797,4257,1002,Primary
6798,4258,627,Primary
6799,4259,1705,Primary
6800,4259,2549,Abettor
6801,4260,2659,Primary
6802,4261,2659,Primary
6803,4261,776,Primary
6804,4262,583,Primary
6805,4263,2108,Primary
6806,4263,1043,Primary
6807,4264,2109,Primary
6808,4265,609,Primary
6809,4266,1944,Primary
6810,4267,2231,Primary
6811,4267,991,Primary
6812,4268,1589,Primary
6813,4268,1203,Accomplice
6814,4269,359,Primary
6815,4269,2994,Conspirator
6816,4269,2312,Primary
6817,4270,2707,Primary
6818,4270,762,Primary
6819,4271,560,Primary
6820,4272,770,Primary
6821,4273,2875,Primary
6822,4274,2228,Primary
6823,4275,302,Primary
6824,4275,2419,Accomplice
6825,4276,498,Primary
6826,4276,511,Primary
6827,4277,2388,Primary
6828,4278,66,Primary
6829,4278,370,Conspirator
6830,4278,1025,Primary
6831,4279,2490,Primary
6832,4280,222,Primary
6833,4280,2848,Primary
6834,4281,2195,Primary
6835,4281,2607,Accomplice
6836,4282,2329,Primary
6837,4283,2392,Primary
6838,4283,1646,Primary
6839,4283,2638,Primary
6840,4284,1544,Primary
6841,4285,2873,Primary
6842,4286,859,Primary
6843,4287,1923,Primary
6844,4287,524,Accomplice
6845,4288,1772,Primary
6846,4288,1344,Primary
6847,4288,1801,Primary
6848,4289,923,Primary
6849,4290,527,Primary
6850,4291,1035,Primary
6851,4291,2599,Abettor
6852,4291,2573,Accomplice
6853,4292,1415,Primary
6854,4293,1408,Primary
6855,4293,947,Primary
6856,4294,1205,Primary
6857,4295,1003,Primary
6858,4296,2987,Primary
6859,4296,1035,Primary
6860,4296,2664,Abettor
6861,4297,1793,Primary
6862,4298,1730,Primary
6863,4298,1873,Abettor
6864,4298,1930,Abettor
6865,4299,1495,Primary
6866,4300,655,Primary
6867,4301,209,Primary
6868,4302,1537,Primary
6869,4303,1208,Primary
6870,4304,2196,Primary
6871,4305,131,Primary
6872,4305,1977,Primary
6873,4306,2267,Primary
6874,4307,649,Primary
6875,4308,1911,Primary
6876,4309,1171,Primary
6877,4310,1036,Primary
6878,4311,1462,Primary
6879,4311,1479,Primary
6880,4311,787,Primary
6881,4312,2779,Primary
6882,4313,329,Primary
6883,4313,646,Accomplice
6884,4314,1688,Primary
6885,4314,1529,Accomplice
6886,4315,1140,Primary
6887,4316,1880,Primary
6888,4317,2710,Primary
6889,4317,2268,Primary
6890,4318,1727,Primary
6891,4318,520,Accomplice
6892,4319,362,Primary
6893,4319,1481,Accomplice
6894,4319,2717,Primary
6895,4320,1956,Primary
6896,4321,222,Primary
6897,4322,418,Primary
6898,4322,1177,Primary
6899,4323,2712,Primary
6900,4324,324,Primary
6901,4324,2260,Primary
6902,4325,1625,Primary
6903,4325,2943,Primary
6904,4326,1750,Primary
6905,4326,2800,Primary
6906,4327,2313,Primary
6907,4328,732,Primary
6908,4329,2904,Primary
6909,4329,1429,Accomplice
6910,4330,1975,Primary
6911,4330,234,Primary
6912,4331,2740,Primary
6913,4331,2057,Abettor
6914,4332,444,Primary
6915,4333,1810,Primary
6916,4334,2364,Primary
6917,4334,858,Primary
6918,4335,1574,Primary
6919,4335,2127,Primary
6920,4336,1486,Primary
6921,4337,2863,Primary
6922,4338,135,Primary
6923,4339,939,Primary
6924,4339,1552,Primary
6925,4339,753,Accomplice
6926,4340,2473,Primary
6927,4340,1057,Accomplice
6928,4341,1193,Primary
6929,4341,1768,Conspirator
6930,4341,604,Accomplice
6931,4342,2702,Primary
6932,4343,1460,Primary
6933,4344,61,Primary
6934,4345,43,Primary
6935,4346,2630,Primary
6936,4346,1930,Primary
6937,4346,1835,Abettor
6938,4347,585,Primary
6939,4348,1291,Primary
6940,4349,1408,Primary
6941,4350,2554,Primary
6942,4351,2837,Primary
6943,4351,991,Abettor
6944,4351,2753,Primary
6945,4352,656,Primary
6946,4353,1087,Primary
6947,4354,1167,Primary
6948,4354,104,Accomplice
6949,4355,2273,Primary
6950,4356,1674,Primary
6951,4356,2672,Conspirator
6952,4357,1785,Primary
6953,4357,527,Accomplice
6954,4357,1881,Primary
6955,4358,2229,Primary
6956,4359,410,Primary
6957,4360,328,Primary
6958,4361,114,Primary
6959,4361,2496,Accomplice
6960,4362,2918,Primary
6961,4362,584,Conspirator
6962,4363,464,Primary
6963,4363,527,Primary
6964,4363,387,Abettor
6965,4364,1136,Primary
6966,4364,1599,Primary
6967,4365,1427,Primary
6968,4366,1854,Primary
6969,4367,523,Primary
6970,4368,575,Primary
6971,4368,2601,Primary
6972,4369,59,Primary
6973,4369,2405,Accomplice
6974,4369,2084,Primary
6975,4370,978,Primary
6976,4371,2368,Primary
6977,4372,2907,Primary
6978,4373,1930,Primary
6979,4374,415,Primary
6980,4374,2935,Accomplice
6981,4375,1669,Primary
6982,4375,2045,Primary
6983,4376,2299,Primary
6984,4377,1290,Primary
6985,4378,2404,Primary
6986,4379,2125,Primary
6987,4380,837,Primary
6988,4381,1516,Primary
6989,4381,2346,Primary
6990,4382,1571,Primary
6991,4382,573,Accomplice
6992,4383,1776,Primary
6993,4383,1835,Primary
6994,4384,1925,Primary
6995,4385,1081,Primary
6996,4386,1578,Primary
6997,4386,2127,Primary
6998,4387,2972,Primary
6999,4387,2066,Primary
7000,4387,71,Primary
7001,4388,2373,Primary
7002,4389,2689,Primary
7003,4390,2341,Primary
7004,4390,808,Primary
7005,4390,782,Conspirator
7006,4391,2099,Primary
7007,4391,897,Abettor
7008,4392,407,Primary
7009,4393,1801,Primary
7010,4394,1750,Primary
7011,4395,2532,Primary
7012,4395,2881,Primary
7013,4396,2354,Primary
7014,4397,1770,Primary
7015,4398,2663,Primary
7016,4398,2361,Primary
7017,4399,1278,Primary
7018,4399,2130,Primary
7019,4400,269,Primary
7020,4400,1067,Primary
7021,4401,460,Primary
7022,4401,297,Primary
7023,4402,1576,Primary
7024,4402,151,Accomplice
7025,4403,202,Primary
7026,4404,1852,Primary
7027,4404,766,Accomplice
7028,4405,1232,Primary
7029,4405,1836,Conspirator
7030,4405,2480,Primary
7031,4406,2021,Primary
7032,4407,1939,Primary
7033,4407,338,Primary
7034,4407,2991,Accomplice
7035,4408,1724,Primary
7036,4409,2277,Primary
7037,4410,487,Primary
7038,4410,709,Conspirator
7039,4410,1719,Primary
7040,4411,2218,Primary
7041,4411,628,Accomplice
7042,4411,644,Accomplice
7043,4412,1469,Primary
7044,4412,2689,Accomplice
7045,4413,2207,Primary
7046,4414,2753,Primary
7047,4415,1630,Primary
7048,4415,1692,Primary
7049,4416,272,Primary
7050,4416,2111,Primary
7051,4417,725,Primary
7052,4417,1568,Abettor
7053,4417,587,Primary
7054,4418,1285,Primary
7055,4418,2414,Primary
7056,4419,141,Primary
7057,4420,1945,Primary
7058,4421,1817,Primary
7059,4422,933,Primary
7060,4422,2732,Accomplice
7061,4423,2082,Primary
7062,4423,920,Accomplice
7063,4424,2425,Primary
7064,4425,707,Primary
7065,4426,251,Primary
7066,4426,2328,Primary
7067,4427,1924,Primary
7068,4427,2657,Abettor
7069,4428,1602,Primary
7070,4428,829,Accomplice
7071,4429,2386,Primary
7072,4429,945,Primary
7073,4430,1114,Primary
7074,4431,675,Primary
7075,4431,2036,Primary
7076,4432,1124,Primary
7077,4432,2696,Primary
7078,4433,1853,Primary
7079,4434,1365,Primary
7080,4434,2591,Primary
7081,4434,225,Primary
7082,4435,461,Primary
7083,4435,2353,Accomplice
7084,4436,178,Primary
7085,4437,107,Primary
7086,4438,1730,Primary
7087,4439,2179,Primary
7088,4439,2303,Primary
7089,4440,2212,Primary
7090,4441,1749,Primary
7091,4442,2942,Primary
7092,4442,2978,Primary
7093,4443,2558,Primary
7094,4444,111,Primary
7095,4444,370,Conspirator
7096,4444,1769,Primary
7097,4445,1936,Primary
7098,4446,2376,Primary
7099,4447,900,Primary
7100,4448,2013,Primary
7101,4448,687,Conspirator
7102,4448,1883,Abettor
7103,4449,1878,Primary
7104,4449,1102,Primary
7105,4449,1013,Accomplice
7106,4450,2036,Primary
7107,4451,1075,Primary
7108,4452,1984,Primary
7109,4453,1973,Primary
7110,4454,2332,Primary
7111,4454,1696,Conspirator
7112,4454,1286,Primary
7113,4455,881,Primary
7114,4455,1492,Accomplice
7115,4455,1120,Abettor
7116,4456,698,Primary
7117,4457,2147,Primary
7118,4458,1336,Primary
7119,4458,766,Accomplice
7120,4458,2129,Abettor
7121,4459,1559,Primary
7122,4460,1079,Primary
7123,4461,2769,Primary
7124,4462,978,Primary
7125,4463,374,Primary
7126,4464,2739,Primary
7127,4464,393,Primary
7128,4464,1646,Primary
7129,4465,2341,Primary
7130,4465,2952,Primary
7131,4466,2643,Primary
7132,4466,1197,Accomplice
7133,4467,2727,Primary
7134,4467,2198,Primary
7135,4468,283,Primary
7136,4469,2798,Primary
7137,4470,1267,Primary
7138,4471,2190,Primary
7139,4472,258,Primary
7140,4473,140,Primary
7141,4474,1596,Primary
7142,4475,1447,Primary
7143,4475,2374,Abettor
7144,4475,169,Primary
7145,4476,943,Primary
7146,4476,2582,Accomplice
7147,4476,1457,Primary
7148,4477,268,Primary
7149,4478,958,Primary
7150,4479,1273,Primary
7151,4479,1978,Primary
7152,4480,1316,Primary
7153,4481,686,Primary
7154,4481,994,Abettor
7155,4482,1579,Primary
7156,4482,2989,Conspirator
7157,4483,1522,Primary
7158,4483,2303,Primary
7159,4484,1227,Primary
7160,4484,316,Accomplice
7161,4485,42,Primary
7162,4485,2995,Abettor
7163,4485,2785,Conspirator
7164,4486,2797,Primary
7165,4487,700,Primary
7166,4488,1007,Primary
7167,4489,2456,Primary
7168,4490,1591,Primary
7169,4491,2311,Primary
7170,4492,1069,Primary
7171,4493,1115,Primary
7172,4493,74,Accomplice
7173,4494,576,Primary
7174,4495,1302,Primary
7175,4496,2625,Primary
7176,4497,459,Primary
7177,4498,44,Primary
7178,4499,539,Primary
7179,4499,60,Primary
7180,4500,203,Primary
7181,4501,1537,Primary
7182,4502,556,Primary
7183,4502,109,Primary
7184,4502,135,Abettor
7185,4503,2696,Primary
7186,4504,2493,Primary
7187,4504,1082,Accomplice
7188,4504,1589,Primary
7189,4505,1732,Primary
7190,4505,2024,Primary
7191,4506,1763,Primary
7192,4507,2614,Primary
7193,4508,2956,Primary
7194,4508,2138,Primary
7195,4508,1078,Accomplice
7196,4509,1557,Primary
7197,4510,1587,Primary
7198,4511,329,Primary
7199,4511,714,Primary
7200,4511,2679,Conspirator
7201,4512,661,Primary
7202,4513,2185,Primary
7203,4513,1229,Accomplice
7204,4514,1030,Primary
7205,4515,2260,Primary
7206,4516,2656,Primary
7207,4517,2771,Primary
7208,4517,2319,Abettor
7209,4517,1546,Primary
7210,4518,1624,Primary
7211,4519,1244,Primary
7212,4520,262,Primary
7213,4521,1500,Primary
7214,4521,1546,Accomplice
7215,4521,1020,Primary
7216,4522,2545,Primary
7217,4522,58,Accomplice
7218,4523,247,Primary
7219,4524,1599,Primary
7220,4525,1276,Primary
7221,4525,757,Primary
7222,4526,1517,Primary
7223,4527,512,Primary
7224,4528,2617,Primary
7225,4528,1484,Abettor
7226,4528,1495,Accomplice
7227,4529,427,Primary
7228,4530,551,Primary
7229,4531,2174,Primary
7230,4531,2693,Primary
7231,4531,1492,Primary
7232,4532,913,Primary
7233,4533,2464,Primary
7234,4534,1303,Primary
7235,4535,142,Primary
7236,4536,2548,Primary
7237,4537,2833,Primary
7238,4537,555,Primary
7239,4537,607,Abettor
7240,4538,125,Primary
7241,4539,1506,Primary
7242,4540,236,Primary
7243,4541,2519,Primary
7244,4541,435,Accomplice
7245,4542,787,Primary
7246,4543,1352,Primary
7247,4543,1138,Primary
7248,4543,1385,Primary
7249,4544,1902,Primary
7250,4545,1342,Primary
7251,4546,1594,Primary
7252,4547,174,Primary
7253,4548,1018,Primary
7254,4549,1965,Primary
7255,4549,834,Primary
7256,4550,2027,Primary
7257,4551,834,Primary
7258,4552,1931,Primary
7259,4552,1193,Primary
7260,4553,2670,Primary
7261,4553,120,Accomplice
7262,4554,576,Primary
7263,4555,1207,Primary
7264,4555,810,Abettor
7265,4556,1535,Primary
7266,4556,647,Primary
7267,4557,1476,Primary
7268,4557,2235,Abettor
7269,4558,1793,Primary
7270,4559,302,Primary
7271,4559,2357,Primary
7272,4559,1623,Accomplice
7273,4560,2260,Primary
7274,4560,394,Abettor
7275,4560,1210,Primary
7276,4561,1867,Primary
7277,4562,260,Primary
7278,4562,1512,Primary
7279,4563,1674,Primary
7280,4564,2407,Primary
7281,4565,515,Primary
7282,4565,1033,Accomplice
7283,4565,1858,Abettor
7284,4566,340,Primary
7285,4567,2305,Primary
7286,4568,2864,Primary
7287,4569,2190,Primary
7288,4569,970,Accomplice
7289,4570,222,Primary
7290,4570,1117,Primary
7291,4571,2396,Primary
7292,4572,2574,Primary
7293,4573,2991,Primary
7294,4574,1814,Primary
7295,4575,2293,Primary
7296,4575,662,Primary
7297,4576,627,Primary
7298,4576,2369,Accomplice
7299,4577,1381,Primary
7300,4578,690,Primary
7301,4579,505,Primary
7302,4580,1648,Primary
7303,4581,2993,Primary
7304,4581,1679,Accomplice
7305,4582,2349,Primary
7306,4583,1224,Primary
7307,4584,2995,Primary
7308,4584,2460,Primary
7309,4585,1564,Primary
7310,4586,1387,Primary
7311,4587,532,Primary
7312,4588,1298,Primary
7313,4589,325,Primary
7314,4590,2470,Primary
7315,4591,2174,Primary
7316,4592,827,Primary
7317,4593,2371,Primary
7318,4593,2674,Primary
7319,4594,486,Primary
7320,4595,865,Primary
7321,4596,2241,Primary
7322,4597,221,Primary
7323,4598,1368,Primary
7324,4599,193,Primary
7325,4599,1772,Primary
7326,4600,2305,Primary
7327,4601,2247,Primary
7328,4601,2835,Primary
7329,4602,2299,Primary
7330,4602,340,Primary
7331,4602,1317,Primary
7332,4603,672,Primary
7333,4604,1741,Primary
7334,4604,898,Accomplice
7335,4605,322,Primary
7336,4606,1433,Primary
7337,4607,1705,Primary
7338,4608,845,Primary
7339,4608,904,Accomplice
7340,4609,1216,Primary
7341,4610,606,Primary
7342,4611,643,Primary
7343,4612,302,Primary
7344,4612,487,Primary
7345,4613,2067,Primary
7346,4613,1965,Primary
7347,4614,1785,Primary
7348,4615,1804,Primary
7349,4616,2548,Primary
7350,4616,2068,Accomplice
7351,4616,1264,Primary
7352,4617,1984,Primary
7353,4618,774,Primary
7354,4618,1687,Primary
7355,4618,1688,Accomplice
7356,4619,1823,Primary
7357,4619,823,Primary
7358,4619,865,Primary
7359,4620,593,Primary
7360,4621,1146,Primary
7361,4621,425,Primary
7362,4621,1265,Abettor
7363,4622,1376,Primary
7364,4623,856,Primary
7365,4623,371,Abettor
7366,4623,1423,Primary
7367,4624,1310,Primary
7368,4625,198,Primary
7369,4625,2586,Primary
7370,4626,175,Primary
7371,4626,2573,Primary
7372,4626,2336,Accomplice
7373,4627,1082,Primary
7374,4628,2609,Primary
7375,4628,484,Abettor
7376,4629,703,Primary
7377,4630,2144,Primary
7378,4631,1902,Primary
7379,4632,1838,Primary
7380,4632,1762,Conspirator
7381,4633,2424,Primary
7382,4633,442,Accomplice
7383,4634,963,Primary
7384,4635,1849,Primary
7385,4636,1564,Primary
7386,4636,1940,Primary
7387,4636,1327,Accomplice
7388,4637,639,Primary
7389,4637,2773,Primary
7390,4638,1869,Primary
7391,4639,2510,Primary
7392,4640,700,Primary
7393,4641,2530,Primary
7394,4641,1683,Conspirator
7395,4642,928,Primary
7396,4642,586,Conspirator
7397,4642,1365,Primary
7398,4643,2460,Primary
7399,4644,243,Primary
7400,4645,1586,Primary
7401,4645,2205,Primary
7402,4645,421,Abettor
7403,4646,90,Primary
7404,4647,2382,Primary
7405,4648,2750,Primary
7406,4648,288,Primary
7407,4649,2542,Primary
7408,4650,2284,Primary
7409,4651,670,Primary
7410,4652,1532,Primary
7411,4653,491,Primary
7412,4654,44,Primary
7413,4654,1407,Accomplice
7414,4655,2197,Primary
7415,4656,534,Primary
7416,4657,539,Primary
7417,4657,2530,Accomplice
7418,4658,349,Primary
7419,4659,1199,Primary
7420,4659,347,Primary
7421,4659,2101,Accomplice
7422,4660,518,Primary
7423,4661,1450,Primary
7424,4662,1095,Primary
7425,4663,992,Primary
7426,4664,721,Primary
7427,4665,647,Primary
7428,4666,2295,Primary
7429,4667,923,Primary
7430,4667,2833,Abettor
7431,4667,904,Primary
7432,4668,721,Primary
7433,4669,1094,Primary
7434,4670,368,Primary
7435,4671,1234,Primary
7436,4672,2197,Primary
7437,4672,2373,Conspirator
7438,4673,2202,Primary
7439,4674,1563,Primary
7440,4675,1258,Primary
7441,4675,1439,Primary
7442,4675,2941,Primary
7443,4676,2402,Primary
7444,4677,2293,Primary
7445,4677,1055,Abettor
7446,4678,1579,Primary
7447,4679,539,Primary
7448,4680,2178,Primary
7449,4680,1968,Primary
7450,4681,2031,Primary
7451,4682,498,Primary
7452,4683,2053,Primary
7453,4684,2041,Primary
7454,4684,924,Abettor
7455,4685,2887,Primary
7456,4686,351,Primary
7457,4686,2281,Abettor
7458,4687,2325,Primary
7459,4687,1113,Accomplice
7460,4688,1733,Primary
7461,4688,1791,Accomplice
7462,4689,2229,Primary
7463,4689,845,Primary
7464,4690,765,Primary
7465,4690,537,Primary
7466,4691,110,Primary
7467,4691,2130,Abettor
7468,4691,1076,Accomplice
7469,4692,1554,Primary
7470,4693,1071,Primary
7471,4694,2067,Primary
7472,4694,2094,Accomplice
7473,4695,985,Primary
7474,4695,801,Accomplice
7475,4696,1615,Primary
7476,4696,1614,Accomplice
7477,4696,1174,Primary
7478,4697,1705,Primary
7479,4698,2999,Primary
7480,4699,2001,Primary
7481,4700,1150,Primary
7482,4701,2007,Primary
7483,4702,2186,Primary
7484,4702,642,Conspirator
7485,4703,927,Primary
7486,4703,2004,Accomplice
7487,4704,1113,Primary
7488,4705,2814,Primary
7489,4706,1344,Primary
7490,4706,2822,Accomplice
7491,4706,1433,Accomplice
7492,4707,1833,Primary
7493,4707,1660,Abettor
7494,4708,2789,Primary
7495,4709,1077,Primary
7496,4710,2430,Primary
7497,4711,961,Primary
7498,4711,1904,Accomplice
7499,4711,2133,Accomplice
7500,4712,83,Primary
7501,4713,700,Primary
7502,4713,137,Abettor
7503,4714,140,Primary
7504,4715,2827,Primary
7505,4716,1243,Primary
7506,4717,682,Primary
7507,4717,177,Primary
7508,4717,1235,Primary
7509,4718,563,Primary
7510,4719,1467,Primary
7511,4719,2639,Accomplice
7512,4720,1724,Primary
7513,4720,1755,Primary
7514,4721,913,Primary
7515,4722,2096,Primary
7516,4723,685,Primary
7517,4723,1293,Primary
7518,4724,283,Primary
7519,4725,442,Primary
7520,4726,2260,Primary
7521,4727,2269,Primary
7522,4727,1641,Abettor
7523,4728,2180,Primary
7524,4729,2991,Primary
7525,4730,2466,Primary
7526,4730,2515,Conspirator
7527,4731,2518,Primary
7528,4731,881,Abettor
7529,4731,1553,Primary
7530,4732,727,Primary
7531,4733,1958,Primary
7532,4733,331,Primary
7533,4734,2997,Primary
7534,4734,2038,Accomplice
7535,4735,2942,Primary
7536,4736,914,Primary
7537,4737,2189,Primary
7538,4738,178,Primary
7539,4738,1223,Primary
7540,4739,2473,Primary
7541,4740,736,Primary
7542,4740,279,Primary
7543,4741,2500,Primary
7544,4742,1134,Primary
7545,4743,1592,Primary
7546,4743,2723,Accomplice
7547,4744,1599,Primary
7548,4744,955,Primary
7549,4745,1683,Primary
7550,4745,2667,Primary
7551,4746,2637,Primary
7552,4747,2605,Primary
7553,4748,2008,Primary
7554,4748,95,Primary
7555,4748,2711,Primary
7556,4749,263,Primary
7557,4750,2457,Primary
7558,4750,1797,Primary
7559,4751,2842,Primary
7560,4752,569,Primary
7561,4752,2428,Accomplice
7562,4753,979,Primary
7563,4754,1853,Primary
7564,4755,1941,Primary
7565,4755,1328,Primary
7566,4756,1546,Primary
7567,4756,1420,Primary
7568,4757,2200,Primary
7569,4758,1705,Primary
7570,4759,537,Primary
7571,4760,1433,Primary
7572,4761,1786,Primary
7573,4762,621,Primary
7574,4763,957,Primary
7575,4764,1174,Primary
7576,4765,418,Primary
7577,4766,146,Primary
7578,4767,2806,Primary
7579,4768,816,Primary
7580,4769,2913,Primary
7581,4769,2367,Primary
7582,4769,514,Conspirator
7583,4770,55,Primary
7584,4770,1200,Accomplice
7585,4771,2644,Primary
7586,4772,2549,Primary
7587,4772,2764,Primary
7588,4773,2729,Primary
7589,4774,641,Primary
7590,4775,875,Primary
7591,4776,2305,Primary
7592,4776,269,Abettor
7593,4777,1415,Primary
7594,4777,1406,Primary
7595,4777,1402,Primary
7596,4778,887,Primary
7597,4778,559,Primary
7598,4778,1878,Abettor
7599,4779,1333,Primary
7600,4779,1271,Accomplice
7601,4779,470,Conspirator
7602,4780,49,Primary
7603,4780,574,Abettor
7604,4780,1005,Primary
7605,4781,626,Primary
7606,4782,2110,Primary
7607,4782,2894,Primary
7608,4783,425,Primary
7609,4784,1217,Primary
7610,4784,215,Abettor
7611,4784,2474,Abettor
7612,4785,1811,Primary
7613,4786,904,Primary
7614,4786,1431,Accomplice
7615,4787,2843,Primary
7616,4788,128,Primary
7617,4788,207,Accomplice
7618,4789,2744,Primary
7619,4790,66,Primary
7620,4790,649,Accomplice
7621,4791,1808,Primary
7622,4791,826,Primary
7623,4792,302,Primary
7624,4792,2621,Accomplice
7625,4793,467,Primary
7626,4794,90,Primary
7627,4795,2956,Primary
7628,4796,1929,Primary
7629,4797,749,Primary
7630,4797,2752,Primary
7631,4798,318,Primary
7632,4799,2178,Primary
7633,4799,2689,Primary
7634,4800,634,Primary
7635,4800,1126,Primary
7636,4801,2130,Primary
7637,4801,1866,Primary
7638,4802,1000,Primary
7639,4803,2586,Primary
7640,4804,508,Primary
7641,4805,113,Primary
7642,4805,327,Conspirator
7643,4805,2550,Primary
7644,4806,72,Primary
7645,4807,1689,Primary
7646,4807,3,Abettor
7647,4808,2796,Primary
7648,4808,61,Accomplice
7649,4809,682,Primary
7650,4809,2643,Abettor
7651,4810,2673,Primary
7652,4811,587,Primary
7653,4811,2163,Primary
7654,4812,1882,Primary
7655,4812,1398,Primary
7656,4812,2110,Accomplice
7657,4813,1926,Primary
7658,4813,2339,Primary
7659,4814,2019,Primary
7660,4815,2957,Primary
7661,4815,652,Primary
7662,4816,2030,Primary
7663,4816,644,Abettor
7664,4817,1536,Primary
7665,4817,1140,Primary
7666,4818,1939,Primary
7667,4819,116,Primary
7668,4820,222,Primary
7669,4821,805,Primary
7670,4822,2354,Primary
7671,4823,1512,Primary
7672,4824,2315,Primary
7673,4825,958,Primary
7674,4826,2829,Primary
7675,4826,179,Primary
7676,4826,2092,Conspirator
7677,4827,2645,Primary
7678,4828,2090,Primary
7679,4829,221,Primary
7680,4830,1857,Primary
7681,4831,2314,Primary
7682,4831,2644,Primary
7683,4832,1530,Primary
7684,4833,1823,Primary
7685,4834,2819,Primary
7686,4835,1561,Primary
7687,4835,1575,Accomplice
7688,4836,508,Primary
7689,4836,662,Primary
7690,4837,1332,Primary
7691,4838,1095,Primary
7692,4838,1518,Primary
7693,4838,1631,Primary
7694,4839,2186,Primary
7695,4840,2378,Primary
7696,4841,1463,Primary
7697,4842,1898,Primary
7698,4842,2733,Primary
7699,4843,585,Primary
7700,4843,1076,Accomplice
7701,4844,1182,Primary
7702,4845,164,Primary
7703,4845,708,Primary
7704,4846,1068,Primary
7705,4847,966,Primary
7706,4848,1795,Primary
7707,4849,816,Primary
7708,4849,1434,Accomplice
7709,4849,2230,Accomplice
7710,4850,2006,Primary
7711,4851,3,Primary
7712,4851,1245,Accomplice
7713,4852,2110,Primary
7714,4853,1793,Primary
7715,4854,1919,Primary
7716,4854,2143,Accomplice
7717,4855,2347,Primary
7718,4856,691,Primary
7719,4856,1012,Primary
7720,4857,1478,Primary
7721,4858,2983,Primary
7722,4859,1746,Primary
7723,4860,657,Primary
7724,4860,89,Primary
7725,4861,1778,Primary
7726,4862,977,Primary
7727,4862,2498,Conspirator
7728,4862,1178,Primary
7729,4863,2113,Primary
7730,4863,922,Primary
7731,4864,1893,Primary
7732,4865,1978,Primary
7733,4866,2796,Primary
7734,4866,149,Primary
7735,4867,2786,Primary
7736,4867,1023,Accomplice
7737,4867,2577,Primary
7738,4868,556,Primary
7739,4869,1737,Primary
7740,4870,731,Primary
7741,4870,1661,Abettor
7742,4870,2728,Primary
7743,4871,700,Primary
7744,4872,1999,Primary
7745,4873,1901,Primary
7746,4874,1718,Primary
7747,4875,2806,Primary
7748,4875,2933,Accomplice
7749,4876,1758,Primary
7750,4876,600,Abettor
7751,4876,2927,Abettor
7752,4877,552,Primary
7753,4878,2360,Primary
7754,4878,1815,Primary
7755,4879,1542,Primary
7756,4880,2147,Primary
7757,4880,340,Conspirator
7758,4881,632,Primary
7759,4882,1067,Primary
7760,4882,476,Primary
7761,4882,2070,Primary
7762,4883,2365,Primary
7763,4883,2008,Accomplice
7764,4884,697,Primary
7765,4885,1251,Primary
7766,4886,275,Primary
7767,4886,1258,Abettor
7768,4886,2272,Primary
7769,4887,1638,Primary
7770,4888,1262,Primary
7771,4888,985,Accomplice
7772,4889,2570,Primary
7773,4890,2606,Primary
7774,4890,2952,Primary
7775,4891,2311,Primary
7776,4891,1031,Accomplice
7777,4892,2487,Primary
7778,4892,854,Primary
7779,4892,1014,Primary
7780,4893,148,Primary
7781,4893,1608,Abettor
7782,4893,403,Primary
7783,4894,1367,Primary
7784,4894,388,Primary
7785,4894,1880,Accomplice
7786,4895,1154,Primary
7787,4896,1773,Primary
7788,4897,557,Primary
7789,4898,379,Primary
7790,4898,1502,Accomplice
7791,4899,518,Primary
7792,4900,2227,Primary
7793,4901,428,Primary
7794,4902,1117,Primary
7795,4902,1561,Abettor
7796,4903,1154,Primary
7797,4903,588,Accomplice
7798,4904,514,Primary
7799,4904,2726,Primary
7800,4905,2802,Primary
7801,4905,2879,Primary
7802,4906,1829,Primary
7803,4906,336,Primary
7804,4906,475,Primary
7805,4907,430,Primary
7806,4908,2317,Primary
7807,4908,2474,Primary
7808,4909,2103,Primary
7809,4909,1034,Primary
7810,4910,112,Primary
7811,4911,207,Primary
7812,4912,1585,Primary
7813,4913,1478,Primary
7814,4914,2326,Primary
7815,4915,1692,Primary
7816,4915,2852,Primary
7817,4916,359,Primary
7818,4916,510,Primary
7819,4917,2517,Primary
7820,4918,951,Primary
7821,4918,2965,Primary
7822,4919,727,Primary
7823,4919,1172,Accomplice
7824,4920,540,Primary
7825,4920,2212,Primary
7826,4921,2231,Primary
7827,4922,1143,Primary
7828,4923,299,Primary
7829,4924,248,Primary
7830,4925,1596,Primary
7831,4926,120,Primary
7832,4927,342,Primary
7833,4928,1407,Primary
7834,4928,713,Abettor
7835,4929,1877,Primary
7836,4930,427,Primary
7837,4930,2320,Primary
7838,4930,1519,Accomplice
7839,4931,1174,Primary
7840,4931,932,Accomplice
7841,4932,2353,Primary
7842,4932,1833,Primary
7843,4932,2308,Primary
7844,4933,1479,Primary
7845,4934,512,Primary
7846,4934,1508,Accomplice
7847,4935,1912,Primary
7848,4936,1160,Primary
7849,4936,1465,Conspirator
7850,4937,1391,Primary
7851,4937,849,Primary
7852,4938,2633,Primary
7853,4938,2985,Accomplice
7854,4939,508,Primary
7855,4939,9,Accomplice
7856,4940,1544,Primary
7857,4940,2041,Conspirator
7858,4941,668,Primary
7859,4941,1036,Abettor
7860,4942,360,Primary
7861,4943,2279,Primary
7862,4943,1645,Primary
7863,4944,275,Primary
7864,4945,1630,Primary
7865,4945,808,Accomplice
7866,4946,1705,Primary
7867,4946,2085,Accomplice
7868,4947,1253,Primary
7869,4948,621,Primary
7870,4949,1101,Primary
7871,4950,2328,Primary
7872,4950,2367,Accomplice
7873,4951,513,Primary
7874,4952,259,Primary
7875,4953,2044,Primary
7876,4953,616,Accomplice
7877,4953,559,Conspirator
7878,4954,910,Primary
7879,4954,2582,Primary
7880,4955,2254,Primary
7881,4955,405,Accomplice
7882,4955,389,Primary
7883,4956,1909,Primary
7884,4956,1949,Accomplice
7885,4957,2180,Primary
7886,4958,586,Primary
7887,4959,1793,Primary
7888,4959,712,Primary
7889,4959,2290,Primary
7890,4960,691,Primary
7891,4960,114,Primary
7892,4961,2359,Primary
7893,4962,158,Primary
7894,4962,150,Primary
7895,4963,366,Primary
7896,4964,1515,Primary
7897,4965,2540,Primary
7898,4965,2025,Primary
7899,4966,1452,Primary
7900,4967,2513,Primary
7901,4968,400,Primary
7902,4968,1586,Accomplice
7903,4969,785,Primary
7904,4970,452,Primary
7905,4971,2350,Primary
7906,4971,2312,Accomplice
7907,4972,1460,Primary
7908,4972,1700,Primary
7909,4972,1631,Primary
7910,4973,2505,Primary
7911,4974,2228,Primary
7912,4974,834,Primary
7913,4975,396,Primary
7914,4975,1095,Primary
7915,4976,1377,Primary
7916,4977,678,Primary
7917,4978,755,Primary
7918,4979,1073,Primary
7919,4980,1744,Primary
7920,4981,459,Primary
7921,4982,1770,Primary
7922,4982,2660,Accomplice
7923,4982,1718,Primary
7924,4983,8,Primary
7925,4984,2036,Primary
7926,4984,1060,Primary
7927,4984,508,Primary
7928,4985,2538,Primary
7929,4985,2253,Primary
7930,4986,59,Primary
7931,4986,2201,Primary
7932,4987,1077,Primary
7933,4988,2475,Primary
7934,4988,703,Primary
7935,4989,1250,Primary
7936,4990,929,Primary
7937,4990,611,Primary
7938,4990,1068,Primary
7939,4991,1773,Primary
7940,4992,595,Primary
7941,4992,2947,Primary
7942,4992,688,Accomplice
7943,4993,2928,Primary
7944,4994,110,Primary
7945,4995,2427,Primary
7946,4996,625,Primary
7947,4996,1408,Primary
7948,4996,1904,Accomplice
7949,4997,2743,Primary
7950,4997,1209,Accomplice
7951,4997,2294,Primary
7952,4998,1585,Primary
7953,4998,1298,Primary
7954,4999,1011,Primary
7955,4999,294,Accomplice
7956,4999,804,Conspirator
7957,5000,720,Primary
