ID,FIR_ID,Name,DOB,Gender,Socioeconomic_Status
1,1,Guneet Krish,1956-12-12,Male,Lower-Middle
2,2,Rachana Patil,1972-03-07,Female,Upper
3,3,Bhavika Nagi,1975-12-13,Female,Lower-Middle
4,4,Girish Bhargava,1987-05-12,Male,Middle
5,5,Abdul Sengupta,2005-07-19,Male,Lower-Middle
6,6,Chandresh Batta,2000-12-18,Male,Upper-Middle
7,7,Max Munshi,1989-01-20,Male,Lower-Middle
8,8,Samar Sankaran,1977-11-04,Male,Lower
9,9,Nicholas Mitter,1961-10-28,Male,Lower
10,10,Chandran Dhaliwal,2000-11-15,Male,Lower-Middle
11,11,Panini Dua,1953-01-11,Female,Middle
12,12,Mitesh Butala,1959-07-21,Male,Lower
13,12,Ubika Cheema,1997-08-02,Female,Lower-Middle
14,13,Charita Badal,1953-07-19,Female,Middle
15,13,Fariq Krishna,1963-10-10,Male,Lower
16,14,Samaksh Wason,1964-10-11,Male,Middle
17,15,Zayan Dass,1966-03-20,Male,Middle
18,15,Yahvi Parekh,2000-04-05,Female,Lower
19,16,Sai Raj,1965-05-29,Female,Lower-Middle
20,17,Zarna Hari,1982-06-01,Female,Lower-Middle
21,17,Caleb Aggarwal,1947-01-18,Male,Middle
22,18,Ishwar Dewan,1993-05-26,Male,Lower-Middle
23,19,Eiravati Deo,2020-07-24,Female,Middle
24,20,Chandran Jaggi,1967-01-10,Other,Lower-Middle
25,21,Alexander Batra,2008-08-03,Male,Upper-Middle
26,21,Omkaar Tak,1963-01-25,Male,Lower-Middle
27,22,Girish Sheth,1962-02-25,Male,Lower-Middle
28,23,Parth Chakrabarti,1985-09-19,Male,Lower-Middle
29,24,Idika Basu,1990-08-11,Female,Middle
30,25,Ethan Varty,1999-11-24,Male,Middle
31,26,Sachi Bassi,1984-09-26,Female,Upper-Middle
32,27,Harini Gopal,1981-03-19,Female,Lower
33,28,Shaurya Parmer,1986-06-04,Male,Lower-Middle
34,29,Lekha Seshadri,1999-11-10,Female,Upper-Middle
35,30,Ansh Bajaj,1980-07-15,Male,Middle
36,31,Yashasvi Tiwari,1990-07-07,Female,Middle
37,32,Shivani Lad,1973-05-01,Female,Lower-Middle
38,33,Champak Ramachandran,1990-05-06,Male,Lower-Middle
39,34,Tanveer Desai,1975-07-21,Male,Lower-Middle
40,34,Timothy Raj,1992-11-04,Male,Lower
41,35,Kashish Borah,1973-07-28,Female,Lower-Middle
42,35,Ati Saha,1962-12-14,Female,Upper-Middle
43,36,Alka Chakrabarti,1958-10-31,Female,Middle
44,37,Sai Andra,1983-07-27,Female,Middle
45,37,Lakshit Sekhon,1956-05-17,Male,Lower-Middle
46,38,Jalsa Upadhyay,1947-10-21,Female,Lower
47,39,Nitesh Dara,1980-06-04,Male,Lower-Middle
48,40,Jason Ganguly,1984-12-25,Male,Lower-Middle
49,40,Balhaar Dara,1980-11-13,Male,Upper-Middle
50,41,Arjun Pathak,1977-04-18,Male,Upper
51,42,Thomas Dave,1978-02-11,Male,Lower-Middle
52,43,Chakradhar Rege,2010-01-29,Male,Upper-Middle
53,44,Baghyawati Narula,1975-08-16,Female,Upper-Middle
54,45,Ronith Tak,1946-08-08,Male,Lower
55,46,Saksham Wadhwa,2001-11-11,Male,Middle
56,46,Ranveer Dixit,1968-03-27,Male,Middle
57,47,Girik Dutt,2017-01-22,Male,Middle
58,47,Aadi Choudhry,2017-04-02,Male,Lower-Middle
59,48,Ganga Korpal,1996-05-15,Female,Lower-Middle
60,49,Anvi Sarkar,2014-12-09,Female,Lower-Middle
61,49,Tanay Wason,1986-02-04,Male,Lower
62,50,Watika Rout,2012-12-06,Female,Lower
63,51,Ryan Mallick,1989-08-16,Male,Lower-Middle
64,52,Wriddhish Luthra,1983-09-28,Male,Middle
65,53,Wazir Natt,1965-06-25,Male,Middle
66,54,Kala Parikh,1972-11-05,Female,Middle
67,54,William Naidu,1992-06-08,Male,Lower
68,55,Fariq Thakur,2012-01-10,Male,Lower
69,55,Vasudha Malhotra,1957-05-17,Female,Upper-Middle
70,56,Madhav Vyas,1998-01-14,Male,Lower-Middle
71,57,Tanish Sawhney,1989-07-11,Male,Lower-Middle
72,57,Daniel Tailor,2003-04-19,Male,Middle
73,58,Oliver Kapur,1982-01-15,Male,Lower
74,59,Pranav Nadkarni,1955-04-30,Male,Middle
75,60,Urmi Mukhopadhyay,1960-09-21,Female,Lower-Middle
76,61,Thomas Wagle,2003-08-14,Male,Lower-Middle
77,62,Aarna Bedi,1973-08-24,Female,Lower-Middle
78,63,Zayyan Gour,1953-11-03,Male,Lower
79,64,Rudra Handa,1950-08-29,Male,Lower-Middle
80,65,Nihal Soman,1966-08-30,Male,Lower
81,66,Logan Dhillon,1962-09-20,Male,Lower-Middle
82,67,Hritik Mody,1968-04-26,Male,Lower
83,68,Rayaan Roy,2020-11-02,Male,Middle
84,69,Yoshita Kumar,2004-11-10,Female,Lower-Middle
85,70,Benjamin Toor,1950-02-08,Male,Upper-Middle
86,71,Aayush Jani,1972-04-13,Male,Middle
87,72,Aahana Bora,1990-12-11,Female,Middle
88,72,Urvashi Khurana,1996-07-14,Female,Lower-Middle
89,73,Sudiksha Sunder,1959-09-26,Female,Lower-Middle
90,73,Nihal Lal,1982-08-19,Male,Lower-Middle
91,74,Adweta Pai,1978-11-20,Female,Lower-Middle
92,74,Shravya Baria,2005-01-25,Female,Upper-Middle
93,75,Kiaan Rau,1964-04-15,Male,Middle
94,76,Ekanta Bava,1990-10-28,Female,Lower
95,77,Siya Mistry,1954-02-08,Female,Lower
96,78,Faraj Wali,1993-01-14,Male,Lower-Middle
97,79,Tristan Dube,2013-10-06,Male,Lower-Middle
98,80,Anvi Garde,1957-03-03,Female,Lower
99,81,Oeshi Kalla,2021-05-09,Female,Lower-Middle
100,82,Aishani Tank,2007-04-28,Female,Lower-Middle
101,82,Nathaniel Dewan,1957-09-11,Male,Upper-Middle
102,83,Reyansh Gopal,2002-04-05,Male,Lower-Middle
103,84,Ikbal Prabhakar,1999-08-29,Male,Lower-Middle
104,84,Kiaan Mani,1999-05-09,Male,Upper
105,85,Udant Bains,2010-12-06,Male,Lower-Middle
106,86,Chakrika Chaudhry,2014-04-01,Female,Lower-Middle
107,87,Vasatika Subramanian,1996-07-10,Female,Upper
108,88,Bakhshi Dua,1983-04-13,Male,Lower-Middle
109,88,Chasmum Mohanty,1968-01-08,Female,Lower
110,89,Harshil Chaudhry,2003-12-25,Male,Middle
111,90,Gaurav Venkatesh,1978-10-26,Male,Lower
112,91,Vyanjana Magar,2005-06-01,Female,Lower
113,92,Teerth Palla,1997-02-23,Male,Lower-Middle
114,93,Andrew Srivastava,1948-02-01,Male,Lower-Middle
115,94,Omaja Mitter,1981-05-16,Female,Middle
116,94,Michael Kapadia,2004-04-26,Male,Lower
117,95,Xiti Chaudry,1991-04-21,Female,Lower-Middle
118,96,Gagan Dhaliwal,1945-11-24,Male,Middle
119,97,Avni Sur,2000-08-23,Female,Middle
120,98,Manthan Chowdhury,1992-08-05,Male,Upper-Middle
121,99,Pranit Sheth,2009-01-15,Male,Middle
122,100,Atharv Batta,1960-06-23,Male,Upper
123,101,Osha Krishnan,2008-06-17,Female,Lower-Middle
124,102,Ishwar Mani,1981-04-22,Male,Upper
125,102,Bimala Lala,2018-07-24,Female,Lower-Middle
126,103,Ekalinga Ghose,1993-06-30,Male,Middle
127,104,Vivaan Tella,1991-05-15,Male,Lower
128,104,Lakshmi Chawla,1975-12-02,Female,Middle
129,105,Krishna Sura,1987-08-05,Male,Lower-Middle
130,106,Shravya Walla,1990-04-14,Female,Lower-Middle
131,106,Vivaan Kala,1988-04-12,Male,Middle
132,107,Jagat Dhillon,2018-07-16,Male,Middle
133,108,Quincy Palla,2020-10-03,Male,Lower-Middle
134,108,Pooja Sunder,1986-07-23,Female,Lower-Middle
135,109,Radhika Thaker,1958-11-01,Female,Middle
136,110,Saksham Basu,1966-09-07,Male,Lower-Middle
137,110,Dhriti Hari,2001-05-30,Female,Lower-Middle
138,111,Jagdish Kala,1986-08-19,Male,Middle
139,112,Aadi Mital,1948-01-07,Male,Upper-Middle
140,113,Charan Krishnamurthy,2000-01-14,Male,Lower-Middle
141,113,Chasmum Kumar,2012-08-04,Female,Lower-Middle
142,114,Jason Mannan,1962-06-24,Male,Middle
143,115,Nathaniel Oak,1951-03-20,Male,Lower
144,116,Zaid Mander,1996-04-13,Male,Lower-Middle
145,117,Anita Das,2008-05-05,Female,Middle
146,118,Girish Rama,1959-04-02,Male,Lower-Middle
147,118,Balvan Sharma,1992-11-20,Male,Middle
148,119,Anusha Cheema,2005-03-11,Female,Middle
149,120,Rehaan Sharma,1982-03-30,Male,Upper-Middle
150,120,Wishi Sankaran,1969-10-10,Female,Upper-Middle
151,121,Nirja Chaudhari,1999-09-08,Female,Lower-Middle
152,122,Christopher Patla,1977-09-14,Male,Upper
153,123,Vamakshi Ratti,1979-07-23,Female,Lower-Middle
154,124,Hardik Sangha,2011-10-16,Male,Lower-Middle
155,125,Qarin Parekh,2017-04-14,Male,Lower-Middle
156,126,Aradhana Suresh,1953-05-26,Female,Upper-Middle
157,126,Eesha Deol,2018-03-18,Female,Upper-Middle
158,127,Lopa Chada,1974-08-11,Female,Middle
159,127,Orinder Chhabra,1971-12-02,Male,Lower
160,128,Baljiwan Magar,1971-05-03,Male,Lower-Middle
161,129,Vivaan Mukherjee,1967-12-27,Male,Middle
162,130,Mohammed Karan,2004-05-11,Male,Lower
163,131,Isaiah Murthy,2010-11-01,Male,Lower
164,132,Timothy Bhatnagar,1982-01-05,Male,Lower
165,133,Indira Apte,1952-07-20,Female,Lower-Middle
166,133,Jhalak Patla,2005-01-02,Female,Lower-Middle
167,134,Faraj Ramakrishnan,1948-12-18,Male,Lower
168,134,Pavani Golla,2002-01-10,Female,Middle
169,135,Vrishti Lalla,1954-10-31,Female,Lower
170,136,Yashica Virk,1998-08-29,Female,Lower
171,137,Charles Chakrabarti,1962-09-20,Male,Middle
172,138,Guneet Ganesan,1955-10-27,Male,Lower
173,138,Fiyaz Naidu,1967-03-09,Male,Lower-Middle
174,139,Benjamin Chokshi,2012-02-13,Male,Upper-Middle
175,140,Osha Mohan,1999-03-15,Female,Middle
176,141,Varsha Lalla,1982-09-02,Female,Upper-Middle
177,142,Quincy Kala,1970-02-24,Male,Middle
178,143,Nathan Mammen,1984-07-07,Male,Lower-Middle
179,144,Dayamai Verma,1958-10-24,Female,Lower
180,145,Chaman Kala,1997-07-13,Female,Lower-Middle
181,146,Raghav Vaidya,1948-01-10,Other,Upper
182,147,Ekbal Bhardwaj,1973-08-01,Male,Lower
183,148,Hritik Saxena,2003-11-25,Male,Upper
184,149,Daksha Yadav,1983-07-27,Female,Middle
185,149,Banjeet Lad,1997-07-11,Male,Lower
186,150,Gayathri Bala,1955-09-04,Female,Lower
187,151,Yutika Kohli,1972-07-11,Female,Middle
188,152,Neel Loke,1953-08-27,Male,Lower
189,153,Dayamai Goyal,2005-10-25,Female,Middle
190,154,Hemang Ramachandran,1947-02-02,Male,Lower
191,154,Aachal Trivedi,2011-02-03,Female,Lower-Middle
192,155,Mugdha Sidhu,2011-04-05,Female,Middle
193,156,Abdul Sama,2011-04-18,Male,Upper-Middle
194,156,Chatura Khalsa,2008-10-28,Male,Middle
195,157,Eshana Prakash,1945-11-20,Female,Lower-Middle
196,158,Ucchal Subramanian,1954-06-22,Female,Lower-Middle
197,158,George Chandra,2013-06-12,Male,Lower
198,159,Anvi Manda,2019-10-16,Female,Middle
199,160,Chandran Mistry,1959-07-21,Other,Lower
200,161,Indrajit Basu,1976-04-26,Male,Middle
201,162,Rishi Mishra,1990-03-31,Male,Lower-Middle
202,163,Lavanya Sanghvi,2009-02-17,Female,Upper
203,163,Chatura Chacko,2000-02-24,Male,Upper-Middle
204,164,Ojasvi Kashyap,1948-04-25,Female,Lower-Middle
205,165,Ladli Bali,2011-10-03,Female,Middle
206,165,Jyoti Misra,1963-04-28,Female,Middle
207,166,Dakshesh Seshadri,1952-10-04,Male,Lower
208,167,Bakhshi Prakash,1959-02-15,Male,Lower
209,168,Rushil Dhar,1998-10-14,Male,Middle
210,169,Aashi Shere,1983-04-10,Female,Middle
211,169,Dhriti Natarajan,1979-02-05,Female,Lower
212,170,Jeet Rao,1964-05-23,Male,Lower
213,171,Harinakshi Ratti,1946-01-02,Female,Upper-Middle
214,171,Harita Chowdhury,2003-03-02,Female,Middle
215,172,Yashodhara Shah,1995-06-18,Female,Middle
216,173,Abdul Dhaliwal,1977-02-05,Male,Upper-Middle
217,174,Raksha Kashyap,2014-01-22,Female,Lower
218,174,Gopal Butala,1946-02-11,Male,Upper
219,175,Pratyush Sen,1978-02-08,Male,Upper-Middle
220,175,Brijesh Srinivasan,1987-12-06,Male,Middle
221,176,Lajita Purohit,1975-02-28,Female,Lower-Middle
222,177,Darsh Bal,1967-09-17,Male,Lower
223,178,Max Batta,1957-07-27,Male,Middle
224,178,Krisha Gulati,1957-05-06,Female,Lower
225,179,Qarin Varghese,2011-02-28,Male,Lower
226,180,Imaran Nori,2007-04-19,Male,Middle
227,181,Xiti Tailor,1956-08-14,Female,Middle
228,182,Amara Handa,1949-12-24,Female,Upper-Middle
229,183,Samesh Tella,2007-01-15,Male,Lower-Middle
230,184,Nidra Borah,1963-03-03,Female,Lower
231,185,Rayaan Agrawal,1990-06-11,Male,Lower-Middle
232,185,Rohan Kulkarni,2019-02-23,Male,Middle
233,186,Oeshi Joshi,1978-01-27,Female,Lower
234,187,Sanya Lad,1961-03-24,Female,Lower-Middle
235,188,Saksham Shankar,2008-10-16,Male,Middle
236,188,Darsh Andra,1998-04-24,Other,Upper-Middle
237,189,Jasmit Mukherjee,1989-09-17,Female,Lower
238,189,Jackson Buch,2009-10-31,Male,Upper
239,190,Anthony Kari,1976-04-07,Male,Lower-Middle
240,191,Kevin Salvi,2006-12-10,Male,Lower-Middle
241,192,Yahvi Lalla,1991-11-06,Female,Lower
242,192,Aadi Mittal,2019-06-01,Male,Upper-Middle
243,193,Anthony Mitter,2005-04-03,Male,Middle
244,194,Dalbir Chanda,1992-05-31,Male,Middle
245,195,Advaith Om,1984-12-08,Male,Lower
246,196,Wyatt Behl,2007-06-18,Male,Lower-Middle
247,197,Mason Sood,2001-10-27,Male,Lower-Middle
248,197,Charles Chokshi,1952-07-04,Male,Lower-Middle
249,198,Warjas Ramanathan,1987-04-10,Male,Lower
250,199,Radhika Mann,1993-04-26,Female,Lower
251,200,Panini Shenoy,1965-12-06,Female,Lower-Middle
252,200,Forum Ganesan,1998-04-05,Female,Middle
253,201,Neelima Tripathi,1991-07-08,Female,Lower
254,202,Advik Jani,1946-12-14,Male,Lower-Middle
255,202,Sachi Wadhwa,1993-01-06,Female,Middle
256,203,Abdul Saraf,1997-02-10,Male,Upper
257,204,Samar Bir,1975-04-09,Male,Lower
258,205,Tara Soni,1950-02-17,Female,Lower-Middle
259,205,Urvi Shan,2005-04-15,Female,Middle
260,206,Vivaan Baria,1973-06-14,Male,Lower-Middle
261,207,Ekbal Puri,1975-11-11,Male,Lower
262,208,Vivaan Gour,2005-12-20,Male,Lower
263,209,Brijesh Bhakta,2005-02-13,Male,Upper-Middle
264,210,Praneel Dasgupta,1963-03-26,Male,Upper-Middle
265,211,Gabriel Grover,1949-12-15,Male,Middle
266,212,Fiyaz Mani,1972-12-27,Male,Middle
267,213,Kala Hans,1978-06-14,Female,Lower-Middle
268,214,Eshana Kale,1976-10-22,Female,Lower-Middle
269,214,Meera Raghavan,1948-08-09,Female,Upper-Middle
270,215,Akshay Purohit,1980-09-23,Male,Upper-Middle
271,216,Aarav Rastogi,1992-04-28,Male,Lower-Middle
272,217,Girish Om,2005-02-05,Male,Lower-Middle
273,218,Neel Dey,1987-02-12,Male,Lower
274,219,Ekanta Tiwari,1992-04-21,Female,Lower-Middle
275,219,Warda Bava,1950-01-10,Female,Lower
276,220,Kevin Kulkarni,2017-10-24,Male,Lower
277,221,Mitali Wali,2010-09-17,Female,Lower-Middle
278,221,Jason Chhabra,1961-05-20,Male,Lower
279,222,Lavanya Ganesan,1994-10-26,Female,Lower-Middle
280,222,Nimrat Dhar,2017-08-02,Female,Lower
281,223,Neel Kota,2005-12-21,Male,Lower
282,224,Nidhi Deo,1995-03-27,Female,Lower-Middle
283,225,Amruta Srinivasan,2021-05-12,Female,Upper
284,226,Udant Ranganathan,1949-04-07,Male,Middle
285,227,Ansh Karnik,1963-03-28,Male,Lower-Middle
286,227,Darsh Krish,1955-10-07,Male,Lower-Middle
287,228,Anay Chander,1989-11-27,Male,Upper
288,228,Triya Joshi,1963-06-18,Female,Lower-Middle
289,229,Wyatt Dutta,2016-03-23,Male,Middle
290,230,Isha Bose,1979-10-12,Female,Lower
291,231,Nilima Pathak,2001-02-27,Female,Lower-Middle
292,231,Dayita Som,1998-12-05,Female,Lower-Middle
293,232,Netra Contractor,2003-08-31,Female,Middle
294,233,Jacob Hayer,1970-05-29,Male,Middle
295,234,Warinder Agrawal,1948-03-04,Male,Lower-Middle
296,235,Chaaya Barman,1969-11-14,Female,Middle
297,236,Nachiket Nigam,1956-04-29,Male,Lower-Middle
298,237,Advaith Din,1967-03-16,Male,Middle
299,238,Benjamin Suresh,1994-08-25,Male,Lower
300,239,Rajeshri Magar,1954-08-18,Female,Upper-Middle
301,240,Manya Wagle,2013-05-09,Female,Lower
302,240,Bahadurjit Bhakta,1982-02-26,Male,Middle
303,241,Sarthak Deep,2009-01-08,Male,Lower-Middle
304,242,Adya Chaudhari,1993-12-02,Female,Lower-Middle
305,243,Tanmayi Sem,1979-12-13,Female,Middle
306,244,Frederick Behl,1976-10-24,Male,Middle
307,245,Christopher Srivastava,2018-04-15,Other,Upper-Middle
308,245,Mugdha Gulati,1972-12-24,Female,Lower-Middle
309,246,Ria Tripathi,2012-09-08,Female,Upper
310,247,Jagat Kalita,1999-09-09,Male,Lower
311,248,Unni Bawa,1957-07-02,Female,Upper-Middle
312,249,Oviya Sehgal,1966-06-06,Female,Middle
313,250,Ekalinga Rattan,2011-08-08,Male,Middle
314,251,Krish Wali,1992-02-11,Male,Lower-Middle
315,252,Victor Amble,1958-07-21,Male,Lower-Middle
316,253,Anthony Chhabra,2004-05-15,Male,Lower-Middle
317,253,Warhi Deo,1949-04-22,Female,Upper-Middle
318,254,Parth Borah,1963-04-28,Male,Middle
319,255,Darpan Dubey,2020-05-08,Male,Lower
320,256,Dev Khanna,1976-05-29,Male,Upper-Middle
321,257,Umang Aggarwal,1982-02-05,Male,Middle
322,258,William Oak,2014-05-03,Male,Lower-Middle
323,259,Dalaja Oza,2018-06-03,Female,Lower
324,259,Ojasvi Dash,1956-01-22,Female,Upper-Middle
325,260,Jagvi Sawhney,1956-11-13,Female,Lower-Middle
326,261,Gayathri Bahl,2009-01-17,Female,Lower-Middle
327,262,Veda Mittal,1960-08-07,Female,Upper-Middle
328,263,Gavin Mistry,2009-03-12,Male,Middle
329,264,Samesh Dutt,1997-12-31,Male,Lower
330,265,Oscar Buch,2015-12-01,Male,Lower-Middle
331,266,Bhavya Gokhale,1986-06-01,Female,Middle
332,267,Varenya Keer,2004-08-20,Female,Lower
333,268,Wakeeta Garg,1980-08-19,Female,Upper-Middle
334,268,Ikshita Mohan,1972-06-03,Female,Upper-Middle
335,269,Max Shere,2016-02-27,Male,Upper-Middle
336,270,Fitan Puri,1994-10-16,Male,Lower-Middle
337,271,Dayamai Nazareth,2000-10-21,Female,Middle
338,272,Jasmit Vasa,1951-05-23,Female,Middle
339,273,Arunima Kara,1982-04-24,Female,Upper-Middle
340,273,Manbir Dass,1985-05-31,Male,Middle
341,274,Omya Bedi,1949-09-11,Other,Middle
342,275,Luke Andra,1954-06-29,Male,Lower
343,276,Raagini Subramanian,1976-07-28,Female,Lower-Middle
344,277,Triya Datta,1984-09-23,Female,Lower-Middle
345,278,Samaksh Raja,1964-05-16,Male,Lower-Middle
346,278,Qadim Lal,1966-06-19,Male,Lower
347,279,Janya Sachar,1976-12-18,Female,Lower-Middle
348,280,Brijesh Loyal,1953-07-08,Male,Upper-Middle
349,280,Ojas Divan,2009-01-22,Male,Lower-Middle
350,281,Chatura Comar,2008-02-27,Male,Lower-Middle
351,281,Gavin Randhawa,1987-10-29,Male,Lower
352,282,Kai Swamy,1990-03-18,Male,Lower-Middle
353,282,Abha Apte,1954-06-27,Female,Middle
354,283,Edhitha Kapoor,1975-02-16,Female,Lower-Middle
355,284,Zarna Mahajan,2006-07-23,Female,Upper-Middle
356,285,Gautami Dugar,2018-11-08,Female,Lower-Middle
357,286,Ojasvi Sahni,2002-01-28,Female,Middle
358,287,Waida Butala,1993-07-26,Female,Middle
359,287,Aishani Ganguly,1968-02-25,Female,Lower
360,288,Finn Mitra,2008-10-25,Male,Lower-Middle
361,289,Tamanna Nair,1946-12-23,Female,Upper
362,289,Harrison Dhar,1947-09-13,Male,Lower-Middle
363,290,Baghyawati Sankaran,1986-06-13,Female,Lower-Middle
364,291,Samar Bir,1987-12-19,Male,Middle
365,292,Eta Seth,2014-01-10,Female,Lower-Middle
366,293,Kritika Nair,1988-10-29,Female,Lower-Middle
367,294,Ati Mander,1969-06-29,Female,Lower-Middle
368,295,David Rattan,2012-08-04,Male,Middle
369,296,Bhavani Sant,2005-10-23,Female,Middle
370,297,Krish Kar,1972-04-09,Male,Middle
371,298,Jack Ratta,1948-02-25,Male,Lower
372,299,Odika Kala,1970-06-22,Female,Lower
373,300,Harita Varghese,2009-05-04,Female,Upper-Middle
374,301,Oliver Shan,1972-07-01,Male,Middle
375,301,Chandran Kant,1979-01-20,Male,Upper-Middle
376,302,Wridesh Kaul,1983-04-08,Male,Lower
377,302,Jeet Joshi,1952-05-28,Male,Lower
378,303,Jyoti Sampath,1987-10-04,Female,Lower-Middle
379,304,Hemal Dua,1985-06-06,Female,Middle
380,305,Jonathan Bains,2018-11-09,Male,Middle
381,306,Girish Shanker,1966-12-10,Male,Lower
382,307,Jai Karpe,1992-09-27,Male,Lower
383,308,Ekiya Bora,1999-12-11,Other,Middle
384,309,Edhitha Kothari,1963-07-06,Female,Middle
385,310,Chanakya Balakrishnan,2011-11-18,Male,Lower
386,311,Rajeshri Parikh,1989-09-01,Female,Lower-Middle
387,312,Avi Loke,1952-08-28,Male,Lower
388,313,Faqid Doshi,1986-04-02,Male,Lower
389,314,Shravya Mody,1955-03-24,Female,Lower
390,314,Farhan Prabhu,1996-03-14,Male,Upper-Middle
391,315,Dominic Nagi,1977-03-10,Male,Lower-Middle
392,316,Xavier Varughese,1955-10-17,Male,Lower
393,316,Jeet Pai,1948-06-08,Male,Lower-Middle
394,317,Isaac Mukherjee,1980-02-04,Male,Lower-Middle
395,318,Vrinda Choudhary,1990-11-18,Female,Lower-Middle
396,318,Nirja Parmar,2013-01-24,Female,Lower
397,319,Rohan Sankaran,1976-12-02,Male,Upper-Middle
398,319,Dominic Mall,2001-04-12,Male,Middle
399,320,Adweta Sani,1961-11-29,Female,Lower-Middle
400,321,Ekani Borde,2018-07-18,Female,Lower-Middle
401,322,Tarak Khanna,1988-07-14,Male,Lower-Middle
402,323,Aayush Acharya,2007-11-24,Male,Lower
403,324,Bina Munshi,1951-03-10,Female,Upper-Middle
404,325,Ganga Bhakta,1988-04-28,Female,Middle
405,326,Zashil Parmer,2002-09-13,Male,Lower
406,327,Veda Brahmbhatt,1987-03-11,Female,Lower-Middle
407,327,Hritik Sami,1948-10-18,Male,Lower
408,328,Anjali Chopra,1951-07-17,Female,Lower-Middle
409,328,Lucky Sahni,1958-08-10,Male,Lower-Middle
410,329,Hritik Dixit,2011-08-16,Male,Upper-Middle
411,330,Ishita Barad,1983-10-14,Female,Middle
412,331,Deepa Raju,1978-08-14,Female,Lower
413,332,Samar Trivedi,2009-12-05,Male,Lower-Middle
414,333,Chanchal Wable,1993-08-10,Female,Lower
415,333,Arin Palla,1950-04-29,Male,Lower
416,334,Oviya Ratta,2021-04-25,Female,Middle
417,335,Ranveer Srinivas,1969-07-02,Male,Lower-Middle
418,336,Abha Srinivas,1966-10-11,Female,Middle
419,337,Gaurangi Agarwal,2020-12-06,Female,Lower-Middle
420,338,Maanav Sem,1966-07-17,Male,Lower-Middle
421,339,Vasudha Kade,1993-05-27,Female,Lower
422,340,Lohit Badami,2008-12-21,Male,Middle
423,341,Amrita Walla,1975-09-28,Female,Lower
424,342,Ryan Sawhney,2016-05-13,Male,Middle
425,343,Charan Kumer,1992-09-19,Male,Lower
426,344,Harsh Sabharwal,2008-05-03,Male,Middle
427,345,Kalpit Ram,2010-12-21,Male,Middle
428,346,Anita Saran,1997-02-08,Female,Middle
429,346,Umang Pradhan,1954-11-04,Male,Lower
430,347,Yatan Chaudhuri,1956-12-19,Male,Middle
431,348,Max Pandya,2004-03-17,Male,Middle
432,349,Pushti Pau,2000-04-09,Female,Lower-Middle
433,350,Max Kothari,1957-09-14,Male,Upper
434,351,Theodore Kadakia,1965-06-25,Male,Middle
435,352,Anamika Desai,1993-02-06,Female,Upper-Middle
436,352,Tanish Narula,1974-08-26,Male,Lower-Middle
437,353,Wahab Sood,2011-02-24,Male,Lower
438,354,Aditya Iyengar,1959-01-25,Male,Lower
439,355,Yug Srivastava,1960-04-08,Male,Lower-Middle
440,356,Sarthak Chokshi,1996-01-20,Male,Lower-Middle
441,357,Warda Dube,1947-04-03,Female,Middle
442,357,Ekbal Lala,1953-05-16,Male,Lower-Middle
443,358,Rachit Mannan,1991-05-28,Male,Lower-Middle
444,359,Amaira Bhardwaj,1992-02-04,Female,Lower
445,359,Amol Tripathi,1950-07-02,Male,Lower
446,360,Yug Ratti,2007-11-26,Male,Lower
447,360,Yoshita Uppal,2010-08-19,Female,Lower
448,361,Nilima Purohit,1958-10-16,Female,Middle
449,361,Tanish Arya,1973-01-20,Other,Lower
450,362,Jeet Vora,1975-06-12,Male,Lower-Middle
451,363,Akshay Balan,1956-05-08,Male,Lower
452,363,Jasmit Munshi,1966-12-15,Female,Upper
453,364,Isaiah Badami,2012-06-16,Male,Lower
454,365,Chatresh Sarma,2001-09-18,Male,Lower-Middle
455,366,Krishna Sachdev,1998-04-10,Male,Middle
456,366,Yuvraj Hayer,1994-06-05,Male,Lower-Middle
457,367,Ranbir Dugar,1965-04-22,Male,Middle
458,367,Faras Sethi,1990-01-30,Male,Upper
459,368,Baghyawati Agrawal,1968-02-13,Female,Upper
460,369,Kritika Barad,1963-03-07,Female,Lower-Middle
461,369,Mekhala Barad,1996-03-15,Female,Middle
462,370,Vivaan Seth,1959-06-06,Male,Middle
463,371,Pranit Brar,1995-10-02,Male,Lower-Middle
464,372,Lekha Chaudry,2015-11-04,Female,Upper
465,373,Zehaan Arora,1991-05-18,Male,Upper-Middle
466,374,Triveni Rau,2004-03-29,Female,Lower-Middle
467,375,Dakshesh Gole,1975-02-20,Male,Middle
468,376,Widisha Vyas,2020-11-03,Female,Middle
469,377,Anya Sunder,1950-02-11,Other,Lower
470,378,Indali Saha,1956-10-25,Female,Middle
471,379,Ekaraj Som,1998-09-27,Male,Lower
472,379,Megha Mitter,1986-10-06,Female,Upper-Middle
473,380,Advika Dhillon,1967-04-28,Female,Middle
474,381,Falan Krishnamurthy,2018-07-31,Male,Lower-Middle
475,382,Ikshita Bobal,1978-10-15,Female,Upper-Middle
476,382,Jacob Shere,1955-12-28,Male,Upper-Middle
477,383,Rajeshri Barman,1976-05-05,Female,Middle
478,383,Christopher Walia,1949-10-31,Male,Middle
479,384,Sachi Rai,1962-02-09,Female,Middle
480,385,Darsh Kothari,2001-03-02,Male,Lower
481,386,Sanaya Chada,1948-11-14,Female,Upper-Middle
482,387,Utkarsh Chanda,2013-10-08,Male,Middle
483,387,Dalaja Dass,1988-06-14,Female,Upper-Middle
484,388,Ekbal Modi,2011-09-16,Male,Lower-Middle
485,389,Hitesh Mann,1954-03-01,Male,Lower
486,390,Imaran Lala,1956-03-20,Male,Middle
487,391,Charita Hora,1955-01-11,Female,Upper-Middle
488,392,Christopher Chawla,1988-01-03,Male,Middle
489,393,Hema Chada,1977-01-13,Other,Upper-Middle
490,394,Nakul D’Alia,2006-02-02,Male,Lower
491,395,Mohammed Muni,2006-11-03,Male,Middle
492,396,Yashasvi Patel,2001-11-21,Female,Upper-Middle
493,396,Laksh Batta,1998-02-14,Male,Lower-Middle
494,397,Daksha Minhas,2014-01-14,Female,Lower
495,398,Simon Biswas,1948-07-01,Other,Upper-Middle
496,399,Damini Lala,1993-09-02,Female,Lower-Middle
497,400,Laban Murty,2010-01-07,Male,Middle
498,400,Faraj Shankar,1990-03-12,Male,Lower
499,401,Krish Bhagat,2007-06-17,Male,Lower-Middle
500,401,Agastya Kapadia,1974-10-08,Male,Lower-Middle
501,402,Kevin Kuruvilla,2017-01-08,Male,Lower-Middle
502,403,Aarush Karpe,1979-02-22,Other,Middle
503,404,Ishwar Ramaswamy,1984-11-09,Male,Lower-Middle
504,405,Idika Ravel,1986-06-05,Female,Lower
505,405,Aarnav Rajan,1947-11-03,Male,Middle
506,406,Fiyaz Sandhu,2006-11-27,Male,Lower
507,407,Kamala Bhattacharyya,2021-04-11,Female,Middle
508,407,Priya Suresh,1999-07-05,Female,Lower-Middle
509,408,Chameli Bansal,1956-08-03,Female,Upper-Middle
510,409,Tanmayi Natarajan,1985-09-23,Female,Lower-Middle
511,410,Charvi Gandhi,1989-05-17,Female,Lower
512,411,Rudra Barad,1998-05-30,Male,Middle
513,412,Aishani Bhat,1983-10-07,Female,Lower
514,413,Maanav Verma,1999-12-23,Male,Lower-Middle
515,414,Netra Radhakrishnan,2016-02-23,Female,Lower
516,415,Jonathan Varughese,1954-12-21,Male,Lower
517,415,Abha Koshy,2000-09-10,Female,Lower-Middle
518,416,Advik Bera,2007-08-06,Male,Lower-Middle
519,417,Aahana Bora,2006-01-12,Female,Lower-Middle
520,418,Indrajit Srivastava,1988-02-29,Male,Lower
521,419,Ira Jaggi,1950-07-26,Female,Middle
522,420,Charan Choudhry,1955-08-04,Male,Lower
523,420,Chatresh Sampath,1952-08-15,Male,Lower
524,421,Liam Bajwa,1968-09-13,Male,Lower
525,422,Krish Mangat,1985-07-06,Male,Middle
526,423,Pranav Natt,2003-02-02,Male,Lower-Middle
527,424,Logan Karan,1977-02-27,Male,Middle
528,425,Yochana Mitter,2000-12-12,Female,Lower
529,426,Ridhi Edwin,1976-09-04,Female,Upper
530,427,Wakeeta Bala,1974-04-08,Female,Lower-Middle
531,428,Pranit Kohli,1945-09-15,Male,Lower-Middle
532,429,Nimrat Gole,1997-11-23,Female,Middle
533,430,Priya Kala,1998-01-22,Female,Middle
534,431,Waida Shan,1977-07-26,Female,Middle
535,432,Utkarsh Kalita,1986-11-01,Male,Upper-Middle
536,433,Garima Mahajan,2014-06-24,Female,Middle
537,434,Faqid Hayre,1993-01-12,Male,Lower-Middle
538,435,Nitesh Kohli,1966-06-02,Male,Middle
539,435,Sara Setty,1958-02-14,Female,Upper
540,436,Chaaya Khurana,1982-10-03,Female,Lower-Middle
541,437,David Subramaniam,1998-09-07,Male,Lower-Middle
542,437,Anika Sani,1946-05-02,Female,Middle
543,438,Qabil Chaudhuri,2010-07-20,Male,Lower-Middle
544,438,Nathaniel Shere,1962-08-03,Male,Middle
545,439,Darsh Rama,1964-01-29,Male,Lower
546,440,Advik Ramaswamy,2021-05-20,Male,Lower
547,440,Qasim Lall,1999-01-16,Male,Middle
548,441,Sai Joshi,2018-05-13,Male,Lower
549,442,Abhimanyu Chaudry,1985-10-25,Male,Middle
550,443,Radha Sunder,1946-03-15,Female,Upper
551,443,Jagat Krishna,1963-07-18,Male,Lower-Middle
552,444,Chavvi Zachariah,1999-04-24,Female,Lower-Middle
553,445,Faqid Pathak,1989-05-19,Male,Upper-Middle
554,446,Ayaan Narayan,1948-10-12,Male,Lower
555,447,Robert Bera,1946-07-02,Male,Upper-Middle
556,448,Chaitaly Choudhry,1953-01-27,Female,Lower-Middle
557,449,Nihal Samra,1955-07-31,Male,Middle
558,450,Balendra Sharaf,1971-09-27,Male,Upper-Middle
559,451,Lajita Varkey,1956-09-06,Female,Lower
560,452,Caleb Kashyap,1945-09-13,Male,Middle
561,453,Yashvi Dey,1971-10-31,Female,Lower-Middle
562,454,Raghav Behl,2000-08-21,Male,Lower
563,455,Devansh Hegde,1975-03-19,Male,Lower-Middle
564,456,Azaan Lalla,1981-03-31,Male,Lower
565,457,Yatin Shukla,1978-11-18,Male,Middle
566,458,Radhika Nadig,2002-07-24,Female,Lower-Middle
567,459,Ekapad Date,1955-04-24,Male,Upper-Middle
568,459,Ekiya Bail,2001-06-05,Female,Middle
569,460,Banjeet Vora,1999-08-27,Male,Upper
570,461,Divya Srivastava,1997-11-07,Female,Middle
571,462,Isaac Balakrishnan,1966-09-14,Male,Lower
572,463,Triveni Lala,1961-05-16,Female,Middle
573,464,Jagdish Sampath,2014-07-03,Male,Lower
574,465,Nitara Bhatti,2001-11-09,Female,Lower-Middle
575,466,Teerth Mahal,1947-07-28,Male,Upper-Middle
576,467,Falak Kar,1954-10-02,Female,Lower-Middle
577,467,Gaurav Oza,1964-07-30,Male,Upper-Middle
578,468,Suhani Sha,1959-05-18,Female,Lower
579,469,Ranveer Khosla,2008-04-16,Male,Lower
580,470,Oeshi Gandhi,1970-12-01,Female,Middle
581,470,Hiral Sachdeva,1980-07-19,Female,Lower-Middle
582,471,Matthew Venkatesh,1983-06-06,Male,Upper-Middle
583,472,Tanish Saran,2014-07-30,Male,Middle
584,472,Dalbir Borde,1987-08-09,Male,Lower-Middle
585,473,Janya Batra,2003-07-11,Female,Lower
586,474,Advik Venkatesh,1948-11-14,Male,Middle
587,475,Zaid Srinivas,1957-02-15,Male,Lower-Middle
588,476,Nathan Pall,1953-02-16,Male,Lower
589,477,Fiyaz Subramaniam,2017-10-03,Male,Upper
590,478,Atharv Garg,1994-01-12,Male,Lower-Middle
591,479,Forum Babu,1981-10-19,Female,Lower-Middle
592,480,Jacob Sidhu,1968-06-10,Male,Lower-Middle
593,481,Samuel Gokhale,1999-07-18,Male,Lower
594,482,Advay Kalita,1965-05-16,Male,Lower-Middle
595,482,Neel Trivedi,1985-12-13,Male,Lower-Middle
596,483,Aarush Gill,1989-01-06,Male,Lower
597,484,Yash Sidhu,1976-06-25,Male,Upper
598,485,Indira Parmer,2012-01-26,Female,Middle
599,486,Oscar Bir,1965-05-31,Male,Middle
600,486,Upkaar Luthra,1957-02-24,Male,Upper
601,487,Azad Srinivas,1975-01-04,Male,Lower-Middle
602,488,Vasatika Arora,1975-04-06,Female,Middle
603,489,Ethan Pant,1999-01-06,Male,Lower
604,490,Upasna Chawla,1959-08-11,Female,Lower-Middle
605,491,Qabil Manne,1967-05-12,Male,Lower
606,492,Sarthak Balasubramanian,1947-07-01,Other,Middle
607,493,Radhika Rao,1979-06-17,Female,Upper-Middle
608,494,Elijah Ganesan,1979-12-08,Male,Upper-Middle
609,495,Yashodhara Shukla,1975-11-28,Female,Lower
610,495,Christopher Baral,2009-09-25,Male,Middle
611,496,Benjamin Garg,2005-08-09,Male,Upper-Middle
612,497,Unni Pandit,1985-02-01,Female,Middle
613,498,Falan Gour,1945-11-24,Male,Lower-Middle
614,498,Ekani Ahuja,1954-04-03,Female,Lower
615,499,Advay Merchant,1964-04-12,Male,Lower
616,499,Jonathan Boase,2004-12-28,Male,Lower
617,500,Yash Sani,1974-01-10,Male,Upper-Middle
618,501,Nihal Bhatti,1966-11-27,Male,Lower
619,502,Patrick Narula,1957-12-21,Male,Lower
620,503,Aditya Patla,1956-07-11,Male,Upper-Middle
621,504,Dakshesh Mitter,2018-09-22,Male,Lower-Middle
622,505,Devansh Dave,2003-12-17,Male,Upper-Middle
623,506,Hemang Batta,1947-04-15,Male,Upper-Middle
624,507,Shaurya Anne,2007-01-09,Male,Lower
625,508,Dhruv Khosla,1989-05-23,Male,Upper-Middle
626,509,Ganga Wadhwa,1976-12-17,Female,Upper-Middle
627,509,Girish Magar,1964-11-28,Male,Middle
628,510,Hardik Shan,1990-07-27,Male,Lower-Middle
629,511,Deepa Saran,1964-10-19,Female,Lower
630,512,Dayita Sagar,1999-06-26,Female,Middle
631,513,David Sami,2003-07-21,Male,Lower-Middle
632,513,Vrishti Mody,1946-10-17,Female,Middle
633,514,Ishanvi Agarwal,1980-02-20,Female,Middle
634,515,Liam Krishnan,1954-04-14,Male,Lower
635,515,Robert Chaudhary,2004-11-10,Male,Middle
636,516,Libni Shetty,1946-02-12,Female,Middle
637,517,Maanas Mannan,1990-08-16,Male,Lower
638,517,Chandresh Narayan,1958-06-18,Male,Middle
639,518,Samar Mistry,1964-12-15,Male,Middle
640,518,Frederick Varty,1946-01-09,Male,Lower-Middle
641,519,Manbir Char,1961-09-25,Male,Lower-Middle
642,520,Aarush Nadkarni,1948-01-03,Male,Lower
643,521,Triya Chaudhary,1972-02-04,Female,Middle
644,521,Nitesh Gaba,1990-08-22,Male,Lower
645,522,Gauri Konda,1967-09-03,Female,Lower-Middle
646,523,Arunima Nair,2014-01-08,Female,Lower-Middle
647,524,Vasatika Saxena,1986-12-06,Female,Upper-Middle
648,525,Pushti Madan,1953-04-30,Female,Lower
649,526,Yadavi Ravel,1969-04-07,Female,Lower
650,527,Ira Patla,1951-11-23,Female,Lower-Middle
651,527,Caleb D’Alia,1990-05-25,Male,Lower
652,528,Omaja Nagarajan,2014-06-23,Female,Lower-Middle
653,529,Gautam Sheth,2006-02-22,Male,Lower-Middle
654,530,Suhani Baria,1975-08-15,Female,Middle
655,531,Vamakshi Majumdar,2017-11-16,Female,Lower
656,532,Kashish Bahri,1980-03-15,Female,Upper-Middle
657,533,Zehaan Amble,2009-08-15,Male,Lower-Middle
658,534,Upma Bir,1987-08-29,Female,Lower
659,535,Hemal Kannan,1995-08-14,Female,Lower-Middle
660,536,Manbir Patla,1970-03-05,Male,Lower
661,537,Omaja Pandit,2000-11-23,Female,Lower
662,537,Oeshi Saxena,2013-01-11,Female,Lower
663,538,Damyanti Guha,2006-09-03,Female,Middle
664,539,Aditya Mody,1990-08-19,Male,Lower
665,540,Samesh Dhar,2005-09-17,Male,Middle
666,541,Nicholas Chawla,1957-06-24,Male,Upper-Middle
667,542,Aadi Parikh,2017-10-01,Male,Middle
668,543,Anjali Chopra,1992-12-25,Female,Lower-Middle
669,544,Gautam Dada,1973-06-13,Male,Lower
670,545,Ranveer Vig,1996-09-14,Male,Lower
671,546,Aarush Varkey,1972-03-06,Male,Lower
672,547,Veer Sant,1955-02-10,Male,Middle
673,547,Yashica Varty,1976-06-20,Female,Middle
674,548,Yachana Mand,1998-09-02,Female,Upper-Middle
675,549,Dalbir Koshy,2010-10-01,Male,Middle
676,549,Vidhi Cheema,1990-03-23,Female,Lower
677,550,Arjun Kannan,1974-04-14,Male,Upper-Middle
678,551,Patrick Dhingra,2015-05-28,Male,Upper-Middle
679,552,Yashvi Ranganathan,2015-04-16,Female,Lower-Middle
680,552,Leela Keer,2009-02-24,Female,Lower-Middle
681,553,Jairaj Behl,1946-09-13,Male,Lower-Middle
682,553,Vrinda Khalsa,2013-02-06,Female,Lower
683,554,Neha Malhotra,1988-02-01,Female,Upper-Middle
684,554,Lajita Mukherjee,1983-04-01,Female,Upper
685,555,Anya Seth,2000-05-19,Female,Middle
686,556,Tanay Deshmukh,1998-01-06,Male,Lower
687,557,Meghana Kata,1986-01-20,Female,Middle
688,558,Raagini Chopra,1998-10-01,Female,Middle
689,559,Kai Krish,1991-12-06,Male,Lower-Middle
690,560,Nitesh Bhagat,2008-06-03,Male,Lower
691,560,Qabil Toor,1988-04-20,Male,Lower-Middle
692,561,Zehaan Kapoor,2013-02-28,Male,Middle
693,562,Turvi Bora,1997-01-14,Female,Lower-Middle
694,563,Mohammed Kamdar,1987-04-06,Male,Lower-Middle
695,564,Yash Kade,1953-04-07,Male,Lower
696,564,Chavvi Shukla,2008-11-30,Female,Lower-Middle
697,565,Charvi Hans,1988-08-01,Female,Lower
698,566,Aarav Swamy,2014-08-27,Male,Upper-Middle
699,567,Rishi Dugar,1965-10-05,Male,Lower
700,568,Hardik Thaker,1989-04-19,Male,Lower
701,569,Abeer Keer,1971-04-09,Male,Upper-Middle
702,570,Onkar De,2020-12-23,Male,Lower-Middle
703,571,Anya Grover,1976-01-19,Female,Lower
704,572,Ekantika Ramaswamy,1988-05-31,Female,Upper-Middle
705,573,Fariq Shanker,1977-11-29,Male,Lower
706,573,Noah Dani,1984-04-15,Male,Lower-Middle
707,574,Garima Lala,1952-10-31,Female,Upper-Middle
708,575,Ekaraj Dave,1978-12-21,Male,Middle
709,575,Wridesh Sur,1955-09-21,Male,Lower
710,576,Simon Narayan,1950-01-29,Male,Upper
711,577,Rachana Murthy,1995-08-22,Female,Middle
712,578,Upkaar Barman,1965-10-14,Male,Lower
713,579,Anusha Roy,1960-12-27,Female,Lower
714,580,Jeremiah Borah,1972-01-06,Male,Lower
715,580,Mohammed Lanka,1994-08-05,Male,Upper
716,581,Wahab Ramanathan,1960-08-30,Male,Lower
717,581,Darika Krish,1958-03-24,Female,Middle
718,582,Waida Atwal,2002-06-28,Female,Lower-Middle
719,583,Alexander Sarma,2000-09-07,Male,Middle
720,583,Faraj Ganguly,1965-11-15,Male,Lower-Middle
721,584,Agastya Patla,1998-02-05,Male,Lower-Middle
722,585,Meghana Saini,2021-05-28,Female,Lower
723,586,Kritika Agrawal,1980-06-20,Female,Upper-Middle
724,587,Reva Naik,1991-10-28,Female,Middle
725,587,Atharv Date,2001-01-18,Male,Middle
726,588,Osha Sangha,1946-06-08,Female,Middle
727,589,Yahvi Sur,2018-11-19,Female,Lower
728,590,Janaki Kata,1964-03-02,Female,Upper-Middle
729,590,Samarth Handa,1953-12-07,Male,Upper-Middle
730,591,Tripti Banik,1949-07-07,Female,Lower
731,592,Jason Ratta,1996-11-06,Male,Middle
732,592,Simon Badal,1970-07-17,Male,Lower-Middle
733,593,Falguni Bhatia,2005-12-24,Female,Upper-Middle
734,594,Pahal Bajaj,2000-01-12,Female,Lower-Middle
735,595,Vasudha Barad,2004-04-14,Female,Lower
736,596,Advik Bhavsar,1991-11-30,Male,Lower
737,597,Harini Barad,1953-02-17,Female,Middle
738,598,Hemang Krishnan,1987-08-21,Male,Upper-Middle
739,598,Veer Sarin,2010-04-08,Male,Lower
740,599,Dakshesh Raja,1970-05-08,Male,Upper-Middle
741,599,Gunbir Khanna,1977-01-01,Male,Middle
742,600,Gaurangi Purohit,1965-07-02,Female,Middle
743,600,Aarav Nazareth,1976-01-25,Male,Lower
744,601,Wakeeta Chada,1967-04-05,Female,Upper
745,601,Turvi Basak,1953-02-09,Female,Upper-Middle
746,602,Eta Vaidya,1977-04-09,Female,Lower
747,603,Vamakshi Mammen,1970-04-13,Female,Lower-Middle
748,603,Avni Mutti,1984-06-20,Female,Lower-Middle
749,604,Yatan Wason,2006-02-01,Male,Middle
750,605,Elijah Bhatia,2000-01-03,Male,Middle
751,606,Forum Dutt,2016-02-10,Female,Lower
752,607,Chaaya Ganesh,2002-11-20,Female,Lower
753,607,Madhav Kuruvilla,2002-02-23,Male,Middle
754,608,Rajeshri Thakur,1989-08-21,Female,Middle
755,609,Lopa Swaminathan,2001-02-10,Female,Lower
756,610,Turvi Bahl,2003-08-05,Female,Middle
757,611,Thomas Dugal,1980-07-10,Male,Lower
758,612,Gaurang Pathak,2008-04-13,Male,Lower
759,613,Varsha Shroff,1979-08-23,Female,Lower
760,613,Yachana Yadav,1981-01-14,Female,Lower-Middle
761,614,Timothy Aggarwal,1982-08-20,Male,Lower
762,614,Nitara Srinivas,2009-03-30,Female,Middle
763,615,Avi Saraf,1957-04-18,Male,Lower
764,616,Zashil Setty,1966-05-19,Male,Lower-Middle
765,616,Faras Rastogi,2016-08-22,Male,Lower
766,617,Ekansh Vala,1965-06-28,Male,Lower-Middle
767,617,Balendra Purohit,1980-07-14,Male,Lower
768,618,Theodore Bala,1945-09-18,Male,Lower
769,619,Indira Tailor,1955-09-05,Female,Upper-Middle
770,620,Anay Natt,1998-03-26,Male,Upper-Middle
771,621,Abdul Jaggi,1955-08-24,Male,Middle
772,622,Saanvi Mody,2009-10-07,Female,Lower-Middle
773,623,Bhavika Dhawan,2008-12-26,Female,Upper-Middle
774,624,David Ghosh,1981-04-06,Male,Lower
775,625,Pranit Khanna,1996-04-23,Male,Upper-Middle
776,626,Benjamin Rastogi,1947-12-27,Male,Lower
777,627,Brijesh Lal,2021-03-25,Male,Lower-Middle
778,627,Thomas Agate,1961-08-30,Male,Upper-Middle
779,628,Aadi Varkey,2000-01-11,Male,Middle
780,629,Charan Peri,1968-09-30,Male,Middle
781,630,Wakeeta Sibal,1959-08-14,Female,Middle
782,631,Warinder Mangal,1953-06-16,Male,Lower
783,632,Isaiah Kar,2003-05-01,Male,Lower-Middle
784,632,Timothy Raghavan,2007-03-11,Male,Lower-Middle
785,633,Manan Sachar,1956-11-11,Male,Lower-Middle
786,634,Nihal Bhavsar,1958-01-01,Male,Middle
787,635,Aachal Behl,2009-05-13,Female,Upper-Middle
788,635,Damyanti Taneja,2021-02-08,Female,Middle
789,636,Amrita Goda,1947-02-22,Female,Upper-Middle
790,637,Arunima Dixit,1992-11-24,Female,Lower-Middle
791,637,Warjas Gade,1976-10-15,Male,Middle
792,638,Amol Bumb,1947-03-01,Male,Lower-Middle
793,639,Vrinda Patla,2009-12-17,Female,Middle
794,639,Victor Nath,1976-11-05,Male,Lower-Middle
795,640,Naveen Seth,1987-08-16,Male,Upper-Middle
796,641,Fiyaz Pal,1966-02-18,Male,Upper-Middle
797,642,Kai Gandhi,1953-03-06,Male,Lower-Middle
798,643,Fiyaz Ravel,1984-03-20,Other,Middle
799,644,Priya Kakar,2005-07-12,Female,Lower
800,645,Anusha Peri,1958-03-07,Female,Upper-Middle
801,646,Kashvi Shanker,1976-10-21,Female,Lower-Middle
802,646,Udyati Rana,2006-05-30,Female,Lower
803,647,Dakshesh Puri,1946-03-10,Male,Middle
804,647,Onveer Taneja,1957-07-26,Male,Lower-Middle
805,648,Matthew Batra,1994-12-18,Male,Lower-Middle
806,649,Shivani Varty,2014-10-30,Female,Lower
807,649,Laksh Mahajan,1950-04-12,Male,Lower-Middle
808,650,Hitesh Nazareth,2014-01-13,Male,Upper
809,651,Frederick Mander,1951-09-05,Male,Lower-Middle
810,652,Tristan Kumer,1981-09-03,Male,Upper
811,652,Agastya Sarkar,1973-12-29,Male,Upper-Middle
812,653,Leela Prakash,1978-09-03,Female,Lower
813,653,Elijah Sastry,1960-05-29,Male,Middle
814,654,Dalbir Chana,1953-04-05,Male,Upper-Middle
815,655,Balendra Warrior,1979-08-07,Male,Lower
816,656,Simon Vaidya,2020-12-02,Male,Middle
817,657,Janya Gandhi,1955-12-06,Female,Middle
818,658,Pranav Sabharwal,1961-07-26,Male,Lower-Middle
819,659,Atharv Setty,1972-07-23,Male,Middle
820,659,Zinal Anand,1950-12-18,Female,Lower
821,660,Falak Sahota,1981-07-24,Female,Upper-Middle
822,661,Prisha Tandon,1963-10-22,Female,Lower-Middle
823,661,Oviya Narula,1985-11-21,Female,Upper-Middle
824,662,Wyatt Chaudry,1964-09-17,Male,Lower
825,663,Lohit Singhal,1980-04-17,Male,Lower
826,664,Udant Mody,1998-02-24,Male,Lower
827,665,Nandini Ghosh,1979-04-11,Female,Lower-Middle
828,666,Damini Subramaniam,2020-01-26,Female,Middle
829,667,Vritti Gole,1956-07-03,Female,Lower
830,668,Upasna Brar,2007-11-14,Female,Lower-Middle
831,669,Yahvi Nayar,2018-05-24,Female,Lower-Middle
832,670,Lopa Padmanabhan,1965-02-21,Female,Middle
833,670,Udyati Sehgal,2003-10-07,Female,Lower
834,671,Zaitra Shenoy,2009-08-03,Female,Lower-Middle
835,672,Nandini Mallick,1990-05-14,Female,Middle
836,673,Varsha Menon,1954-12-18,Female,Lower-Middle
837,674,Maya Agrawal,1961-04-05,Female,Lower-Middle
838,674,Hredhaan Sagar,1945-12-24,Male,Middle
839,675,Urishilla Gopal,2007-04-13,Female,Lower-Middle
840,676,Azad Joshi,1979-09-20,Male,Lower
841,677,Jeet Varty,1949-03-28,Male,Lower-Middle
842,678,Faraj Mallick,2017-05-24,Male,Lower-Middle
843,679,Manan Srinivas,1978-07-11,Male,Lower
844,680,Priya Ray,1961-09-15,Female,Upper
845,680,Pranit Rout,2020-12-26,Male,Upper-Middle
846,681,Ekanta Deo,1978-03-14,Female,Lower
847,682,Viraj Bala,2002-07-18,Male,Middle
848,683,Jonathan Vasa,1949-08-27,Male,Lower
849,684,Kala Chaudry,1997-01-31,Female,Lower
850,685,Dominic De,2006-09-18,Male,Lower
851,685,Jai Kothari,1952-09-23,Male,Lower
852,686,Urvi Goda,2012-07-03,Female,Lower-Middle
853,686,Triveni Edwin,1984-03-23,Female,Middle
854,687,Vasatika Pandey,2002-06-23,Female,Lower-Middle
855,687,Bhavika Cheema,1963-03-28,Female,Lower
856,688,Jagrati Atwal,2012-06-07,Female,Middle
857,689,Yagnesh Zacharia,1951-12-31,Male,Middle
858,690,Sathvik Brahmbhatt,1988-12-11,Male,Lower
859,690,Oscar Uppal,1990-08-18,Male,Middle
860,691,Riya Kata,1993-08-31,Female,Lower-Middle
861,692,Nicholas Minhas,1956-05-30,Male,Upper
862,693,Fitan Vig,1969-06-29,Male,Middle
863,694,Ekiya Borra,1968-11-09,Female,Lower-Middle
864,695,Tarak Barman,1988-07-22,Male,Middle
865,696,Saumya Vora,1987-10-01,Female,Lower-Middle
866,696,Zashil Dugar,2018-01-09,Male,Upper
867,697,Udarsh Banik,1990-03-22,Male,Lower
868,698,Anya Kibe,1956-04-27,Female,Lower-Middle
869,699,Fiyaz Zachariah,2021-02-19,Male,Lower-Middle
870,700,Chandani Ganesh,1974-01-23,Female,Lower-Middle
871,701,Adweta Johal,2004-05-30,Female,Lower
872,702,Tejas Memon,1962-10-16,Male,Middle
873,702,Warda Ramachandran,1964-01-26,Female,Lower
874,703,Omkaar Grewal,2009-08-31,Male,Lower-Middle
875,704,Vihaan Radhakrishnan,1949-06-28,Male,Middle
876,705,Falguni Ahuja,2014-05-18,Female,Middle
877,706,Vanya Kara,1982-02-05,Female,Upper-Middle
878,707,Balveer Amble,2000-11-20,Male,Lower
879,708,Jhalak Kapadia,1981-09-24,Female,Middle
880,709,Raksha Srinivasan,1978-07-27,Female,Lower-Middle
881,710,Unnati Ghose,1971-10-15,Female,Lower-Middle
882,710,Upkaar Tata,1950-07-05,Male,Lower-Middle
883,711,Lakshmi Narayanan,1974-07-09,Female,Middle
884,712,Zilmil Parikh,2009-06-23,Female,Middle
885,713,Azaan Dass,2008-06-14,Male,Lower
886,714,Dev Garde,2020-06-28,Male,Lower-Middle
887,714,Vanya Bajaj,1988-01-09,Female,Lower-Middle
888,715,Lakshmi Barman,1966-04-11,Female,Lower-Middle
889,716,Onveer Nazareth,1985-01-19,Male,Lower-Middle
890,717,Yoshita Kapoor,2006-10-06,Female,Middle
891,717,Anjali Memon,1959-09-22,Female,Lower-Middle
892,718,Triya Sood,2021-06-20,Female,Upper-Middle
893,719,Pranit Sama,1984-05-22,Male,Middle
894,720,Veda Kaul,2017-05-07,Female,Upper-Middle
895,721,Pavani Rai,1946-12-02,Female,Lower
896,721,Maya Varma,1981-07-17,Female,Lower
897,722,Yahvi Kari,1973-09-27,Female,Lower-Middle
898,723,Gaurav Bobal,1967-09-22,Male,Middle
899,724,Oni Pandey,2018-04-21,Female,Lower-Middle
900,725,Theodore Balakrishnan,1946-12-22,Male,Middle
901,726,Faris Khare,1981-02-28,Male,Upper-Middle
902,726,Liam Dutta,2002-12-08,Male,Lower
903,727,Amol Sura,2001-09-08,Male,Upper-Middle
904,728,Ojasvi Jhaveri,1953-08-02,Female,Lower
905,728,Eesha Batta,1976-03-18,Female,Middle
906,729,Yashodhara Balakrishnan,1961-07-03,Female,Lower-Middle
907,729,Zayyan Tara,1957-12-08,Male,Lower-Middle
908,730,Eshana Kapur,1979-04-03,Female,Lower
909,731,Unnati Bera,1989-02-24,Female,Middle
910,732,Anirudh Zachariah,1947-11-02,Male,Lower
911,733,Rajeshri Kamdar,1973-09-01,Female,Lower-Middle
912,734,Meera Hora,1989-11-30,Female,Lower-Middle
913,735,Veer Bail,1963-02-18,Male,Upper-Middle
914,736,Xalak Gandhi,2015-02-24,Female,Middle
915,737,Balendra Nagar,1997-05-21,Male,Lower
916,738,Tanveer Pillai,2008-07-03,Male,Upper-Middle
917,739,Patrick Talwar,1991-11-23,Male,Upper-Middle
918,740,Reva Pillai,1948-12-29,Female,Upper-Middle
919,741,Neel Khatri,1998-03-03,Male,Middle
920,742,Chakrika Savant,1961-02-24,Female,Lower
921,742,Qabil Mangat,1955-08-25,Male,Middle
922,743,Orinder Dyal,1988-02-16,Male,Lower
923,744,Rajeshri Dhar,1953-12-07,Female,Lower-Middle
924,744,Zashil Gade,1955-08-25,Male,Lower
925,745,Nirja Char,1954-09-01,Female,Middle
926,746,Charita Mistry,1996-06-21,Female,Upper-Middle
927,747,Manbir Merchant,1989-01-15,Male,Lower
928,747,Ayushman Jayaraman,1951-01-11,Male,Middle
929,748,Vritti Rajan,1981-03-15,Female,Lower-Middle
930,749,Isha Bal,2015-05-04,Female,Upper
931,749,Netra Bhandari,1971-03-14,Female,Upper-Middle
932,750,Kavya Gera,1957-12-30,Female,Lower-Middle
933,751,Lucky Mangal,1946-11-04,Male,Lower-Middle
934,751,Harish Sarin,1977-04-27,Male,Lower
935,752,Alka Krishna,1957-10-26,Female,Middle
936,753,Chanchal Barad,1994-10-06,Female,Lower
937,753,Raagini Sridhar,1988-09-04,Female,Middle
938,754,Agastya Mandal,2010-08-27,Male,Upper-Middle
939,754,Chaitanya Deshpande,1977-09-29,Male,Lower
940,755,Nicholas Mittal,2000-11-17,Male,Lower-Middle
941,756,Chameli Chahal,1961-01-11,Female,Lower-Middle
942,757,Chasmum Kaul,1981-03-11,Other,Upper-Middle
943,757,Warjas Biswas,1973-01-16,Male,Lower-Middle
944,758,Tarak Goda,2008-05-15,Male,Middle
945,759,Sarthak Chahal,1970-10-20,Male,Lower-Middle
946,760,Jagdish Mannan,1963-01-05,Male,Middle
947,761,Dalbir Dora,1949-01-23,Male,Lower
948,762,Caleb Jani,2013-12-04,Male,Lower
949,762,Jasmit Baral,1958-02-03,Female,Lower-Middle
950,763,Michael Banerjee,1967-09-08,Male,Middle
951,764,Zarna Boase,1997-03-26,Female,Lower
952,764,Nidhi Patel,1967-01-04,Female,Lower-Middle
953,765,Dalbir Chokshi,1950-06-13,Male,Upper-Middle
954,766,Bakhshi Kalla,1971-09-10,Male,Lower-Middle
955,767,Rohan Jhaveri,1958-05-05,Male,Lower-Middle
956,768,Faqid Kaur,2004-03-14,Male,Lower-Middle
957,768,Yash Bhagat,1986-06-02,Male,Middle
958,769,Wyatt Chada,1947-01-29,Male,Middle
959,770,Chakradhar Contractor,2014-06-05,Male,Middle
960,771,Mohini Banik,1989-03-25,Female,Upper-Middle
961,772,Dayita Khare,1973-07-25,Female,Lower-Middle
962,773,Advay Kothari,1982-08-12,Male,Lower-Middle
963,773,Qarin Sani,1949-04-27,Male,Lower-Middle
964,774,Balvan Kunda,2016-03-15,Male,Lower-Middle
965,775,Rohan Pai,1953-06-07,Male,Lower-Middle
966,776,Utkarsh Palan,1966-06-05,Male,Upper
967,777,Tripti Doshi,1976-04-22,Other,Lower
968,778,Saanvi Joshi,1961-07-20,Female,Lower-Middle
969,778,Amara Hayre,2013-03-29,Female,Lower-Middle
970,779,Charita Bhakta,1988-06-20,Female,Middle
971,780,Alexander Guha,1997-02-17,Male,Middle
972,781,Ayushman Samra,1999-10-31,Male,Lower-Middle
973,782,Alka Arya,1992-07-16,Female,Upper
974,782,Tamanna Ranganathan,1999-08-06,Female,Lower
975,783,Ekapad Kota,1975-03-26,Male,Middle
976,784,Bhanumati Balakrishnan,2012-08-26,Female,Lower
977,785,Nathan Virk,1946-09-30,Male,Upper-Middle
978,786,Yachana Bhatti,1982-11-15,Female,Lower-Middle
979,787,Shivansh Hora,1979-07-07,Male,Lower-Middle
980,788,Hritik Misra,1974-11-12,Male,Middle
981,789,Tanmayi Nazareth,2018-04-13,Female,Middle
982,790,Manan Mangal,2019-04-06,Male,Middle
983,790,Frederick Kohli,2009-03-31,Male,Lower
984,791,Aarnav Tailor,1970-12-02,Male,Lower-Middle
985,792,Nicholas Dhaliwal,1996-05-31,Male,Lower-Middle
986,792,Laksh Parekh,1988-08-04,Male,Lower
987,793,Hitesh Contractor,2002-10-23,Male,Lower-Middle
988,794,Hredhaan Mukhopadhyay,2016-03-22,Male,Lower-Middle
989,795,Kamya Sangha,2012-12-26,Female,Upper-Middle
990,796,Wishi Hayre,1999-06-26,Female,Lower-Middle
991,797,Eta Khosla,2017-12-04,Female,Lower
992,797,Amol Kuruvilla,1977-07-28,Male,Upper
993,798,Joshua Sarna,1995-02-02,Male,Upper-Middle
994,798,Triveni Sama,1982-10-03,Female,Lower-Middle
995,799,Wriddhish Lata,1958-11-28,Male,Lower-Middle
996,799,Kala Swaminathan,1957-07-23,Female,Lower-Middle
997,800,Anjali Ratta,1976-07-25,Female,Middle
998,800,Veer Natarajan,1992-07-08,Male,Middle
999,801,Timothy Srivastava,1999-12-05,Male,Upper-Middle
1000,801,Darsh Lad,1994-04-22,Male,Lower-Middle
1001,802,Aahana Varghese,1959-08-12,Female,Lower
1002,803,Krish Kulkarni,1956-05-08,Male,Middle
1003,804,Theodore Gokhale,2019-07-31,Male,Middle
1004,805,Nachiket Kala,1997-02-24,Male,Lower
1005,806,Bina Sachdeva,2018-11-23,Female,Upper-Middle
1006,806,Daniel Chaudry,1987-04-22,Male,Middle
1007,807,Alexander Issac,1996-07-30,Male,Upper-Middle
1008,807,Chaitanya Varty,1968-03-07,Male,Middle
1009,808,Alka Natarajan,1992-01-15,Female,Lower-Middle
1010,809,Krishna Raghavan,1993-04-04,Male,Middle
1011,809,Harita Rao,2013-09-09,Female,Lower
1012,810,Ladli Toor,1980-04-22,Other,Lower
1013,810,Zaid Seth,1957-09-19,Male,Lower-Middle
1014,811,Amara Issac,1985-01-05,Female,Upper-Middle
1015,811,Nakul Mand,1991-07-14,Male,Middle
1016,812,Samesh Samra,1949-06-08,Male,Lower-Middle
1017,813,Kala Amble,1957-04-09,Female,Middle
1018,814,Triveni Devan,1966-04-01,Female,Lower
1019,815,Falguni Kannan,2016-09-01,Female,Middle
1020,815,Warinder Loke,1962-08-23,Male,Middle
1021,816,Tristan Johal,1998-09-10,Male,Upper-Middle
1022,816,Raksha Bhakta,1989-09-30,Female,Upper
1023,817,Advaith Hari,1980-09-25,Male,Lower
1024,818,Chaman Ray,1994-08-18,Female,Lower-Middle
1025,818,Deepa Boase,1971-04-04,Female,Lower
1026,819,Leela Bahl,1978-04-10,Female,Lower-Middle
1027,820,Jeremiah Magar,1971-03-27,Male,Upper-Middle
1028,821,Vincent Bandi,1947-08-29,Male,Lower-Middle
1029,822,Harini Sur,1990-07-19,Female,Upper-Middle
1030,823,David Mody,1970-03-15,Male,Lower-Middle
1031,823,Lakshmi Mane,1998-03-26,Female,Lower
1032,824,Omya Memon,1964-05-05,Female,Upper-Middle
1033,825,Vamakshi Pandya,2004-10-03,Other,Middle
1034,826,Vyanjana Oza,1968-06-22,Female,Lower
1035,827,Abeer Choudhury,2002-01-02,Male,Lower
1036,828,Udant Jayaraman,1982-05-28,Male,Middle
1037,829,Vihaan Mane,1988-12-09,Male,Lower-Middle
1038,830,Jackson Munshi,1961-07-14,Male,Lower-Middle
1039,830,Jagvi Kari,1967-08-17,Female,Upper
1040,831,Maya Varkey,2011-09-26,Female,Lower
1041,831,Chakradhar Bera,1957-11-07,Other,Upper-Middle
1042,832,Abha Shroff,2021-03-26,Female,Lower
1043,833,Dev Mander,1991-07-08,Male,Upper-Middle
1044,833,Samaksh Borde,1978-02-13,Male,Lower
1045,834,Krishna Mitra,1983-11-23,Male,Lower
1046,834,Mitali Ghose,1978-11-29,Female,Middle
1047,835,Parth Doctor,2019-04-12,Male,Lower-Middle
1048,836,Jalsa Subramanian,1968-07-14,Female,Middle
1049,836,Praneel Ravi,2012-06-27,Male,Lower-Middle
1050,837,Ishita Bava,1964-05-21,Female,Lower-Middle
1051,838,Nicholas Radhakrishnan,1982-10-25,Male,Lower
1052,839,Vrishti Char,1956-10-20,Female,Upper
1053,840,Yochana De,1954-05-07,Female,Lower-Middle
1054,841,Anirudh Vig,1983-04-26,Male,Upper
1055,842,Aadhya Sura,1961-12-24,Female,Lower
1056,843,Sathvik Dar,1955-11-21,Male,Middle
1057,844,Suhani Kurian,1980-03-08,Female,Lower
1058,845,Banjeet Chauhan,2014-03-30,Male,Lower-Middle
1059,846,Ayushman Shankar,1994-12-21,Male,Middle
1060,847,Gabriel Mittal,2012-02-25,Male,Lower
1061,848,Om Goyal,1978-05-11,Male,Lower
1062,849,Wyatt Master,2012-12-25,Male,Lower-Middle
1063,850,Aahana Bhalla,2009-05-01,Female,Upper-Middle
1064,851,Ethan Oak,1978-07-04,Male,Middle
1065,852,Oliver Chandran,1966-11-17,Male,Upper-Middle
1066,852,Amruta Gade,1968-02-16,Female,Lower-Middle
1067,853,Wyatt Bhasin,2001-03-19,Male,Upper
1068,854,Nisha Bahl,1965-09-25,Other,Middle
1069,855,Radha Jani,2020-04-18,Female,Middle
1070,856,Pranit Sharaf,1954-02-18,Male,Upper-Middle
1071,857,Nikita Rau,2017-08-12,Female,Lower
1072,858,Chatura Agarwal,1947-06-04,Male,Lower
1073,859,Warinder Andra,1948-06-01,Male,Lower-Middle
1074,860,Aradhana Korpal,2011-11-15,Female,Middle
1075,861,Zarna Vala,2002-04-11,Female,Upper-Middle
1076,862,Jeevika Gala,1950-07-07,Female,Lower
1077,863,Anika Varma,1977-06-17,Female,Lower-Middle
1078,863,Zayyan Madan,1966-07-27,Male,Middle
1079,864,Xalak Modi,2019-02-21,Female,Lower-Middle
1080,865,Samarth Goda,2001-04-25,Male,Upper-Middle
1081,865,Bhanumati Soman,1984-07-06,Female,Middle
1082,866,Onkar Rana,1988-08-19,Male,Middle
1083,867,Ekalinga Sane,2009-08-16,Male,Middle
1084,867,Radha Majumdar,1957-10-04,Female,Lower-Middle
1085,868,Yashasvi Chauhan,2006-05-03,Female,Lower
1086,869,Zaid Sood,1993-03-04,Male,Lower-Middle
1087,870,Anmol Hari,1987-05-13,Male,Lower-Middle
1088,871,Ekaja Dixit,1953-11-02,Female,Middle
1089,872,Urmi Gola,1999-08-06,Female,Lower-Middle
1090,873,Ayush Kalita,1962-07-20,Male,Middle
1091,874,Lakshmi Pai,1968-12-02,Female,Lower-Middle
1092,875,Vaishnavi Kapoor,1978-05-29,Female,Upper
1093,875,Anamika Shenoy,1980-08-20,Female,Lower
1094,876,Rayaan Karan,1991-02-17,Male,Middle
1095,876,Tarak Varma,1992-03-12,Male,Lower-Middle
1096,877,Falan Magar,2008-10-26,Male,Lower-Middle
1097,878,Wakeeta Pillai,1962-03-01,Female,Upper-Middle
1098,879,Pavani Iyengar,2011-02-28,Female,Middle
1099,880,Azaan Parmar,1974-02-09,Male,Lower
1100,881,Samar Joshi,1971-12-15,Male,Lower-Middle
1101,882,Yatin Saraf,1976-11-29,Male,Lower
1102,883,Kai Dayal,1965-11-16,Male,Middle
1103,883,Sudiksha Dutta,2016-04-04,Female,Upper
1104,884,Vidhi Dey,1975-05-11,Female,Lower
1105,885,Gaurang Grewal,1991-05-28,Male,Lower
1106,885,Dalaja Banik,1977-04-04,Female,Lower-Middle
1107,886,Vrishti Bera,1946-06-23,Female,Lower
1108,887,Ekavir Johal,1979-09-11,Male,Middle
1109,888,Harsh Sehgal,1947-01-19,Male,Middle
1110,889,Hardik Halder,1977-04-11,Male,Lower
1111,890,Diya Yogi,2015-07-30,Female,Lower-Middle
1112,891,Logan Peri,1999-10-15,Male,Middle
1113,891,Eesha Parsa,2011-10-19,Female,Lower
1114,892,Amruta Shetty,1975-05-11,Other,Middle
1115,893,Daksha Viswanathan,1996-02-14,Female,Middle
1116,893,Waida Sama,1998-01-08,Female,Upper-Middle
1117,894,Reyansh Merchant,1995-10-30,Male,Lower-Middle
1118,895,Nikita Mittal,1965-02-22,Female,Lower
1119,896,Qarin Suri,2018-12-11,Male,Lower-Middle
1120,897,Vincent Dugar,2004-09-30,Male,Lower-Middle
1121,898,Alexander Naidu,1973-08-10,Male,Lower-Middle
1122,899,Umang Hora,2003-11-17,Male,Upper
1123,900,Harsh Lall,1963-08-10,Male,Lower-Middle
1124,901,Anjali Kant,2007-09-16,Female,Lower-Middle
1125,902,Ikbal Kakar,1956-06-18,Male,Upper-Middle
1126,902,Alka Khanna,1967-12-28,Female,Middle
1127,903,Rachit Salvi,1992-07-20,Male,Upper-Middle
1128,904,Chaitaly Balan,1962-12-04,Female,Lower-Middle
1129,904,Aashi Randhawa,2004-11-11,Female,Lower-Middle
1130,905,Samaksh Bansal,2000-06-02,Male,Lower-Middle
1131,906,Isaac Mishra,2012-10-18,Male,Middle
1132,907,Warinder Chander,1986-01-26,Male,Upper-Middle
1133,907,Krishna Dhar,1994-04-23,Female,Lower
1134,908,Aadi Kashyap,2017-05-11,Male,Middle
1135,909,Hiral Mukherjee,1965-06-29,Female,Upper
1136,910,Rayaan Ganguly,1966-04-26,Male,Lower-Middle
1137,910,Nicholas Pandey,2000-01-14,Male,Middle
1138,911,Timothy Merchant,1973-07-23,Male,Middle
1139,911,Ishaan Kurian,1991-05-18,Male,Lower
1140,912,Aarush Iyer,2021-04-02,Male,Lower-Middle
1141,912,Oeshi Mangal,2001-12-25,Female,Lower-Middle
1142,913,Teerth Pillai,1972-07-14,Male,Upper-Middle
1143,914,Vrinda Bhardwaj,2015-06-06,Female,Middle
1144,914,Janani Balay,1952-10-29,Female,Middle
1145,915,Chandani Babu,1965-06-21,Female,Lower
1146,916,Ishani Rai,1996-09-18,Female,Upper
1147,917,Fiyaz Panchal,1998-09-07,Male,Upper-Middle
1148,917,Harsh Grewal,1968-09-03,Male,Middle
1149,918,Lucky Tiwari,2007-01-20,Male,Lower-Middle
1150,919,Hredhaan Bhattacharyya,2003-07-11,Male,Upper
1151,920,Aarnav Char,1962-05-23,Male,Lower-Middle
1152,921,Abdul Mittal,2020-03-19,Male,Lower-Middle
1153,922,Rudra Bajaj,2005-09-28,Male,Middle
1154,922,Ganga Sachdev,1987-08-31,Female,Middle
1155,923,Udarsh Hora,2009-05-15,Male,Middle
1156,923,Pratyush Mammen,1957-12-20,Male,Upper-Middle
1157,924,Tanveer Bhardwaj,1948-09-10,Male,Lower-Middle
1158,925,Yug Chatterjee,2001-12-29,Male,Lower
1159,926,Rajeshri Chokshi,1947-07-04,Female,Middle
1160,927,Pushti Swaminathan,1979-02-21,Female,Middle
1161,927,Ubika Saran,1986-05-21,Female,Middle
1162,928,Yatin Kala,1977-05-10,Male,Lower-Middle
1163,929,Barkha Nanda,1963-05-02,Female,Lower-Middle
1164,930,Noah Ramachandran,2004-12-22,Male,Upper
1165,930,Caleb Halder,2005-10-04,Male,Lower
1166,931,Umang Savant,1957-11-11,Male,Lower-Middle
1167,932,Tristan Mahal,1978-12-13,Male,Lower
1168,932,Raagini Bassi,2000-06-02,Female,Lower
1169,933,Jalsa Thakur,1951-01-22,Female,Middle
1170,934,Farhan Naik,1953-05-25,Male,Lower
1171,934,Jagdish Bath,2015-02-25,Male,Lower-Middle
1172,935,Logan Ramaswamy,1968-01-18,Male,Middle
1173,936,Janya Misra,1977-02-19,Female,Lower
1174,937,Jeremiah Wadhwa,2000-10-01,Male,Lower-Middle
1175,938,Gaurang Choudhury,1970-12-10,Male,Lower
1176,939,Pranav Ramachandran,1949-12-01,Male,Middle
1177,940,Zayyan Seth,1954-03-06,Male,Middle
1178,940,Yoshita Bath,1974-01-22,Female,Lower-Middle
1179,941,Mohammed Saini,1985-02-07,Male,Lower-Middle
1180,941,Unni Acharya,1986-04-26,Female,Lower-Middle
1181,942,Jagvi Sood,2000-04-18,Female,Middle
1182,943,Urvi Majumdar,2008-01-30,Female,Upper
1183,944,Divya Bumb,2003-07-09,Female,Upper-Middle
1184,945,Idika Goel,1961-04-18,Female,Upper-Middle
1185,946,Anya Khanna,2000-08-30,Female,Middle
1186,947,Parth Rege,2013-12-14,Male,Lower
1187,948,Anthony Basak,1986-09-25,Male,Lower-Middle
1188,948,Nirja Verma,1975-09-12,Female,Middle
1189,949,Hritik Pradhan,1963-05-15,Male,Lower-Middle
1190,950,Suhani Agarwal,1959-03-15,Female,Lower-Middle
1191,950,Naksh Mutti,1945-07-31,Male,Lower-Middle
1192,951,Geetika Nigam,2011-02-15,Female,Middle
1193,951,Yochana Apte,1959-12-14,Female,Middle
1194,952,Bhavya Gour,1985-08-03,Female,Upper-Middle
1195,952,Viraj Chandra,2019-04-19,Male,Upper-Middle
1196,953,Rachit Bhakta,1997-11-25,Male,Upper-Middle
1197,954,Manbir D’Alia,1971-05-09,Male,Lower-Middle
1198,955,Rachit Bansal,1994-01-07,Male,Middle
1199,956,Darpan Chandran,1975-11-01,Male,Lower
1200,957,Zinal Sarma,1956-08-16,Female,Upper-Middle
1201,958,Yatin Bose,2011-04-11,Male,Upper-Middle
1202,959,Aashi Mukhopadhyay,1965-08-16,Female,Lower
1203,960,Finn Pau,1947-11-20,Male,Upper-Middle
1204,961,Chandresh Sami,1956-12-06,Male,Lower
1205,962,Imaran Johal,1964-08-28,Male,Middle
1206,962,Gunbir Mammen,1993-07-31,Male,Lower
1207,963,Ekansh Basak,1981-08-17,Male,Lower-Middle
1208,964,Atharv Kala,2010-08-04,Male,Lower
1209,964,Warinder Tandon,1994-12-20,Male,Lower
1210,965,Reyansh Dubey,2006-08-22,Male,Lower
1211,966,Aarush Rama,1999-11-24,Male,Lower
1212,967,Bahadurjit Golla,2001-12-13,Male,Lower-Middle
1213,968,Anamika Karpe,1953-08-22,Female,Lower-Middle
1214,968,Qasim Borah,2003-12-19,Male,Upper-Middle
1215,969,Yatan Chander,1968-05-27,Male,Upper-Middle
1216,970,Daniel Sankar,1952-01-29,Male,Lower-Middle
1217,971,Banjeet Dara,1963-06-20,Male,Lower
1218,972,Janya Hayre,1953-08-09,Female,Lower-Middle
1219,973,Omaja Parikh,2014-09-02,Female,Upper-Middle
1220,973,Ekansh Bhargava,2003-12-13,Male,Lower-Middle
1221,974,Janya Contractor,1984-04-03,Female,Lower-Middle
1222,975,Tanveer Tiwari,1959-11-21,Male,Lower-Middle
1223,976,Lila Chokshi,2000-08-05,Other,Upper-Middle
1224,976,Mitali Parmer,1949-09-25,Female,Middle
1225,977,Gautami Chakraborty,1954-05-25,Female,Lower-Middle
1226,977,Aryan Kalla,2002-12-30,Male,Lower-Middle
1227,978,Darsh Ravel,1982-11-02,Male,Middle
1228,978,Abeer Kulkarni,1980-04-03,Male,Lower
1229,979,Anvi Borra,2013-07-11,Female,Lower-Middle
1230,980,Lavanya Barad,2020-08-20,Female,Upper-Middle
1231,981,Madhavi Sandal,1989-11-10,Female,Lower-Middle
1232,982,Logan Pandey,1949-08-06,Male,Lower
1233,982,Aashi Natarajan,2013-10-15,Female,Upper-Middle
1234,983,Samuel Deep,2007-09-12,Male,Lower
1235,983,Panini Rao,2004-05-10,Female,Lower
1236,984,Priya Baria,2011-10-31,Female,Middle
1237,985,Ekta Mahal,1956-03-05,Female,Upper
1238,985,Ekbal Babu,1985-01-19,Male,Lower-Middle
1239,986,Utkarsh Savant,2004-03-16,Male,Lower-Middle
1240,987,Nakul Halder,2018-03-02,Male,Middle
1241,988,Vasana Ravi,1998-09-08,Female,Lower
1242,989,Hemani Hayer,1951-08-24,Other,Lower-Middle
1243,990,Shivani Mangal,2012-12-14,Female,Middle
1244,991,Sai Dasgupta,2009-06-03,Male,Middle
1245,991,Raghav Venkataraman,1989-02-09,Male,Lower-Middle
1246,992,Ekalinga Ram,1963-02-27,Male,Middle
1247,992,Sara Chad,1961-12-30,Female,Upper-Middle
1248,993,Sara Devan,2019-01-18,Female,Lower
1249,993,Teerth Anand,1971-05-07,Male,Middle
1250,994,Devansh Madan,1999-12-24,Male,Middle
1251,995,Warhi Batra,1962-07-16,Female,Lower
1252,996,Qasim Radhakrishnan,1966-12-16,Male,Lower-Middle
1253,997,Xalak Merchant,1951-08-20,Female,Upper
1254,997,Azad Patla,2013-03-17,Male,Lower
1255,998,Ishanvi Chadha,1965-08-12,Female,Middle
1256,999,Falak Mahal,1969-12-09,Female,Upper-Middle
1257,1000,Onkar Doshi,1992-01-09,Male,Middle
1258,1001,Anika Acharya,2016-06-10,Female,Upper
1259,1002,Yutika More,1998-09-05,Female,Lower-Middle
1260,1003,Varsha Gole,1960-03-26,Female,Lower-Middle
1261,1003,Ayaan Nori,1965-12-23,Male,Upper-Middle
1262,1004,Radha Kari,1990-07-06,Female,Lower
1263,1005,Caleb Guha,1961-09-25,Male,Lower
1264,1006,Quincy Sachdev,1947-10-21,Male,Middle
1265,1006,Jyoti Mani,1965-11-14,Female,Upper-Middle
1266,1007,Falguni Date,1962-05-10,Female,Lower-Middle
1267,1008,Brijesh Din,1982-05-26,Male,Upper-Middle
1268,1009,Isaiah Chopra,1983-04-04,Male,Upper
1269,1010,Logan Balasubramanian,2018-10-16,Male,Middle
1270,1010,Indrajit Lanka,1972-04-28,Male,Lower-Middle
1271,1011,Warda Dora,1986-11-15,Female,Lower-Middle
1272,1011,Falan Char,1961-02-25,Male,Lower
1273,1012,Zilmil Din,1976-07-30,Female,Lower
1274,1013,Janani Swamy,2015-11-27,Female,Middle
1275,1013,Yashasvi Chopra,1947-08-24,Female,Lower
1276,1014,Sanaya Dora,1987-10-29,Female,Lower-Middle
1277,1014,Tara Padmanabhan,2008-07-28,Female,Lower-Middle
1278,1015,Janani Natarajan,1994-10-02,Female,Lower
1279,1015,Siya Mandal,1992-09-26,Other,Lower-Middle
1280,1016,Turvi Kala,1986-06-08,Female,Middle
1281,1017,Guneet Tak,1965-10-29,Male,Lower-Middle
1282,1018,Nachiket Merchant,1970-10-22,Male,Middle
1283,1019,Naveen Jain,1990-01-12,Male,Middle
1284,1020,Bahadurjit Shukla,2017-03-05,Male,Lower-Middle
1285,1021,Amaira Narula,1951-10-21,Female,Lower-Middle
1286,1022,Jeremiah Nayar,1995-04-14,Male,Lower
1287,1023,Zansi Grover,2015-01-20,Female,Lower
1288,1023,Fariq Amble,1981-03-11,Male,Lower-Middle
1289,1024,Rushil Solanki,2004-10-04,Male,Middle
1290,1025,Ranbir Basu,2017-12-23,Male,Lower
1291,1026,Yug Mistry,1989-03-20,Male,Lower-Middle
1292,1027,Balveer Dayal,1953-02-07,Male,Upper
1293,1028,Naksh Johal,1955-05-15,Male,Lower
1294,1029,Robert Parsa,1971-05-04,Male,Lower
1295,1030,Quincy Deshpande,1999-06-13,Male,Lower-Middle
1296,1031,Champak Banerjee,2010-12-19,Male,Lower
1297,1031,Chakrika Kurian,1981-05-17,Female,Lower-Middle
1298,1032,Aadhya Dara,1947-08-10,Female,Lower
1299,1033,Banjeet Mall,1984-06-24,Male,Lower-Middle
1300,1033,Ekta Raja,1987-03-02,Female,Lower-Middle
1301,1034,Vihaan Muni,1982-06-13,Male,Lower
1302,1035,Jalsa Biswas,2010-09-14,Female,Upper
1303,1035,Divya Patil,1976-05-26,Female,Middle
1304,1036,Jairaj Malhotra,2006-11-27,Male,Upper
1305,1037,Tarak Sibal,1949-05-31,Male,Middle
1306,1038,Advik Bath,1973-07-29,Male,Lower-Middle
1307,1038,Upkaar Menon,1986-07-29,Other,Lower
1308,1039,Rajata Parekh,2020-08-07,Female,Upper-Middle
1309,1040,Bakhshi Wali,2016-10-12,Male,Lower-Middle
1310,1041,Vyanjana Vala,2000-06-12,Female,Middle
1311,1041,Eiravati D’Alia,1995-05-25,Female,Middle
1312,1042,Zaid Kumer,1975-02-12,Male,Lower
1313,1043,Tejas Kanda,2015-08-16,Male,Lower
1314,1044,Xalak Mani,1951-08-31,Female,Upper-Middle
1315,1045,Hredhaan Dalal,1967-05-03,Male,Lower-Middle
1316,1046,Girik Karnik,1989-04-16,Male,Lower
1317,1047,Anmol Sarna,1947-05-31,Male,Lower
1318,1048,Varenya Jhaveri,1961-07-19,Female,Middle
1319,1049,Zaitra Kamdar,1999-06-24,Female,Lower-Middle
1320,1050,Nilima Sharaf,2009-09-20,Female,Lower-Middle
1321,1051,Joshua Ahuja,2008-01-05,Male,Upper-Middle
1322,1052,Janya Rau,1997-12-07,Female,Upper
1323,1053,Patrick Ratti,1947-03-29,Male,Lower-Middle
1324,1053,Umang Purohit,1964-06-27,Male,Lower
1325,1054,Garima Dara,1970-03-02,Female,Lower-Middle
1326,1055,Darpan Kala,2014-01-20,Male,Middle
1327,1055,Gayathri Srivastava,2021-02-24,Female,Lower-Middle
1328,1056,Urvi Deol,2003-08-09,Female,Lower
1329,1057,Janaki Jha,1972-06-03,Female,Upper-Middle
1330,1057,Netra Parsa,2004-03-06,Female,Middle
1331,1058,Andrew Ratti,2000-02-05,Male,Lower
1332,1059,Anamika Mahajan,2019-06-13,Female,Upper-Middle
1333,1060,Jack Chandra,1970-04-07,Male,Upper
1334,1061,Lajita Lalla,1973-07-07,Female,Lower-Middle
1335,1061,Lakshit Chand,1960-11-03,Male,Upper-Middle
1336,1062,Tarak Panchal,1958-11-19,Male,Middle
1337,1063,Leena Golla,1961-08-23,Female,Upper-Middle
1338,1064,Saumya Keer,2009-03-09,Female,Upper-Middle
1339,1064,Warjas Bahl,1987-04-23,Male,Lower
1340,1065,Riya Krishnan,2017-07-15,Female,Lower-Middle
1341,1066,Benjamin Roy,1991-07-18,Male,Lower
1342,1067,Pratyush Pradhan,1980-08-25,Male,Upper-Middle
1343,1068,Bina Koshy,2013-07-15,Female,Upper-Middle
1344,1069,Charles Joshi,2001-05-08,Male,Lower-Middle
1345,1070,Ronith Nayar,2013-02-11,Male,Lower
1346,1070,Yash Ratta,2008-04-22,Male,Lower-Middle
1347,1071,Yatin Soni,2011-12-20,Male,Lower
1348,1072,Henry Patel,2003-05-26,Male,Upper
1349,1072,Hemang More,1957-09-09,Male,Middle
1350,1073,Kabir Bora,1992-08-19,Male,Lower
1351,1074,Amaira Mishra,1969-12-01,Female,Lower-Middle
1352,1074,Yatan De,1971-08-31,Male,Lower-Middle
1353,1075,Abha Suri,2000-10-18,Female,Middle
1354,1076,Rajata Bala,1950-01-18,Female,Upper-Middle
1355,1077,Bishakha Bumb,1976-01-06,Female,Lower-Middle
1356,1078,Oliver Morar,2017-01-30,Male,Lower-Middle
1357,1079,Mitesh Mandal,1970-07-02,Male,Middle
1358,1080,Samuel Krishnamurthy,2013-07-02,Male,Upper
1359,1081,Baljiwan Lal,1947-04-10,Male,Middle
1360,1082,Aarav Vohra,1999-02-16,Male,Middle
1361,1083,Sanaya Krishna,2008-03-06,Female,Lower
1362,1084,Nimrat Chakraborty,1992-03-02,Female,Lower-Middle
1363,1085,Jasmit Wali,1949-03-06,Female,Upper-Middle
1364,1086,Utkarsh Raj,2008-05-20,Male,Upper-Middle
1365,1087,Rishi Seth,1970-03-28,Male,Middle
1366,1088,Shravya Dani,1951-09-01,Female,Middle
1367,1089,Gunbir Shanker,1970-03-13,Male,Middle
1368,1090,Niharika Kapur,1969-02-21,Female,Lower
1369,1090,Qabil Upadhyay,1998-03-14,Male,Middle
1370,1091,Gauri Loke,1994-12-13,Female,Lower
1371,1091,Damini Patla,1994-10-16,Female,Lower-Middle
1372,1092,Indira Dugar,2012-01-27,Female,Lower-Middle
1373,1093,Aarini Dani,1961-04-10,Female,Middle
1374,1093,Mitesh Char,2009-01-12,Male,Lower
1375,1094,Ishanvi Goswami,2001-11-03,Female,Lower-Middle
1376,1095,Unnati Trivedi,1991-11-08,Female,Upper-Middle
1377,1096,Shivansh Bhatnagar,1950-04-16,Male,Lower-Middle
1378,1097,Warjas Iyer,1992-09-23,Male,Middle
1379,1098,Wakeeta Memon,1974-06-18,Female,Upper-Middle
1380,1099,Samesh Mahal,1982-06-29,Male,Upper-Middle
1381,1100,Atharv Ganguly,1997-08-14,Male,Middle
1382,1101,Falguni Suri,1999-05-19,Female,Middle
1383,1101,Unnati Panchal,1999-02-13,Female,Middle
1384,1102,Oliver Vasa,2006-01-09,Male,Lower
1385,1103,Reyansh Lad,1981-08-12,Male,Upper
1386,1104,Balveer Palla,1993-08-28,Male,Upper
1387,1104,Mahika Savant,1979-12-07,Female,Middle
1388,1105,Anita Dayal,1979-12-30,Female,Lower-Middle
1389,1106,Janya Khurana,2005-10-13,Other,Middle
1390,1107,Hamsini Ahluwalia,1982-09-04,Female,Middle
1391,1108,Nakul Karan,1980-09-28,Male,Upper
1392,1108,Amara Khalsa,2005-07-18,Female,Lower-Middle
1393,1109,Meera Bali,2011-02-21,Female,Lower
1394,1110,Ridhi Karpe,2017-12-14,Female,Upper
1395,1110,Ira Walla,1996-02-23,Female,Lower-Middle
1396,1111,Girindra Grover,1961-12-26,Male,Upper-Middle
1397,1112,Tanvi Raghavan,1986-10-07,Female,Lower-Middle
1398,1113,Lakshit Balakrishnan,2010-02-22,Male,Lower-Middle
1399,1114,Veer Kadakia,1953-01-26,Male,Upper-Middle
1400,1115,Caleb Pandey,1945-09-18,Male,Lower
1401,1116,Ikbal Goda,1980-08-03,Male,Middle
1402,1117,Naksh Chauhan,1951-10-13,Male,Lower-Middle
1403,1118,Tanvi Patel,2015-11-01,Female,Upper-Middle
1404,1119,Upkaar Sankaran,1973-07-27,Male,Lower
1405,1120,Madhav Rana,2009-02-17,Male,Upper
1406,1121,Tanay Lata,1999-03-04,Male,Middle
1407,1121,Anjali Kota,1975-04-06,Female,Lower
1408,1122,Xavier Hegde,2010-02-13,Male,Lower-Middle
1409,1123,Dayita Nayak,1965-06-29,Female,Upper-Middle
1410,1124,Meghana Boase,1952-10-19,Female,Lower-Middle
1411,1125,Advaith Gola,2012-02-13,Male,Lower
1412,1125,Anya Subramanian,2018-02-13,Female,Lower
1413,1126,Nihal Contractor,1998-11-07,Male,Lower-Middle
1414,1127,Yochana Lala,2008-05-05,Female,Middle
1415,1128,Vrinda Jain,2016-02-01,Female,Lower-Middle
1416,1129,Jacob Bains,2003-09-01,Male,Lower
1417,1130,Lekha Krishnamurthy,1974-10-16,Female,Lower-Middle
1418,1130,Udant Prabhu,1982-03-24,Male,Lower-Middle
1419,1131,Henry Om,1948-08-27,Male,Lower
1420,1131,Gavin Rout,1949-11-07,Male,Middle
1421,1132,Vivaan Balakrishnan,2000-06-13,Male,Upper
1422,1132,Oviya Sant,2009-07-24,Female,Upper-Middle
1423,1133,Wridesh Chada,2019-04-08,Male,Lower-Middle
1424,1134,Gauri Gopal,1978-01-31,Female,Middle
1425,1135,Champak Kamdar,1960-06-23,Male,Lower
1426,1136,Ijaya Swamy,2008-05-17,Female,Middle
1427,1137,Qabil Verma,1986-01-14,Male,Lower
1428,1138,Ishita Kothari,2013-05-06,Female,Lower-Middle
1429,1139,Yamini Sehgal,1946-10-04,Female,Lower
1430,1140,Yashasvi Apte,2012-02-16,Other,Lower
1431,1141,Anya Ravel,1994-12-27,Female,Lower-Middle
1432,1142,Alexander Sane,1981-12-01,Male,Middle
1433,1143,Yachana Banik,2007-06-21,Female,Lower-Middle
1434,1143,Nidhi Sastry,2017-10-16,Female,Lower-Middle
1435,1144,Yashvi Hayre,1946-12-25,Female,Lower-Middle
1436,1145,Joshua Varughese,1993-05-05,Male,Lower
1437,1145,Hredhaan Sant,1990-04-02,Male,Upper-Middle
1438,1146,Aarush Manne,1981-03-28,Male,Middle
1439,1146,Wriddhish Goyal,2015-07-02,Male,Lower
1440,1147,Aashi Gulati,1961-07-21,Female,Lower-Middle
1441,1148,Zehaan Konda,1998-08-11,Male,Lower-Middle
1442,1149,Jason Butala,2003-10-16,Male,Middle
1443,1150,Nicholas Thakkar,1981-11-14,Male,Middle
1444,1150,Lila Barman,2020-07-02,Female,Upper-Middle
1445,1151,Janaki Bajwa,1972-09-28,Female,Lower
1446,1152,Anay Shenoy,1996-02-17,Male,Middle
1447,1152,Aarnav Oommen,1966-07-25,Male,Lower-Middle
1448,1153,Avni Dash,1994-10-01,Female,Lower-Middle
1449,1153,Ishanvi Barad,1963-04-10,Female,Lower-Middle
1450,1154,Rayaan Hayre,1975-05-02,Male,Lower
1451,1154,Gayathri Korpal,1994-04-16,Female,Lower-Middle
1452,1155,Patrick Lanka,1945-12-21,Male,Lower-Middle
1453,1156,Alexander Sarraf,1961-07-03,Male,Lower-Middle
1454,1157,Mahika Bhasin,1970-01-12,Female,Lower
1455,1158,Hemang Gade,1949-01-15,Male,Middle
1456,1159,Eta Parikh,1974-10-18,Female,Upper-Middle
1457,1160,Omisha Agrawal,1948-07-12,Female,Middle
1458,1161,Devansh Iyer,1956-03-15,Male,Lower-Middle
1459,1162,Anirudh Rajagopalan,2015-12-04,Male,Middle
1460,1163,Baghyawati Mitra,2017-06-11,Female,Middle
1461,1164,Amol Khanna,1953-02-22,Male,Lower-Middle
1462,1164,Neha Wali,1984-09-18,Female,Lower
1463,1165,Janani Varty,1994-05-20,Female,Middle
1464,1166,Xavier Sekhon,1973-05-18,Male,Lower
1465,1167,Krishna Narayan,1990-02-05,Male,Lower
1466,1167,Zansi Cheema,1996-07-15,Female,Lower-Middle
1467,1168,Gaurangi Sunder,1965-04-25,Female,Upper-Middle
1468,1169,Yasti Devi,2004-12-15,Female,Upper
1469,1170,Ekaja Pant,1958-12-08,Female,Lower
1470,1171,George Patil,1995-03-25,Male,Upper-Middle
1471,1172,Shaurya Wable,2017-02-12,Male,Lower-Middle
1472,1173,Pahal Nigam,1951-02-13,Female,Lower-Middle
1473,1174,Avi Varghese,1962-05-27,Male,Lower
1474,1175,Nitesh Mitter,1981-03-02,Male,Lower-Middle
1475,1175,Sara Chauhan,1991-08-14,Female,Upper-Middle
1476,1176,Chaitaly Vala,2020-12-27,Other,Lower
1477,1176,Dakshesh Nanda,1949-09-05,Male,Lower
1478,1177,Joshua Mani,2000-12-16,Male,Lower
1479,1178,Ansh Khanna,1990-10-12,Male,Lower
1480,1179,Vamakshi Sachar,1994-09-06,Female,Lower-Middle
1481,1180,Patrick Kade,1995-08-28,Male,Lower
1482,1181,Balvan Bhatia,2014-08-24,Male,Upper
1483,1182,Faraj Sekhon,2005-03-26,Male,Lower-Middle
1484,1183,Netra Sekhon,2007-01-21,Female,Lower-Middle
1485,1184,Xiti Magar,1996-03-06,Female,Lower
1486,1185,Qasim Mander,1961-07-10,Male,Lower-Middle
1487,1186,Ikbal Varkey,2006-06-04,Male,Middle
1488,1187,Mitali Kothari,2011-03-17,Female,Upper-Middle
1489,1187,Anirudh Badal,2012-09-11,Male,Lower-Middle
1490,1188,Lucky Narayanan,1995-02-06,Male,Lower
1491,1188,Nilima Saha,2008-05-23,Female,Lower-Middle
1492,1189,Chatresh Sarin,2003-07-26,Male,Upper-Middle
1493,1190,Hardik Om,2002-12-09,Male,Lower-Middle
1494,1191,Daniel Dube,1990-06-08,Male,Lower-Middle
1495,1192,Janya Oza,1949-08-07,Female,Lower-Middle
1496,1192,Varenya Sankar,2006-05-04,Female,Middle
1497,1193,Advaith Prashad,1986-07-09,Male,Lower-Middle
1498,1193,Garima Dua,2012-05-02,Female,Lower-Middle
1499,1194,Warhi Ranganathan,1994-08-04,Female,Lower
1500,1195,Azad Mandal,1995-08-06,Male,Middle
1501,1196,Isha Majumdar,1959-08-02,Female,Lower
1502,1196,Aryan Bhalla,1991-09-03,Male,Upper-Middle
1503,1197,Qabil Nayar,2021-03-01,Male,Middle
1504,1198,Mohini Pandit,1993-12-09,Female,Lower-Middle
1505,1199,Qabil Saran,1971-01-12,Male,Lower-Middle
1506,1200,Simon Kala,1973-03-27,Male,Middle
1507,1201,Warhi Sachdeva,2001-12-25,Female,Lower-Middle
1508,1202,Pranav Amble,1986-07-28,Male,Middle
1509,1202,Amruta Thakkar,2002-05-04,Female,Lower
1510,1203,Manan Iyer,1956-05-07,Male,Upper-Middle
1511,1204,Chaitanya Prabhakar,1990-05-25,Male,Lower-Middle
1512,1205,Naveen Dutt,1958-04-05,Male,Lower
1513,1206,Kala Kapoor,1998-09-30,Female,Upper-Middle
1514,1207,Aradhana Kibe,1954-11-13,Female,Lower
1515,1207,Andrew Viswanathan,2015-12-27,Male,Lower-Middle
1516,1208,Amaira Chakrabarti,1950-01-30,Female,Lower
1517,1209,Quincy Hegde,1956-03-10,Male,Upper-Middle
1518,1209,Chatura Pingle,1973-05-20,Male,Middle
1519,1210,Anya Edwin,2000-10-11,Female,Lower-Middle
1520,1211,Arunima Bali,1971-05-17,Female,Middle
1521,1211,Ikbal Sant,1978-08-10,Male,Middle
1522,1212,Ansh Goyal,1945-11-13,Male,Lower-Middle
1523,1213,Vanya Venkataraman,1968-08-11,Female,Lower
1524,1213,Hitesh Wable,1985-12-23,Male,Middle
1525,1214,Umang Venkatesh,1959-01-21,Male,Upper-Middle
1526,1215,Varsha Sankaran,2000-07-17,Female,Lower
1527,1216,Madhavi Deshmukh,1946-08-11,Female,Lower-Middle
1528,1217,Mason Vala,1958-02-25,Male,Middle
1529,1218,Manan Grewal,2000-08-15,Male,Lower-Middle
1530,1218,Madhav Srivastava,1983-05-21,Male,Upper-Middle
1531,1219,Triveni Mohanty,1982-12-09,Female,Lower-Middle
1532,1219,Lavanya Sheth,1971-12-15,Female,Middle
1533,1220,Yug Saraf,2000-11-08,Male,Middle
1534,1221,Vaishnavi Narang,2016-01-27,Female,Middle
1535,1222,Vritti Sawhney,1986-09-08,Female,Middle
1536,1223,Frado Mukhopadhyay,1998-05-14,Male,Middle
1537,1224,Chanchal Mohan,1980-07-18,Female,Upper-Middle
1538,1225,Janani Natt,1979-06-20,Female,Middle
1539,1225,Omisha Narayanan,2005-01-12,Female,Lower-Middle
1540,1226,Nimrat Dhawan,1972-03-17,Female,Upper
1541,1226,Aashi Dua,1997-02-04,Female,Lower-Middle
1542,1227,Raghav Loyal,1998-06-04,Male,Lower
1543,1227,Shaurya Venkataraman,1954-03-25,Male,Middle
1544,1228,Gavin Dewan,1965-05-23,Male,Middle
1545,1229,Ekanta Lata,1997-10-04,Female,Lower
1546,1230,Ekantika Grewal,1952-09-03,Female,Lower
1547,1231,Unni Johal,1976-11-22,Other,Lower-Middle
1548,1232,Lopa Bera,1998-03-07,Female,Lower-Middle
1549,1233,Ishani Varma,2001-11-01,Female,Lower
1550,1234,Nidhi Verma,1990-01-04,Female,Lower-Middle
1551,1234,Yamini Konda,1952-07-15,Female,Lower-Middle
1552,1235,Nitesh Narang,1997-12-09,Male,Lower-Middle
1553,1235,Umang Rastogi,1996-02-22,Male,Middle
1554,1236,Yashasvi Rajan,1945-10-28,Female,Lower-Middle
1555,1237,Patrick Nazareth,1954-09-01,Male,Upper-Middle
1556,1238,Rudra Srinivas,2003-04-16,Male,Lower
1557,1239,Joshua Lalla,1974-10-10,Male,Upper
1558,1240,Isaac Gandhi,2009-01-29,Male,Upper-Middle
1559,1240,Raksha Roy,1960-02-24,Female,Lower-Middle
1560,1241,Urishilla Pant,1971-10-15,Female,Lower
1561,1242,Jonathan Goel,1951-04-18,Male,Lower
1562,1243,Mugdha Dora,1957-06-25,Female,Lower-Middle
1563,1243,Timothy Krishna,2007-08-02,Male,Upper-Middle
1564,1244,Raksha Devan,1952-06-08,Female,Lower-Middle
1565,1244,Nicholas Butala,1958-02-24,Male,Lower-Middle
1566,1245,Advay Oak,2001-03-06,Male,Lower-Middle
1567,1246,Chandresh Keer,1975-12-30,Male,Lower-Middle
1568,1247,Nathaniel Bawa,2019-06-30,Male,Middle
1569,1247,Karan Guha,1970-10-19,Male,Lower-Middle
1570,1248,Yamini Soni,2003-02-24,Female,Lower-Middle
1571,1249,Samarth Grewal,2012-03-21,Other,Lower-Middle
1572,1250,Liam Dave,1973-09-26,Male,Lower-Middle
1573,1251,Chanakya Agarwal,2000-04-11,Male,Lower-Middle
1574,1251,Zayyan Brahmbhatt,2012-05-15,Male,Lower
1575,1252,Anjali Patla,1966-02-06,Female,Upper
1576,1253,Banjeet Wadhwa,1981-11-29,Male,Lower
1577,1254,Veda Merchant,2000-11-06,Female,Lower-Middle
1578,1255,Aishani Nath,1963-08-06,Female,Upper-Middle
1579,1255,Aditya Gole,1993-05-09,Male,Lower-Middle
1580,1256,Champak Chowdhury,1984-12-29,Male,Lower-Middle
1581,1257,Nitara Thakur,1971-11-26,Female,Lower
1582,1257,Nimrat Ahuja,2011-05-28,Female,Upper-Middle
1583,1258,Qadim Dasgupta,1975-08-04,Male,Lower
1584,1259,Upadhriti Bose,1947-01-04,Female,Upper
1585,1260,Ekaraj Chopra,2000-03-04,Male,Upper
1586,1261,Mitali Nori,1972-11-30,Female,Middle
1587,1261,Dayamai Mandal,2006-05-17,Female,Middle
1588,1262,Garima Bassi,1984-02-09,Female,Lower-Middle
1589,1263,Chakrika Date,2005-11-21,Female,Lower-Middle
1590,1264,Jeet Chahal,1969-12-24,Male,Middle
1591,1265,Simon Sabharwal,1993-05-11,Male,Upper-Middle
1592,1266,Anthony Gill,1975-09-14,Male,Upper
1593,1267,Suhani Chadha,2001-11-09,Female,Upper-Middle
1594,1267,Omkaar Uppal,1948-07-21,Male,Lower-Middle
1595,1268,Eta Krishna,2007-04-14,Female,Lower
1596,1268,Oni Nigam,1965-12-03,Female,Lower-Middle
1597,1269,Vedant Dewan,1952-11-26,Male,Middle
1598,1270,Samaksh Solanki,1953-05-09,Male,Upper-Middle
1599,1271,Vasana Murthy,1960-11-17,Female,Middle
1600,1272,Aarini Parekh,2004-12-16,Female,Middle
1601,1273,Anvi Sandhu,1945-11-28,Female,Middle
1602,1274,Vihaan Borra,1955-03-14,Male,Lower
1603,1275,Benjamin Virk,1957-12-18,Male,Lower-Middle
1604,1276,Vasana Jain,1970-01-24,Female,Upper
1605,1277,Rajata Guha,1976-10-15,Female,Upper
1606,1278,Adweta Prabhakar,1982-08-23,Female,Lower
1607,1278,Odika Bumb,2002-07-04,Female,Middle
1608,1279,Vritti Bhalla,2005-09-27,Female,Middle
1609,1280,Ijaya Dhillon,1960-04-09,Female,Lower-Middle
1610,1281,Amol Divan,1982-06-22,Male,Middle
1611,1281,Siya Lanka,2001-08-23,Female,Lower-Middle
1612,1282,Oni Choudhry,1948-11-16,Female,Lower-Middle
1613,1283,Anika Modi,1954-11-26,Female,Middle
1614,1284,Neel Mody,2019-08-16,Male,Lower-Middle
1615,1285,Nakul Chaudhari,1952-04-29,Male,Upper-Middle
1616,1286,Girish Mane,1998-10-19,Male,Lower
1617,1286,Krishna Kapur,2002-03-29,Female,Lower-Middle
1618,1287,Jagat Ahuja,1988-07-02,Male,Middle
1619,1288,Raksha Mittal,1971-11-15,Female,Lower-Middle
1620,1288,Avi Agate,2019-01-24,Male,Lower-Middle
1621,1289,Darpan Ravi,1981-05-27,Male,Lower
1622,1290,Varenya Sen,1950-01-10,Female,Lower-Middle
1623,1290,Chanakya Shere,1946-12-30,Male,Lower
1624,1291,Thomas Bhat,1960-09-07,Male,Lower
1625,1292,Onkar Gara,2020-08-20,Male,Lower
1626,1293,Jagvi Singhal,1958-02-16,Female,Middle
1627,1293,Ridhi Rai,2017-07-22,Female,Lower-Middle
1628,1294,Vasana Radhakrishnan,2006-01-09,Female,Lower
1629,1295,Andrew Pant,1958-05-20,Male,Middle
1630,1296,Jagat Khare,1949-09-09,Male,Lower-Middle
1631,1296,Barkha Palan,1994-12-13,Female,Middle
1632,1297,Saanvi Gulati,1979-03-14,Female,Lower
1633,1298,Widisha Kakar,1996-09-05,Female,Middle
1634,1299,Xalak Bala,2016-03-10,Other,Lower
1635,1300,Netra Bassi,1998-01-11,Female,Upper-Middle
1636,1301,Manbir Pant,1965-11-05,Male,Lower-Middle
1637,1302,Harrison Pillay,2009-02-07,Male,Lower
1638,1303,Yuvraj Raja,1995-09-17,Male,Lower-Middle
1639,1304,Kalpit Ramanathan,1970-01-09,Male,Middle
1640,1304,Wahab Yogi,1989-02-18,Male,Upper-Middle
1641,1305,Ethan Gopal,2006-10-20,Male,Upper-Middle
1642,1306,Fariq Roy,1949-01-30,Male,Lower
1643,1306,Sanaya Bhattacharyya,1962-01-15,Female,Lower
1644,1307,Yashvi Bahri,1961-07-13,Female,Lower
1645,1308,Januja Sarin,1945-12-22,Female,Middle
1646,1309,Maya Aggarwal,2021-03-04,Female,Upper-Middle
1647,1310,Vivaan Bawa,1952-03-15,Male,Lower
1648,1310,Ekanta Tata,2000-10-27,Female,Lower-Middle
1649,1311,Zarna Bajwa,1992-06-14,Female,Middle
1650,1311,Viraj Swaminathan,2013-01-03,Male,Upper-Middle
1651,1312,Chaman Mall,2008-09-14,Female,Middle
1652,1313,Reyansh Toor,1963-02-25,Male,Lower
1653,1314,Damini Nayak,2003-08-16,Female,Lower-Middle
1654,1314,Michael Saraf,1949-05-15,Male,Lower
1655,1315,Varenya Jain,1988-10-21,Female,Lower-Middle
1656,1316,Robert Choudhury,1968-04-18,Male,Middle
1657,1316,Anita Pandya,1961-11-19,Female,Middle
1658,1317,Raksha Rattan,1978-03-22,Female,Lower-Middle
1659,1318,Lohit Wali,1969-04-24,Male,Middle
1660,1319,Anya Bava,2013-01-14,Female,Lower
1661,1320,Damyanti Samra,2009-02-02,Female,Lower
1662,1321,Zaitra Saha,2009-11-23,Female,Upper
1663,1322,Radhika Dara,2020-07-11,Female,Lower-Middle
1664,1323,Daksh Suri,2013-02-15,Male,Lower-Middle
1665,1324,Umang Manda,2013-06-19,Male,Upper-Middle
1666,1324,Kashvi Prakash,1990-11-14,Female,Lower
1667,1325,Janaki Yadav,1977-07-18,Female,Lower-Middle
1668,1326,Reyansh Singh,1962-06-09,Male,Middle
1669,1326,Pushti Dhillon,1950-06-13,Female,Middle
1670,1327,Irya Bhatia,1997-04-01,Female,Lower
1671,1327,Tanay Dasgupta,1965-10-10,Male,Middle
1672,1328,Yatan Choudhury,1957-08-27,Male,Middle
1673,1329,Girindra Kade,1995-10-31,Male,Upper-Middle
1674,1329,Anirudh Kala,1955-12-02,Male,Lower
1675,1330,William Kalita,1950-12-04,Male,Lower
1676,1330,Ronith Wali,1963-08-01,Male,Upper-Middle
1677,1331,Rachit Kata,1977-07-29,Male,Lower-Middle
1678,1331,Noah Gokhale,2003-03-06,Male,Middle
1679,1332,Avi Deshpande,1983-03-16,Male,Lower
1680,1333,Jonathan Srinivasan,2014-02-25,Male,Middle
1681,1334,Deepa Grewal,1966-12-28,Female,Lower
1682,1335,Guneet Mannan,1995-09-03,Male,Middle
1683,1336,Varsha Kashyap,1968-01-08,Female,Middle
1684,1337,Ekapad Kant,1956-10-16,Male,Middle
1685,1338,Veda Uppal,2004-04-06,Female,Middle
1686,1339,Aayush Konda,1983-03-22,Male,Lower
1687,1340,Ridhi Bhakta,1988-07-30,Female,Lower-Middle
1688,1341,Wridesh Talwar,2011-03-16,Male,Lower-Middle
1689,1342,Vasudha Mital,1973-04-11,Female,Middle
1690,1343,Dev Mitra,1974-05-06,Male,Middle
1691,1344,Odika Jhaveri,1993-02-18,Female,Lower
1692,1345,Zayan Bose,1954-11-20,Male,Upper
1693,1346,Yug Pandey,1949-11-04,Male,Lower-Middle
1694,1347,Victor Dugar,1952-05-12,Male,Upper-Middle
1695,1347,Yasti Banerjee,1971-02-19,Female,Lower
1696,1348,Rachit Seshadri,1993-06-27,Male,Middle
1697,1349,Idika Kunda,1972-05-10,Female,Upper-Middle
1698,1350,Daksha Ray,2018-06-18,Female,Upper-Middle
1699,1350,Veda Agrawal,2016-06-03,Female,Lower
1700,1351,Nicholas Babu,1999-12-09,Male,Upper-Middle
1701,1352,Jhalak Mahajan,1981-09-28,Female,Middle
1702,1352,Bhanumati Bir,1947-08-31,Female,Upper-Middle
1703,1353,Elijah Sur,2010-01-14,Male,Lower
1704,1354,Gopal Palla,1983-06-05,Male,Middle
1705,1355,Dakshesh Agarwal,1960-01-27,Male,Middle
1706,1356,Yashawini Sagar,1960-12-31,Female,Lower
1707,1357,Garima Korpal,1995-11-08,Female,Lower
1708,1358,Naveen Kade,2017-06-27,Male,Upper
1709,1359,Yashasvi Brahmbhatt,1959-04-01,Female,Lower
1710,1360,Omaja Tata,1950-08-26,Female,Lower-Middle
1711,1360,Netra Shanker,1995-10-25,Female,Middle
1712,1361,Avi Chanda,2001-08-12,Male,Lower-Middle
1713,1362,Faris Rajagopalan,1971-01-14,Male,Middle
1714,1363,Oviya Naik,1984-03-01,Female,Lower-Middle
1715,1364,Finn Aggarwal,1969-09-28,Male,Upper-Middle
1716,1365,Jack Om,1979-08-26,Male,Middle
1717,1365,Hamsini Dhawan,1979-07-22,Female,Lower-Middle
1718,1366,Aarnav Suri,1956-11-17,Male,Lower
1719,1366,Krishna Merchant,1976-09-17,Female,Upper-Middle
1720,1367,Reyansh Rajagopal,1953-12-24,Male,Lower-Middle
1721,1367,Kai Sodhi,1952-04-14,Male,Middle
1722,1368,Turvi Bedi,1979-07-16,Female,Upper-Middle
1723,1368,Ati Sathe,1994-03-09,Female,Middle
1724,1369,Rohan Gupta,1991-06-11,Male,Lower-Middle
1725,1369,Baljiwan Lad,1957-02-27,Male,Middle
1726,1370,Aadi Garde,1968-01-20,Male,Middle
1727,1371,Damyanti Sura,1991-07-13,Female,Lower-Middle
1728,1371,Bahadurjit Rajagopal,2015-07-28,Male,Upper-Middle
1729,1372,Om Sarin,1979-12-25,Male,Lower
1730,1373,Oliver Madan,1962-02-13,Male,Lower
1731,1374,Janani Hegde,2004-09-14,Female,Lower
1732,1375,Radha Arora,1964-08-27,Female,Upper-Middle
1733,1376,Bahadurjit Narasimhan,2004-03-16,Male,Middle
1734,1376,Devika Sarna,1958-12-30,Female,Lower
1735,1377,Vritti Garde,1953-08-21,Female,Lower-Middle
1736,1378,Gaurang Modi,1969-10-19,Male,Lower
1737,1379,Brijesh D’Alia,1959-07-04,Male,Lower-Middle
1738,1380,Gauri Madan,2014-02-05,Female,Lower-Middle
1739,1380,Mohini Choudhary,1984-03-21,Female,Lower
1740,1381,Brijesh Kalita,2015-05-21,Male,Lower
1741,1381,Rushil Gupta,1962-01-01,Male,Middle
1742,1382,Hamsini Sachar,1989-04-14,Female,Upper-Middle
1743,1383,Aarnav Dara,1967-08-16,Male,Middle
1744,1384,Chatura Seshadri,1986-08-20,Male,Lower
1745,1385,Faqid Behl,2014-05-31,Male,Upper
1746,1385,Nikita Sarin,2014-01-08,Female,Upper-Middle
1747,1386,Tamanna Patla,1985-12-30,Female,Upper-Middle
1748,1387,Falak Sheth,1970-12-07,Female,Lower
1749,1387,Jatin Rajan,2007-09-28,Male,Upper
1750,1388,Charan Saha,1988-01-09,Male,Upper-Middle
1751,1389,David Munshi,1971-08-01,Male,Lower-Middle
1752,1389,Dakshesh Bal,1958-06-24,Male,Lower
1753,1390,Girish Bhatia,2015-12-14,Male,Upper-Middle
1754,1390,Ekapad Kalla,1959-06-19,Male,Middle
1755,1391,Saksham Walla,1968-10-13,Male,Lower-Middle
1756,1392,Mohini Goswami,2019-06-16,Female,Upper
1757,1392,Abha Dass,1965-08-13,Female,Lower-Middle
1758,1393,Siya Ghosh,1999-01-12,Female,Upper
1759,1394,Banjeet Kibe,1967-01-20,Male,Middle
1760,1394,Ekiya Munshi,1979-02-20,Female,Lower-Middle
1761,1395,Gauri Khurana,2018-08-10,Female,Middle
1762,1396,Thomas Baral,2006-07-14,Male,Lower
1763,1397,Reyansh Balan,1987-11-08,Male,Lower-Middle
1764,1398,Ira Wason,2012-09-12,Female,Lower-Middle
1765,1399,Siya Singhal,1986-09-09,Female,Upper-Middle
1766,1400,Zaid Sur,1963-10-14,Male,Lower-Middle
1767,1400,Anmol Sen,1991-07-18,Male,Middle
1768,1401,Madhav Ben,1948-04-27,Male,Lower
1769,1402,Janani Banik,1995-12-11,Female,Middle
1770,1403,Adya Tailor,1965-03-22,Female,Upper-Middle
1771,1404,Vihaan Devan,1992-06-11,Male,Middle
1772,1405,Hemani Sankaran,1992-09-03,Female,Middle
1773,1406,Bhavini Sarkar,2017-12-02,Female,Lower
1774,1406,Hemal Sunder,2004-08-28,Female,Lower-Middle
1775,1407,Odika Goyal,1975-05-31,Female,Lower-Middle
1776,1408,Hamsini Vaidya,1971-06-29,Female,Lower-Middle
1777,1408,Gopal Ganesan,2008-01-23,Male,Lower-Middle
1778,1409,Advaith Sridhar,1950-12-11,Male,Middle
1779,1409,Gautam Kata,1993-06-25,Male,Lower
1780,1410,Kala Brar,2016-06-14,Female,Middle
1781,1411,Jacob Bobal,1956-07-05,Male,Middle
1782,1411,Girik Buch,1971-07-22,Male,Lower
1783,1412,Kritika Muni,2009-03-04,Female,Lower
1784,1412,Oscar Amble,2009-05-28,Male,Lower-Middle
1785,1413,Yug Srinivas,1996-07-26,Male,Lower-Middle
1786,1414,Neha Mandal,1999-11-28,Female,Middle
1787,1415,Oscar Shan,1996-12-18,Male,Upper-Middle
1788,1416,Sarthak Dass,1955-02-27,Male,Lower-Middle
1789,1417,Abdul Nanda,1994-04-25,Male,Middle
1790,1418,Kabir Mammen,1994-05-24,Male,Lower
1791,1419,Frederick Gaba,1995-12-31,Male,Lower
1792,1420,Om Chaudhuri,1972-03-25,Male,Lower-Middle
1793,1420,Anika Narang,1954-09-12,Female,Middle
1794,1421,Nandini Char,2001-10-22,Female,Upper-Middle
1795,1422,Peter Choudhary,1959-01-29,Male,Lower-Middle
1796,1423,Samesh Tank,1987-07-16,Male,Lower
1797,1424,Damyanti Karpe,2003-11-28,Female,Lower-Middle
1798,1425,Sai Parekh,1946-11-14,Male,Middle
1799,1426,Amruta Krishnamurthy,1954-05-14,Female,Lower
1800,1426,Wazir Taneja,1964-11-28,Other,Middle
1801,1427,Jagat Lal,1963-10-25,Male,Lower-Middle
1802,1428,Yagnesh Thakkar,2008-12-22,Male,Lower-Middle
1803,1429,Ira Gera,1974-12-31,Female,Upper
1804,1430,Ekiya Varty,1956-06-12,Female,Upper
1805,1431,Azad Vora,1976-11-05,Male,Lower
1806,1432,Mitesh Savant,1989-02-09,Male,Upper-Middle
1807,1432,Darpan Bobal,1967-06-24,Male,Upper-Middle
1808,1433,Nitara Sampath,1978-10-07,Female,Middle
1809,1433,Janani Bobal,1957-06-20,Female,Lower-Middle
1810,1434,Harshil Khare,1959-11-06,Male,Lower-Middle
1811,1434,Yashasvi Rau,1967-07-31,Female,Lower
1812,1435,Avi Sankaran,1991-01-14,Male,Upper-Middle
1813,1436,Agastya Bala,1977-07-02,Male,Lower
1814,1436,Yashoda Bahl,1978-09-02,Female,Middle
1815,1437,Manthan Pradhan,1958-02-24,Male,Lower-Middle
1816,1437,Anthony Dayal,1954-10-02,Male,Upper-Middle
1817,1438,Nidra Borra,1979-12-12,Female,Lower-Middle
1818,1439,Caleb Sem,1951-09-25,Male,Middle
1819,1440,Karan Sami,1954-01-24,Male,Lower
1820,1441,Wahab Walia,2006-03-08,Male,Upper-Middle
1821,1442,George Bhatt,1983-11-08,Male,Lower-Middle
1822,1443,Abdul Kadakia,1963-01-02,Male,Upper-Middle
1823,1444,Meera Guha,1987-12-01,Female,Lower-Middle
1824,1445,Lakshmi Kala,1973-06-05,Female,Lower
1825,1446,Niharika Dayal,1959-10-03,Female,Middle
1826,1446,Samesh Patel,1954-07-25,Male,Middle
1827,1447,Advaith Menon,1999-04-23,Male,Lower-Middle
1828,1448,Bachittar Arora,1985-04-26,Male,Middle
1829,1448,Irya Dara,1977-06-09,Female,Lower
1830,1449,Rajeshri Nath,2007-06-28,Female,Lower-Middle
1831,1450,Ekalinga Batta,2009-10-28,Male,Lower
1832,1451,Eesha Kata,1994-03-03,Female,Middle
1833,1452,Ucchal De,1957-02-11,Other,Lower-Middle
1834,1453,Ranbir Bose,2016-09-05,Male,Middle
1835,1454,Vasana Swaminathan,2003-03-06,Female,Lower-Middle
1836,1455,Theodore Prabhakar,1954-03-09,Male,Lower
1837,1456,Zashil Srinivasan,2008-10-13,Male,Upper-Middle
1838,1456,Devansh Kala,2018-08-17,Male,Lower-Middle
1839,1457,Zinal Kapoor,2007-08-30,Female,Middle
1840,1458,Anvi Mall,2014-06-30,Female,Middle
1841,1459,Jeevika Barad,1982-12-13,Female,Upper-Middle
1842,1460,Dalbir Krishnan,1988-12-17,Male,Middle
1843,1460,Zashil Rout,2014-12-02,Male,Lower-Middle
1844,1461,Vasatika Kapoor,1983-09-20,Female,Upper-Middle
1845,1461,Amruta Tara,2000-05-07,Female,Lower-Middle
1846,1462,Anmol Kota,1960-02-03,Male,Lower-Middle
1847,1463,Watika Nagar,2014-12-12,Female,Upper-Middle
1848,1464,Gopal Cherian,2018-12-09,Male,Middle
1849,1465,Jagdish Raman,1964-08-13,Male,Lower-Middle
1850,1466,Pratyush Mallick,1987-02-19,Male,Lower
1851,1467,Jacob Goswami,2006-07-08,Male,Lower
1852,1468,Nakul Krishnamurthy,1949-10-07,Male,Lower
1853,1469,Ishaan Varty,1988-04-09,Male,Lower-Middle
1854,1470,Tanmayi Anand,1964-08-16,Other,Lower
1855,1471,Vivaan Borde,1993-11-12,Male,Lower
1856,1472,Vasudha Mallick,1970-11-02,Female,Lower
1857,1473,Oscar Parmer,1992-12-06,Male,Upper
1858,1474,Imaran Nagarajan,1981-11-14,Male,Lower
1859,1475,Andrew Sengupta,2015-10-13,Male,Upper-Middle
1860,1476,Vedant Sidhu,2014-01-14,Male,Middle
1861,1477,Ekansh Cherian,1949-10-17,Male,Middle
1862,1477,Vedant Dey,1946-10-12,Male,Upper-Middle
1863,1478,Alka Mukherjee,2012-11-01,Female,Lower-Middle
1864,1479,David Ghose,1985-09-09,Male,Middle
1865,1480,Damyanti Sawhney,1995-06-29,Female,Lower-Middle
1866,1481,Advika Mammen,1958-06-08,Female,Upper-Middle
1867,1481,Nimrat Sane,2001-03-07,Female,Upper-Middle
1868,1482,Chaitaly Vig,2002-06-26,Female,Upper-Middle
1869,1483,Madhavi Dixit,2004-07-09,Female,Lower-Middle
1870,1484,Madhav Mital,2013-04-03,Male,Lower
1871,1485,Leela Sachdeva,2009-07-03,Female,Upper
1872,1486,Deepa Babu,1961-07-10,Female,Upper-Middle
1873,1487,Vidhi Atwal,1976-12-18,Female,Upper
1874,1488,Gaurangi Narain,2008-07-31,Female,Lower-Middle
1875,1488,Mekhala Memon,1976-01-15,Female,Lower-Middle
1876,1489,Vedika Konda,1963-11-09,Female,Lower-Middle
1877,1489,Raghav Sampath,2017-09-06,Male,Middle
1878,1490,Lavanya Bhasin,1974-08-19,Female,Lower-Middle
1879,1490,Kalpit Kari,2015-05-31,Male,Upper-Middle
1880,1491,Vincent Sathe,2013-08-12,Male,Lower
1881,1492,Kalpit Raval,1967-06-05,Male,Lower-Middle
1882,1493,Vivaan Bains,1983-12-26,Male,Lower-Middle
1883,1493,Charles Handa,1953-08-04,Male,Lower-Middle
1884,1494,Yashodhara Sandhu,1984-10-15,Female,Upper
1885,1495,Ekanta Kota,1956-12-06,Female,Lower-Middle
1886,1495,Pranav Raghavan,1996-02-09,Male,Middle
1887,1496,David Ganesan,2008-08-24,Male,Lower-Middle
1888,1496,Chaitaly Soman,1953-04-10,Female,Upper
1889,1497,Jason Madan,1978-06-23,Male,Lower-Middle
1890,1498,Krishna Hora,1966-07-28,Male,Lower-Middle
1891,1498,Sai Singh,1985-10-28,Female,Lower-Middle
1892,1499,Noah Kade,1997-03-31,Male,Lower-Middle
1893,1500,Nakul Chand,1966-08-10,Male,Middle
1894,1501,David Bora,1991-05-05,Male,Lower-Middle
1895,1501,Darika Bhavsar,1960-12-27,Female,Lower
1896,1502,Ekapad Bala,1997-02-21,Male,Middle
1897,1503,Yash Chaudry,1979-04-08,Male,Lower-Middle
1898,1504,Harsh Bera,1950-01-12,Male,Lower
1899,1504,Eesha Goda,1955-10-18,Female,Lower-Middle
1900,1505,Kevin Gade,2003-03-21,Male,Middle
1901,1506,Jason Pau,1972-10-11,Male,Lower-Middle
1902,1507,Ekanta Mutti,2003-04-20,Female,Lower
1903,1507,Diya Rout,1960-04-28,Female,Middle
1904,1508,Nimrat Madan,1964-10-25,Female,Lower
1905,1509,Brijesh Walla,1982-12-28,Male,Middle
1906,1510,Nisha Kadakia,2005-03-24,Female,Middle
1907,1511,Faraj Ratti,2017-08-30,Male,Lower-Middle
1908,1512,Qarin Bhasin,2018-03-12,Male,Middle
1909,1513,Krishna Mukhopadhyay,1949-10-22,Male,Lower-Middle
1910,1513,Gopal Deol,1972-01-21,Male,Lower-Middle
1911,1514,Reva Karpe,1992-11-14,Female,Lower
1912,1515,Ishanvi Nath,1968-11-11,Female,Lower-Middle
1913,1516,Om Bala,2013-01-07,Male,Middle
1914,1517,Chakradev Tank,2014-09-27,Other,Lower
1915,1518,Varenya Kakar,1994-08-18,Female,Lower-Middle
1916,1519,Nandini Deep,1994-04-11,Female,Lower-Middle
1917,1520,Logan Solanki,2012-07-17,Male,Middle
1918,1521,Warhi Kulkarni,1984-05-12,Female,Upper-Middle
1919,1522,Robert Lalla,1978-12-02,Male,Lower
1920,1523,Niharika Sane,1983-12-16,Female,Upper-Middle
1921,1524,Arunima Saran,1946-09-20,Female,Lower-Middle
1922,1525,Ekansh Ramakrishnan,1986-01-17,Male,Lower
1923,1526,Dev Shankar,1995-02-05,Male,Lower
1924,1527,Hemang Taneja,2008-07-01,Male,Lower-Middle
1925,1527,Patrick Mannan,1997-03-25,Male,Middle
1926,1528,Chandresh Dey,1962-01-16,Male,Upper-Middle
1927,1529,Lakshmi Bajwa,2009-03-14,Female,Lower
1928,1530,Radha Kulkarni,1993-09-29,Female,Lower-Middle
1929,1531,Urishilla Bassi,1958-02-19,Female,Lower
1930,1531,Ayushman Kapadia,1964-10-08,Male,Lower-Middle
1931,1532,Vivaan Balasubramanian,2005-06-20,Male,Lower
1932,1533,Sneha Deshpande,1994-08-10,Female,Upper-Middle
1933,1534,Waida Minhas,1972-12-06,Female,Lower-Middle
1934,1535,Ronith Bhandari,1975-02-25,Male,Middle
1935,1536,Kamya Bhargava,1976-12-28,Other,Upper-Middle
1936,1536,Jatin Trivedi,2017-10-29,Male,Lower-Middle
1937,1537,Kiaan Dubey,2008-02-18,Male,Lower-Middle
1938,1537,Faras Kibe,2003-09-14,Male,Lower
1939,1538,Yahvi Lalla,2001-11-24,Female,Lower-Middle
1940,1539,Pahal Mohan,1993-10-05,Female,Lower-Middle
1941,1539,Vasatika Tripathi,1961-04-27,Female,Middle
1942,1540,Vanya Hans,1960-05-25,Female,Middle
1943,1540,Maanas Dhawan,2005-05-06,Male,Lower-Middle
1944,1541,Zarna Karnik,1963-08-07,Female,Upper-Middle
1945,1541,Logan Bajwa,1967-07-03,Male,Middle
1946,1542,Hemang Ramesh,1963-02-20,Male,Lower-Middle
1947,1542,Sara Chaudry,2008-05-14,Female,Lower-Middle
1948,1543,Krishna Balasubramanian,1983-03-16,Male,Lower-Middle
1949,1544,Maya Ramachandran,1991-04-25,Female,Middle
1950,1544,Chandran Buch,1967-10-09,Male,Middle
1951,1545,Jack Thaman,1956-05-07,Male,Upper-Middle
1952,1546,Adweta Palla,1946-06-05,Female,Lower-Middle
1953,1547,Ekaja Wali,1967-07-29,Female,Upper-Middle
1954,1547,William Manne,1991-08-10,Male,Upper-Middle
1955,1548,Hamsini Vora,1963-11-20,Female,Middle
1956,1549,Shivansh Swaminathan,2011-01-26,Male,Lower
1957,1550,Gavin Jhaveri,1974-02-21,Male,Lower
1958,1551,Kevin Kalla,1976-09-25,Male,Lower
1959,1552,Indali Deol,2005-06-25,Female,Upper-Middle
1960,1553,Ubika Grover,1956-05-25,Female,Upper-Middle
1961,1554,Dipta Barman,1947-02-27,Female,Lower-Middle
1962,1555,Sachi Agarwal,2012-03-08,Female,Lower-Middle
1963,1556,Fitan Bir,1980-07-29,Male,Upper
1964,1557,Jeremiah Vig,1997-12-25,Male,Lower
1965,1558,Hemal Kalita,2013-02-20,Other,Lower-Middle
1966,1558,Radha Parikh,2010-05-17,Female,Lower
1967,1559,Dayita Bal,1993-12-31,Female,Middle
1968,1560,Aahana Hayer,1954-06-13,Female,Lower
1969,1561,Janya Balasubramanian,1994-09-18,Female,Lower-Middle
1970,1562,Wazir Kadakia,1977-03-28,Male,Lower
1971,1563,Umang Kari,1959-11-20,Male,Middle
1972,1564,Wazir Hans,1982-12-26,Male,Lower-Middle
1973,1565,Nimrat Varughese,1991-10-17,Female,Lower
1974,1565,Gauri Setty,1996-04-25,Female,Lower-Middle
1975,1566,Falan Sabharwal,2019-08-03,Male,Upper-Middle
1976,1567,Aachal Bhargava,2009-10-13,Female,Lower-Middle
1977,1568,Gabriel Bala,2010-07-15,Male,Upper-Middle
1978,1569,Gaurangi Dara,2016-08-21,Female,Upper-Middle
1979,1570,Oscar Gole,1978-12-03,Male,Upper-Middle
1980,1571,Odika Barad,1963-06-03,Other,Middle
1981,1572,Jagrati Borra,1990-02-26,Female,Middle
1982,1573,Parth Contractor,2008-03-04,Male,Lower-Middle
1983,1573,Udant Balan,1972-06-10,Male,Upper
1984,1574,Indira Atwal,2020-07-01,Female,Middle
1985,1575,Teerth Aggarwal,1984-01-20,Male,Upper
1986,1575,Vidhi Nayar,1947-02-20,Female,Lower-Middle
1987,1576,Meera Dara,1975-08-14,Female,Lower
1988,1577,Arjun Sawhney,2015-05-22,Male,Middle
1989,1578,Yatin Palla,2015-09-20,Male,Lower-Middle
1990,1579,Omaja Oak,2019-03-12,Female,Lower-Middle
1991,1580,Aarnav Nigam,1958-09-25,Male,Lower-Middle
1992,1581,Oviya Bassi,1985-11-29,Female,Lower
1993,1582,Gaurang Kothari,1998-09-23,Male,Lower
1994,1582,Madhav Ramaswamy,1962-12-12,Male,Lower
1995,1583,Gaurav Thaker,2003-12-16,Male,Lower-Middle
1996,1583,Charles Zachariah,1962-07-11,Male,Upper-Middle
1997,1584,Ekalinga Baral,1987-07-08,Male,Lower-Middle
1998,1584,Lopa Naik,1951-10-17,Female,Middle
1999,1585,Sai Dhingra,1959-12-20,Male,Upper-Middle
2000,1586,Sanya Lal,1971-11-08,Female,Lower
2001,1587,Harrison Mangat,1960-01-18,Male,Lower-Middle
2002,1588,Saanvi Sen,1980-06-07,Female,Middle
2003,1588,Timothy Saini,2015-01-18,Male,Middle
2004,1589,Zinal Murty,2006-04-22,Female,Lower-Middle
2005,1589,Baljiwan Chadha,1952-12-19,Male,Middle
2006,1590,Urmi Shankar,1966-02-12,Female,Lower-Middle
2007,1591,Maanav Chand,2014-02-17,Male,Lower-Middle
2008,1592,Kamya Sengupta,2018-10-02,Female,Middle
2009,1593,Hritik Sha,2009-11-14,Male,Lower-Middle
2010,1594,Bina Dutta,1983-06-22,Female,Lower
2011,1595,Christopher Sankar,1981-09-25,Male,Middle
2012,1596,Ethan Kuruvilla,1979-02-17,Male,Lower
2013,1597,Abhimanyu Madan,2005-06-22,Male,Upper
2014,1598,Madhav Baral,2011-03-14,Male,Lower-Middle
2015,1599,Saumya Padmanabhan,1954-10-29,Female,Lower
2016,1600,Rachit Ramesh,1969-10-27,Male,Lower-Middle
2017,1601,Ekaraj Bedi,1975-07-22,Male,Lower
2018,1601,Vrinda Joshi,1992-02-14,Female,Lower
2019,1602,Dhriti Dhaliwal,1995-02-07,Female,Upper-Middle
2020,1603,Wyatt Goyal,1955-05-21,Male,Upper-Middle
2021,1603,Jeet Agrawal,1949-03-11,Male,Upper-Middle
2022,1604,Vasudha Toor,1993-01-09,Female,Middle
2023,1604,Qarin Kaur,1964-11-03,Male,Lower-Middle
2024,1605,Hemangini Oak,1998-05-23,Female,Lower
2025,1605,Aishani Amble,2018-12-25,Female,Upper-Middle
2026,1606,Osha Swaminathan,2018-09-18,Female,Upper-Middle
2027,1607,Tanvi Batra,1973-07-05,Female,Lower
2028,1608,Isha Luthra,1955-06-30,Female,Upper-Middle
2029,1609,Tanmayi Nigam,1971-04-07,Female,Lower-Middle
2030,1610,Yasti Naidu,2004-07-23,Female,Upper-Middle
2031,1611,Tristan Sastry,1949-04-17,Male,Lower-Middle
2032,1612,Anya Sandhu,1951-07-10,Female,Lower-Middle
2033,1613,Zaid Magar,1996-11-21,Male,Lower
2034,1614,Liam Khatri,1979-03-23,Male,Lower
2035,1615,Amol Behl,1983-05-05,Male,Lower-Middle
2036,1616,Widisha More,1984-02-24,Female,Middle
2037,1617,Sara Sarma,1956-10-03,Female,Middle
2038,1618,Jagdish Thakur,2007-12-05,Male,Middle
2039,1619,Girik Buch,1994-03-25,Male,Lower
2040,1619,Vrishti Mitra,1946-05-19,Other,Middle
2041,1620,Lakshmi Prasad,2013-10-20,Female,Upper-Middle
2042,1621,Tanish Dara,2016-10-14,Male,Middle
2043,1621,Mohini Zacharia,2013-07-06,Female,Upper-Middle
2044,1622,Bhavna Mahal,1968-09-19,Female,Upper-Middle
2045,1623,Zehaan Pathak,1977-05-13,Male,Middle
2046,1624,Jeremiah Chopra,2014-01-03,Male,Lower
2047,1624,Harini Sahota,1973-09-27,Female,Lower
2048,1625,Harini Butala,1967-06-15,Female,Lower-Middle
2049,1626,Harsh Kanda,2016-11-14,Male,Upper-Middle
2050,1626,Divya Murthy,1948-10-10,Female,Middle
2051,1627,Vedhika Das,1974-05-03,Female,Upper
2052,1628,Aarini Mann,1982-09-15,Female,Middle
2053,1629,Indali Saini,2007-03-29,Other,Lower-Middle
2054,1630,Bimala Patla,1981-09-22,Female,Middle
2055,1631,Vedika Raghavan,1998-09-11,Female,Upper
2056,1632,Manbir Mutti,2002-05-20,Male,Upper
2057,1632,Brijesh Chaudhary,2000-03-25,Male,Middle
2058,1633,Qasim Sarraf,2000-01-25,Male,Lower-Middle
2059,1634,Umang Ratta,1996-03-23,Male,Lower-Middle
2060,1635,Tarak Rajan,2000-02-04,Male,Middle
2061,1636,Warda Ramesh,1951-11-30,Female,Lower
2062,1637,Edhitha Anand,2013-08-08,Female,Middle
2063,1638,Ekaraj Sarin,1987-11-04,Male,Lower
2064,1639,Oeshi Goyal,1955-02-23,Female,Upper-Middle
2065,1640,Rajata Bhatia,1984-08-31,Female,Middle
2066,1641,Ekalinga Thaker,2011-11-27,Male,Middle
2067,1642,Vinaya Patel,1986-03-29,Female,Upper
2068,1643,Ekavir Ganesan,1946-03-17,Male,Lower-Middle
2069,1643,Brinda Pathak,1951-01-22,Female,Lower
2070,1644,Frederick Yadav,2009-02-24,Male,Lower-Middle
2071,1645,Tarak Majumdar,1950-04-04,Male,Lower
2072,1646,Sachi Srinivas,1964-07-19,Female,Lower-Middle
2073,1647,Sarthak Sankaran,1973-01-18,Male,Lower
2074,1648,Krisha Gaba,1957-06-22,Female,Lower
2075,1648,Jatin Bhakta,1971-12-08,Male,Lower
2076,1649,Girish Khare,1978-06-12,Male,Lower-Middle
2077,1650,Balveer Chopra,1960-10-13,Male,Lower-Middle
2078,1650,Aishani Rattan,1993-08-31,Female,Lower
2079,1651,Yamini Wali,1989-07-19,Female,Upper-Middle
2080,1652,Zaid Nagarajan,1996-02-06,Male,Lower-Middle
2081,1653,Mohini Parekh,1966-06-04,Female,Lower-Middle
2082,1654,Charles Oza,1955-09-20,Male,Upper-Middle
2083,1655,Inaya Sabharwal,2007-10-18,Female,Middle
2084,1656,Oscar Sha,2016-10-02,Male,Lower
2085,1657,Nitara Bora,2007-03-14,Female,Lower-Middle
2086,1658,Zashil Shan,1957-08-24,Male,Lower-Middle
2087,1659,Omya Palla,1999-08-16,Female,Lower
2088,1659,Tarak Kota,1973-03-17,Male,Middle
2089,1660,Urmi Krishna,1954-10-30,Female,Lower
2090,1660,Ekta Narain,1998-03-20,Female,Lower-Middle
2091,1661,Darsh Choudhry,2004-05-09,Male,Lower
2092,1662,Libni Samra,1987-04-03,Female,Upper-Middle
2093,1663,Ucchal Ganguly,1972-03-14,Female,Middle
2094,1663,Meghana Devan,2004-04-11,Female,Lower-Middle
2095,1664,Dalbir Sundaram,2007-10-24,Male,Lower-Middle
2096,1665,Urishilla Srivastava,1952-02-25,Female,Upper-Middle
2097,1666,Aarnav Deep,2012-10-30,Male,Upper-Middle
2098,1667,Ayush Munshi,1962-11-06,Male,Upper
2099,1667,Ijaya Zacharia,2007-05-09,Female,Middle
2100,1668,Chandresh Dave,1962-06-10,Male,Lower-Middle
2101,1669,Baljiwan Barman,1982-10-30,Male,Upper-Middle
2102,1670,Rayaan Garg,1987-01-05,Male,Lower-Middle
2103,1671,Omisha Goswami,1966-01-07,Other,Middle
2104,1671,Champak Raman,1991-05-06,Male,Lower-Middle
2105,1672,Samar Kalla,1977-08-18,Male,Lower-Middle
2106,1673,Patrick Bansal,2016-07-26,Male,Lower-Middle
2107,1674,Maanas Gulati,1963-06-06,Male,Middle
2108,1675,Devansh Naidu,1978-04-12,Male,Lower-Middle
2109,1676,Lakshit Atwal,1977-07-09,Male,Middle
2110,1676,Yug Murthy,1988-03-08,Male,Lower-Middle
2111,1677,Bachittar Mahal,1967-04-06,Male,Lower
2112,1678,Ekta Mandal,2017-07-24,Female,Lower
2113,1679,Ikshita Pal,1952-03-29,Female,Lower-Middle
2114,1680,Logan Pillay,1947-07-04,Male,Lower
2115,1681,Krishna Gour,2015-09-11,Female,Lower-Middle
2116,1682,Viraj Bakshi,1964-07-20,Male,Lower-Middle
2117,1683,Lopa Agrawal,1986-09-04,Female,Middle
2118,1684,Caleb Bajwa,1947-03-04,Male,Middle
2119,1685,Wyatt Char,2021-05-18,Male,Upper
2120,1686,Jacob Narasimhan,1978-05-29,Male,Lower-Middle
2121,1687,Yash Soman,1975-07-24,Male,Lower
2122,1688,Tejas Pant,1992-03-27,Male,Middle
2123,1689,Thomas Rao,1954-05-13,Male,Middle
2124,1690,Devansh Sawhney,1994-02-12,Male,Middle
2125,1691,Umang Nazareth,1989-02-25,Other,Upper-Middle
2126,1692,Damyanti Mani,2009-04-01,Female,Middle
2127,1692,Hemangini Ramachandran,2000-10-30,Female,Upper-Middle
2128,1693,Damyanti Nori,1979-02-28,Female,Middle
2129,1694,Eesha Lata,1969-12-05,Female,Lower-Middle
2130,1695,Atharv Dewan,1954-12-03,Male,Upper-Middle
2131,1696,Bhanumati Chaudhari,1973-10-20,Female,Lower
2132,1697,Indrajit Krish,1952-05-31,Male,Lower
2133,1698,Gaurangi Sodhi,2018-12-22,Female,Lower-Middle
2134,1699,Yashawini Golla,1984-09-25,Female,Lower-Middle
2135,1700,Warjas Gulati,1974-10-29,Male,Lower
2136,1700,Dominic Bassi,1975-08-15,Male,Middle
2137,1701,Daksh Choudhary,1965-09-07,Male,Lower-Middle
2138,1701,Oscar Kibe,1994-11-21,Male,Lower
2139,1702,Vihaan Chahal,1984-09-15,Male,Middle
2140,1703,Chaman Chakraborty,2002-11-22,Female,Middle
2141,1704,Hema Bandi,1998-10-31,Female,Lower
2142,1705,Chaitanya Bath,1946-01-22,Male,Lower-Middle
2143,1705,Ladli Gupta,1999-02-21,Female,Lower
2144,1706,Janaki Ramanathan,1981-11-17,Female,Lower-Middle
2145,1706,Jeremiah Kade,1967-05-12,Male,Lower
2146,1707,Charita Krishnan,1965-08-04,Female,Middle
2147,1708,Aarush Bhalla,2008-08-08,Male,Upper
2148,1708,Gayathri Sathe,1999-09-13,Female,Middle
2149,1709,Eiravati Dugar,2008-05-21,Other,Upper-Middle
2150,1710,Zehaan Sehgal,2019-10-05,Male,Upper
2151,1711,Wridesh Cherian,1953-03-17,Male,Lower
2152,1712,Girindra Zachariah,1996-03-07,Male,Middle
2153,1712,Anusha Atwal,1951-06-21,Female,Lower
2154,1713,Bhanumati Sampath,1974-05-07,Female,Lower
2155,1714,Pavani Varkey,2003-04-05,Female,Lower-Middle
2156,1715,Vansha Narayanan,1984-02-23,Female,Lower
2157,1715,Reva Sachdev,1961-12-12,Female,Upper-Middle
2158,1716,Fitan More,2008-06-26,Male,Lower
2159,1717,Kavya Mann,1982-11-09,Female,Middle
2160,1718,Janaki Kannan,1970-07-21,Female,Upper-Middle
2161,1718,Saanvi Pandya,2001-10-04,Female,Middle
2162,1719,Bachittar Natt,1985-11-30,Male,Upper-Middle
2163,1720,Irya Natarajan,1962-01-06,Female,Middle
2164,1721,Naksh Talwar,1973-04-20,Male,Lower-Middle
2165,1722,Bahadurjit Varma,1995-05-30,Male,Lower
2166,1723,Yahvi Randhawa,1998-02-25,Female,Lower-Middle
2167,1724,Jalsa Rege,1990-01-25,Other,Lower-Middle
2168,1725,Abha Barman,1976-08-28,Female,Middle
2169,1725,Vanya Murty,1966-06-02,Female,Lower-Middle
2170,1726,Siya Magar,2015-09-28,Female,Middle
2171,1726,Ekiya Chakrabarti,1946-09-20,Female,Middle
2172,1727,George Datta,1989-11-29,Male,Middle
2173,1727,Kevin Nigam,1993-08-06,Male,Lower-Middle
2174,1728,Raksha Hora,2007-03-18,Female,Middle
2175,1728,Jyoti Sundaram,1999-07-02,Female,Lower
2176,1729,Arin Mahajan,1955-01-28,Male,Lower-Middle
2177,1730,Ekbal Sanghvi,1987-04-21,Male,Upper-Middle
2178,1730,Ayush Goyal,2009-10-03,Male,Lower-Middle
2179,1731,Balvan Kannan,2011-10-10,Male,Lower
2180,1732,Hemal Dhar,1962-02-13,Female,Middle
2181,1733,Irya Pathak,1965-10-05,Female,Lower-Middle
2182,1733,Girish Dua,1968-02-26,Male,Middle
2183,1734,Anamika Chahal,1987-02-17,Female,Lower-Middle
2184,1734,Ekani Lad,1949-01-06,Female,Lower-Middle
2185,1735,Tarak Narasimhan,1972-07-02,Male,Upper-Middle
2186,1736,Vivaan Yohannan,1974-06-12,Male,Lower-Middle
2187,1737,Zaid Rau,2007-11-09,Male,Lower
2188,1738,Aryan Sarma,2014-05-16,Male,Lower-Middle
2189,1738,Nachiket Mitter,1999-11-15,Male,Lower
2190,1739,Rohan Purohit,1987-07-15,Male,Middle
2191,1740,Upasna Agrawal,1987-08-19,Female,Lower
2192,1741,Samarth Tiwari,1967-02-22,Male,Middle
2193,1742,Adweta Wagle,1990-01-14,Female,Lower
2194,1743,Gautam Natt,2003-09-03,Male,Middle
2195,1744,Waida Gour,1996-11-04,Female,Lower-Middle
2196,1745,Eta Kade,1964-12-18,Female,Lower-Middle
2197,1746,Vanya Dutt,2011-12-06,Female,Upper
2198,1747,Max Sachar,2019-01-26,Male,Lower
2199,1748,Warjas Bhakta,1982-05-07,Male,Middle
2200,1749,Hema Hans,1978-05-01,Female,Middle
2201,1750,Zayan Sani,2002-03-06,Other,Lower-Middle
2202,1751,Damini Batra,1993-08-21,Female,Lower-Middle
2203,1752,Chanchal Raju,1957-05-14,Other,Lower-Middle
2204,1752,Saanvi Varghese,1999-05-31,Female,Lower-Middle
2205,1753,Yashasvi Raju,2016-04-20,Female,Lower
2206,1754,Hamsini Magar,1979-08-22,Female,Lower-Middle
2207,1755,Aditya Korpal,1994-07-24,Male,Lower
2208,1756,Yoshita Sane,1989-08-19,Female,Lower-Middle
2209,1757,Chameli Karpe,1986-04-28,Female,Lower
2210,1758,Champak Zachariah,1976-07-18,Other,Lower-Middle
2211,1758,Chandresh Kota,2019-08-21,Male,Lower
2212,1759,Divya Rana,1971-06-24,Female,Middle
2213,1760,Wahab Salvi,1954-10-22,Male,Middle
2214,1761,Harsh Tak,2012-09-29,Male,Middle
2215,1762,Aadhya Chand,1967-01-02,Female,Upper-Middle
2216,1763,Amrita Bose,1998-01-04,Female,Middle
2217,1764,Chanakya Thaker,1995-06-29,Male,Upper-Middle
2218,1764,Alexander Ahuja,1966-05-26,Male,Lower
2219,1765,Chandran Patla,1966-03-18,Male,Lower-Middle
2220,1766,Balhaar Hayer,1978-07-10,Male,Middle
2221,1767,Ikbal Bhavsar,1985-02-25,Male,Middle
2222,1768,Hema Buch,1968-05-24,Female,Upper-Middle
2223,1768,Aradhana Goswami,1978-10-19,Female,Middle
2224,1769,Tanay Sule,1971-01-10,Male,Lower
2225,1770,Daksh Goswami,1992-11-08,Male,Lower
2226,1771,Jason Chaudhari,2007-08-31,Male,Lower
2227,1772,Odika Rastogi,1947-05-29,Female,Lower
2228,1773,Aarnav Cheema,1956-04-24,Male,Middle
2229,1774,Raghav Oommen,1974-06-19,Male,Lower-Middle
2230,1775,Manan More,2017-08-12,Male,Upper
2231,1776,Lavanya Kamdar,2014-12-27,Female,Middle
2232,1776,Deepa Pradhan,1955-06-08,Female,Lower
2233,1777,Lucky Tailor,1986-12-21,Male,Lower-Middle
2234,1777,Devika Comar,2008-11-06,Female,Lower
2235,1778,Upkaar Apte,1963-09-09,Male,Upper-Middle
2236,1778,Ekta Walia,1970-11-25,Female,Lower-Middle
2237,1779,Lakshmi Bera,1951-11-16,Female,Lower-Middle
2238,1780,Yoshita Andra,2019-10-02,Female,Upper
2239,1781,Megha Comar,1969-11-10,Female,Upper
2240,1782,Fiyaz Chowdhury,1997-04-24,Male,Lower-Middle
2241,1782,Advik Prasad,1974-10-03,Male,Lower
2242,1783,Kevin Borra,2019-11-24,Male,Lower-Middle
2243,1784,Ekaraj Palla,1970-12-21,Male,Lower
2244,1785,Rehaan Dyal,1994-08-29,Male,Middle
2245,1786,Ansh Gade,1957-07-19,Male,Lower
2246,1787,Dayita Chaudhary,2004-12-18,Female,Lower
2247,1788,Prisha Mannan,1968-01-29,Female,Lower-Middle
2248,1789,Geetika Raju,2012-10-13,Female,Upper-Middle
2249,1790,Chandresh Chacko,2000-02-05,Male,Lower
2250,1790,Zayyan Choudhry,1960-11-27,Male,Upper-Middle
2251,1791,Vivaan Yadav,2001-07-13,Male,Middle
2252,1792,Aarush Gola,1989-01-25,Male,Lower-Middle
2253,1793,Osha Gulati,2014-07-26,Female,Middle
2254,1793,Kabir Gara,2004-05-16,Male,Middle
2255,1794,Jackson Babu,1968-10-04,Male,Middle
2256,1795,Anusha Mistry,1956-12-03,Female,Lower-Middle
2257,1795,Omkaar Joshi,1948-09-08,Male,Upper-Middle
2258,1796,Abeer Patel,1972-05-26,Male,Middle
2259,1797,Yutika Mand,1955-08-23,Female,Middle
2260,1797,Onveer Bala,2006-06-03,Male,Lower
2261,1798,Odika Agate,2017-05-06,Female,Lower
2262,1799,Zashil Nagarajan,1967-10-31,Male,Lower
2263,1800,Samuel Suri,2006-04-25,Male,Middle
2264,1801,Jackson Taneja,2014-02-27,Male,Middle
2265,1802,Tejas Seth,2012-07-07,Male,Middle
2266,1803,Aarush Karan,1948-10-04,Male,Lower
2267,1803,Ronith Mahajan,1985-07-25,Male,Middle
2268,1804,Pallavi Uppal,1977-02-24,Female,Lower-Middle
2269,1804,Omisha Amble,1956-12-30,Female,Upper-Middle
2270,1805,Gautami Sathe,1968-04-06,Female,Lower
2271,1806,Vaishnavi Kibe,1964-04-03,Female,Middle
2272,1806,Agastya Dalal,2020-01-01,Male,Middle
2273,1807,Dhruv Apte,1994-09-01,Male,Lower
2274,1808,Chakradev Dugar,1954-02-20,Male,Middle
2275,1809,Lakshmi Bala,2003-09-04,Female,Middle
2276,1809,Sanaya Walla,1949-10-04,Female,Lower-Middle
2277,1810,Anmol Patla,1949-07-18,Male,Middle
2278,1811,Nidra Barman,2000-02-22,Female,Lower
2279,1812,Azad Bhatti,2009-05-17,Male,Lower-Middle
2280,1812,Wazir Brahmbhatt,1957-08-11,Male,Upper-Middle
2281,1813,Aryan Ramaswamy,1982-06-28,Male,Lower
2282,1814,Urvi Sarin,2014-12-22,Female,Lower
2283,1815,Gunbir Chakraborty,1967-10-17,Male,Upper-Middle
2284,1816,Ayaan Sem,1948-12-20,Male,Lower
2285,1817,Neha Buch,1979-01-29,Female,Lower-Middle
2286,1817,Azaan Dash,1959-02-13,Male,Lower-Middle
2287,1818,Oviya Ray,2013-07-25,Female,Lower-Middle
2288,1819,Vincent Sarna,2002-03-02,Male,Upper
2289,1820,Omkaar Dayal,1982-01-03,Male,Lower
2290,1820,Akshay Char,2011-05-26,Male,Middle
2291,1821,Ganga Chandra,2006-10-05,Female,Lower-Middle
2292,1822,Michael Narula,1955-10-04,Male,Upper-Middle
2293,1823,Viraj Baria,1963-01-31,Male,Upper-Middle
2294,1824,Ishanvi Agrawal,1979-10-11,Female,Lower-Middle
2295,1825,Jyoti Mody,2007-01-25,Female,Upper
2296,1825,Thomas Sharma,1964-01-16,Male,Lower-Middle
2297,1826,Girish Dixit,1953-08-10,Male,Lower-Middle
2298,1827,Gavin Wali,1981-12-24,Male,Lower
2299,1828,Jacob Patel,2013-11-11,Male,Lower-Middle
2300,1828,Harita Shanker,1968-11-11,Female,Middle
2301,1829,Hritik Nori,2009-11-08,Male,Middle
2302,1829,Gautami Kumer,1949-08-14,Female,Middle
2303,1830,Yashasvi Rattan,2003-03-14,Female,Lower-Middle
2304,1831,Mitesh Rajagopalan,1984-06-26,Male,Lower-Middle
2305,1832,Lila Deshmukh,2007-06-13,Female,Lower
2306,1832,Jackson Nagar,1999-01-04,Male,Lower-Middle
2307,1833,Ekaja Khatri,1956-01-28,Female,Middle
2308,1833,Utkarsh Ravel,1968-02-17,Male,Middle
2309,1834,Warjas Kothari,1990-12-03,Male,Lower-Middle
2310,1835,Jacob Muni,1945-12-09,Male,Middle
2311,1836,Gaurangi Bhalla,1959-09-27,Female,Upper
2312,1837,Unnati Hayer,1978-12-29,Female,Upper-Middle
2313,1838,Ayushman Dada,1981-03-02,Male,Lower-Middle
2314,1839,Chakradhar Prasad,1999-10-02,Male,Lower
2315,1840,Aadhya Oza,1969-08-19,Other,Middle
2316,1841,Hitesh Rattan,1968-11-07,Male,Lower-Middle
2317,1841,Hemani Kalla,1972-01-26,Female,Lower
2318,1842,Victor Balay,1984-02-04,Male,Upper-Middle
2319,1843,Kiaan Patla,1994-12-13,Male,Upper-Middle
2320,1844,Michael Jani,1982-05-28,Male,Lower-Middle
2321,1844,Ethan Chad,1956-01-31,Male,Lower-Middle
2322,1845,Vivaan Nori,1981-08-15,Male,Middle
2323,1846,Manan Natarajan,2010-08-07,Male,Lower-Middle
2324,1847,Geetika Buch,2020-12-18,Female,Upper
2325,1848,Hemal Mital,1997-01-21,Female,Lower
2326,1849,Yashawini Choudhary,1995-07-01,Female,Upper-Middle
2327,1850,Faris Choudhry,1962-04-12,Male,Lower-Middle
2328,1850,Madhavi Swaminathan,1969-03-02,Female,Middle
2329,1851,Sara Mani,1969-10-07,Female,Lower-Middle
2330,1852,Harini Kulkarni,2005-07-18,Female,Lower-Middle
2331,1853,Ojasvi Kala,2017-06-09,Female,Upper-Middle
2332,1854,Kavya Dani,1994-07-20,Other,Upper-Middle
2333,1855,Aarav Bhat,2008-10-13,Male,Lower
2334,1855,Dipta Lal,1995-09-13,Female,Middle
2335,1856,Imaran Mall,2010-11-17,Male,Middle
2336,1857,Kamya Bava,1991-10-03,Female,Lower
2337,1858,Frederick Lad,1989-09-02,Male,Upper
2338,1859,Balvan Bal,2014-01-06,Male,Lower
2339,1860,Ekiya Krishnamurthy,2000-08-02,Female,Upper
2340,1861,Jagdish Sridhar,2018-05-11,Male,Middle
2341,1861,Hamsini Morar,1973-07-07,Female,Middle
2342,1862,Bimala Luthra,2002-02-13,Female,Lower-Middle
2343,1863,Unnati Salvi,1998-07-07,Female,Middle
2344,1864,Amara Purohit,2001-10-10,Female,Upper
2345,1865,Vansha More,1959-06-24,Female,Lower
2346,1865,Bhavika Venkataraman,2012-05-15,Female,Lower-Middle
2347,1866,Reyansh Nigam,1946-10-03,Male,Lower
2348,1867,Faras Lata,2005-02-11,Other,Lower
2349,1868,Pushti Andra,1959-06-21,Female,Middle
2350,1869,Gayathri Nagar,1945-11-02,Female,Lower-Middle
2351,1870,Girish Bumb,2002-01-22,Male,Upper-Middle
2352,1871,Aadi Kumar,1952-09-15,Male,Upper-Middle
2353,1872,Wridesh Gandhi,2021-06-20,Male,Lower
2354,1873,Ishaan Deol,1960-11-21,Male,Middle
2355,1873,Bhanumati Raman,1956-06-01,Female,Upper
2356,1874,Manbir Dhaliwal,1996-02-26,Male,Upper
2357,1875,Vedhika Rana,1997-05-09,Female,Upper-Middle
2358,1876,Yashawini Lal,1967-11-05,Female,Lower-Middle
2359,1877,Azaan Bir,1984-06-13,Male,Lower-Middle
2360,1878,Liam Madan,1964-02-07,Male,Upper
2361,1878,Rohan Atwal,2010-04-11,Male,Middle
2362,1879,Yash Gara,1979-02-10,Male,Lower-Middle
2363,1880,Bhavna Pandya,1995-08-26,Female,Middle
2364,1881,Naveen Mahajan,2007-09-23,Male,Upper-Middle
2365,1882,Wahab Sarkar,1974-07-28,Male,Middle
2366,1883,Zayan Garde,1976-10-14,Male,Lower-Middle
2367,1884,Onkar Murthy,2013-06-09,Male,Upper-Middle
2368,1885,Vrinda Warrior,1973-12-23,Female,Upper-Middle
2369,1885,Tristan Saraf,1947-09-11,Male,Lower
2370,1886,Nachiket Chaudhry,1951-01-11,Male,Lower
2371,1887,Janani Mahajan,2018-06-01,Female,Middle
2372,1888,Nathan Agrawal,1983-09-29,Male,Lower-Middle
2373,1888,Ayaan Khalsa,1991-12-12,Male,Lower
2374,1889,Amara Deol,2017-10-08,Female,Upper-Middle
2375,1890,Samarth Rajagopal,2003-06-14,Male,Lower
2376,1890,Shaurya Kakar,1994-02-25,Male,Upper-Middle
2377,1891,Vinaya Ramaswamy,1947-11-11,Female,Lower-Middle
2378,1892,Nihal Bumb,1968-11-11,Male,Upper-Middle
2379,1893,Ayush Chakrabarti,2013-08-22,Male,Upper-Middle
2380,1893,Dhruv Ramachandran,1968-01-07,Male,Lower-Middle
2381,1894,Ranveer Mukhopadhyay,1984-06-02,Male,Lower
2382,1895,Zansi Bajaj,1963-04-26,Female,Upper-Middle
2383,1895,Pooja Memon,1953-10-27,Female,Upper-Middle
2384,1896,Jackson Nagy,2000-09-10,Male,Middle
2385,1897,Jai Nayar,1966-12-20,Male,Lower-Middle
2386,1898,Jason Singhal,2007-03-18,Male,Upper-Middle
2387,1899,Anjali Sekhon,2002-05-03,Female,Lower-Middle
2388,1899,Neel Shanker,1975-12-15,Male,Lower
2389,1900,Lajita Pandit,1966-08-04,Female,Upper-Middle
2390,1900,Baljiwan Garde,1968-09-29,Male,Lower
2391,1901,Mohini Saini,2007-11-12,Female,Lower
2392,1902,Benjamin Swamy,1989-09-18,Male,Middle
2393,1902,Gaurangi Srinivasan,1969-05-17,Female,Middle
2394,1903,Priya Narang,1967-08-07,Other,Lower
2395,1903,Sneha Taneja,1980-03-18,Female,Lower
2396,1904,Ekavir Bhasin,1976-01-12,Male,Lower
2397,1905,Krish Barad,2005-02-06,Male,Middle
2398,1906,Ayushman Lala,1957-09-27,Male,Lower
2399,1906,Benjamin Dave,1984-01-13,Male,Lower-Middle
2400,1907,Triya Nagarajan,2009-06-22,Female,Middle
2401,1908,Janya Oak,1954-12-14,Female,Lower-Middle
2402,1909,Warda Prashad,1979-03-30,Female,Lower
2403,1910,Faris Mane,2002-04-27,Male,Upper-Middle
2404,1910,Nimrat De,2004-08-27,Female,Middle
2405,1911,Alka Madan,1953-08-22,Female,Lower-Middle
2406,1912,Ekta Bains,1999-09-08,Female,Lower-Middle
2407,1913,Harsh Lall,2001-01-04,Male,Lower-Middle
2408,1913,Bakhshi Vyas,2013-05-03,Male,Lower
2409,1914,Ijaya Sen,1965-02-14,Female,Lower
2410,1915,Sai Palla,1971-03-16,Female,Upper-Middle
2411,1916,Yashica Barman,1984-07-29,Female,Middle
2412,1917,Bhavini Srivastava,1957-02-08,Female,Middle
2413,1918,Chanakya Korpal,1973-01-26,Other,Upper
2414,1918,Azaan Thaman,1996-05-24,Male,Upper
2415,1919,Megha Chadha,2017-07-20,Female,Upper-Middle
2416,1920,Kritika Saini,2004-01-16,Female,Upper-Middle
2417,1920,Hemangini Babu,1972-08-25,Female,Lower
2418,1921,Janya Sinha,2020-11-03,Female,Middle
2419,1921,Gauri Bhavsar,1949-10-23,Female,Lower
2420,1922,Sarthak Sunder,2001-10-09,Male,Lower-Middle
2421,1923,Vasudha Sheth,2007-06-14,Female,Lower
2422,1924,Turvi Oommen,2007-08-13,Female,Middle
2423,1925,Nachiket Parikh,1992-12-23,Male,Middle
2424,1926,Noah Bhardwaj,1973-11-06,Male,Lower-Middle
2425,1927,Zayyan Choudhry,1990-07-24,Male,Lower
2426,1928,Isha Parmar,1960-08-24,Female,Middle
2427,1929,Arya Dey,1997-07-02,Female,Lower-Middle
2428,1930,Nakul Prabhu,1973-06-29,Male,Middle
2429,1931,Arya Yogi,1963-12-13,Female,Upper-Middle
2430,1931,Jeet Gulati,1956-09-23,Male,Middle
2431,1932,Qabil Boase,1987-11-28,Male,Lower
2432,1933,Om Balakrishnan,2008-10-02,Male,Lower-Middle
2433,1934,Ekbal Puri,1979-08-13,Male,Middle
2434,1934,Upma Devi,2003-01-18,Female,Middle
2435,1935,Reyansh Sarraf,1983-11-03,Male,Lower
2436,1936,Nathaniel Dasgupta,1985-12-13,Male,Upper-Middle
2437,1937,Zehaan Sood,2005-01-03,Male,Lower
2438,1938,Chatresh Salvi,1984-05-30,Male,Lower-Middle
2439,1939,Joshua Deshpande,2007-03-18,Male,Lower-Middle
2440,1939,Jeet Bhagat,1969-04-02,Male,Middle
2441,1940,Avni Sarkar,1990-01-24,Female,Middle
2442,1941,Hamsini Pai,1968-05-12,Female,Middle
2443,1941,Farhan Karnik,1994-09-12,Male,Lower-Middle
2444,1942,Utkarsh Shere,1960-09-24,Male,Middle
2445,1943,Rachit Golla,2018-08-16,Male,Upper-Middle
2446,1944,Zilmil Chad,1986-05-21,Female,Middle
2447,1945,Chakrika Rajagopalan,1990-12-19,Female,Lower
2448,1945,Manya Murthy,1999-02-07,Female,Lower-Middle
2449,1946,Manthan Sankaran,1979-10-03,Male,Lower-Middle
2450,1947,Eshana Khanna,1946-05-04,Female,Lower
2451,1947,Aarna Bora,1995-12-12,Other,Lower-Middle
2452,1948,Max Dugal,2017-03-02,Male,Lower-Middle
2453,1949,Yachana Yohannan,1995-04-12,Female,Lower
2454,1950,Lakshmi Tak,1946-10-22,Female,Upper-Middle
2455,1951,Yashasvi Singhal,2011-12-17,Female,Upper-Middle
2456,1951,Aradhana Dash,1986-07-15,Female,Upper-Middle
2457,1952,Upkaar Bassi,1976-08-20,Male,Lower
2458,1953,Wishi Dhar,1992-04-25,Female,Middle
2459,1954,Devansh Thakur,1949-04-29,Male,Lower
2460,1955,Mohammed Bose,2008-05-02,Male,Lower
2461,1956,Anamika Tandon,1978-05-18,Female,Middle
2462,1957,Siddharth Basak,1979-04-25,Male,Middle
2463,1958,Samuel Chaudhari,1975-09-09,Male,Lower-Middle
2464,1959,Abeer Sura,1962-11-21,Male,Lower-Middle
2465,1960,Reyansh Loyal,1993-03-06,Male,Lower
2466,1961,Ojasvi Goel,2011-12-04,Female,Lower
2467,1961,Mitali Gola,2013-12-21,Female,Middle
2468,1962,Edhitha Ratta,2012-03-17,Female,Upper-Middle
2469,1963,Chakradev Pant,1952-08-23,Male,Lower-Middle
2470,1964,Shivani Verma,2014-09-08,Female,Upper-Middle
2471,1965,Prisha Parmer,2009-03-30,Female,Upper-Middle
2472,1966,Nicholas Patla,2002-02-19,Male,Upper-Middle
2473,1966,Banjeet Sama,2001-12-17,Male,Upper-Middle
2474,1967,Anthony Khatri,2002-10-11,Male,Middle
2475,1968,Sara Krishna,2000-12-21,Female,Lower-Middle
2476,1969,Panini Prabhakar,1988-03-19,Female,Lower
2477,1970,Triveni Dada,1955-04-20,Female,Lower-Middle
2478,1971,Sarthak Natt,2002-01-22,Other,Lower
2479,1972,Girik Deep,1981-01-11,Male,Middle
2480,1972,Baljiwan Vaidya,1965-10-04,Male,Lower-Middle
2481,1973,Rudra Raval,1954-09-15,Male,Lower-Middle
2482,1974,Banjeet Dhillon,2004-01-05,Male,Middle
2483,1975,Nimrat Rama,2011-09-10,Female,Lower-Middle
2484,1975,Vasatika Tripathi,2001-02-10,Other,Lower
2485,1976,Chaman Sandal,1976-02-01,Female,Lower-Middle
2486,1977,Oscar Edwin,2012-11-09,Male,Lower-Middle
2487,1978,Kalpit Jayaraman,1998-06-08,Male,Middle
2488,1979,Hemangini Palan,1956-03-25,Female,Upper-Middle
2489,1980,Jeremiah Deol,1977-07-11,Male,Middle
2490,1981,Dipta Desai,2011-03-24,Female,Lower-Middle
2491,1982,Samaksh Anne,1960-08-02,Male,Middle
2492,1982,Robert Jani,1960-03-22,Male,Lower-Middle
2493,1983,Zayan Sandal,1978-09-15,Male,Lower
2494,1984,Abhiram Viswanathan,1994-11-30,Male,Lower
2495,1985,Isaiah Rama,1946-02-20,Male,Lower-Middle
2496,1986,Falan Ghose,1971-10-03,Male,Lower-Middle
2497,1987,Triveni Gulati,1992-12-08,Female,Middle
2498,1987,Wahab Jhaveri,1993-07-20,Male,Lower-Middle
2499,1988,Vasana Prakash,1998-10-31,Female,Lower-Middle
2500,1989,Fiyaz Verma,1987-08-23,Male,Upper-Middle
2501,1990,Aachal Misra,1946-09-05,Female,Lower-Middle
2502,1991,Ikbal Dutta,2009-05-02,Male,Lower
2503,1992,Aditya Kamdar,1962-11-19,Male,Lower-Middle
2504,1993,Gagan Saxena,1986-12-29,Male,Lower
2505,1994,Ishanvi Nair,1962-11-12,Female,Lower-Middle
2506,1995,Onkar Sachdev,1956-07-16,Male,Lower-Middle
2507,1996,Yasti Dora,1947-04-15,Female,Lower
2508,1996,Aarav Sanghvi,1990-05-20,Male,Lower-Middle
2509,1997,Ekiya Bhavsar,1991-02-09,Female,Lower-Middle
2510,1998,Azad Chauhan,1958-04-25,Male,Middle
2511,1999,Zayan Brar,2009-01-16,Male,Lower-Middle
2512,1999,Amruta Kadakia,1998-10-16,Female,Lower-Middle
2513,2000,Reyansh Ramaswamy,1976-08-21,Male,Lower
2514,2001,Nidra Srinivasan,1969-05-18,Female,Middle
2515,2002,Krishna Dutt,2001-11-25,Female,Middle
2516,2003,Logan Nayar,1946-12-02,Male,Middle
2517,2004,Irya Swamy,1952-03-28,Female,Middle
2518,2004,Maya Balasubramanian,1976-02-23,Female,Upper-Middle
2519,2005,Pranit Kamdar,1992-06-29,Male,Lower-Middle
2520,2006,Chatura Iyer,1966-09-03,Male,Lower-Middle
2521,2006,Onveer Date,2006-07-15,Male,Upper-Middle
2522,2007,Sarthak Seth,1958-11-22,Male,Upper-Middle
2523,2007,Arjun Krish,1952-12-14,Male,Lower-Middle
2524,2008,Saksham Thaker,2007-06-06,Male,Lower-Middle
2525,2009,Vasatika Bhavsar,1962-08-28,Female,Upper-Middle
2526,2010,Nitesh Doshi,1984-03-11,Male,Lower
2527,2011,Balendra Tella,1993-12-03,Male,Middle
2528,2012,Zayyan Khanna,2014-08-18,Male,Upper-Middle
2529,2013,Aahana Borah,1990-03-06,Female,Lower
2530,2014,Manya Sibal,2005-08-26,Female,Middle
2531,2014,Triveni Loyal,1957-09-06,Female,Middle
2532,2015,Sudiksha Chad,2001-02-03,Female,Lower-Middle
2533,2016,Thomas Sachdev,1992-09-04,Male,Lower
2534,2017,Yashoda Ganesan,1963-10-04,Female,Middle
2535,2018,Chatura Narang,1982-02-17,Male,Middle
2536,2019,Dominic Mody,1981-05-27,Male,Lower-Middle
2537,2019,Girish Kunda,1989-01-24,Male,Upper-Middle
2538,2020,Wriddhish Rout,1999-04-22,Male,Lower-Middle
2539,2021,Jagat Wason,2004-12-31,Male,Upper-Middle
2540,2022,Onkar Babu,1950-02-27,Male,Middle
2541,2023,Raksha Pal,2000-01-05,Female,Upper-Middle
2542,2024,Yasti Guha,1964-10-24,Female,Middle
2543,2025,Qabil Guha,1997-09-30,Male,Lower-Middle
2544,2026,Dalbir Mane,1957-05-15,Male,Lower-Middle
2545,2027,Veda Balasubramanian,2002-01-10,Female,Middle
2546,2028,Chatresh Narang,1976-10-20,Male,Lower
2547,2029,Anika Wali,2012-08-05,Female,Middle
2548,2030,Urvashi Deshpande,1945-08-19,Female,Upper-Middle
2549,2030,Amrita Kapoor,1974-10-02,Female,Lower
2550,2031,Bhavna Dugar,1947-02-02,Female,Upper
2551,2032,Rudra Sood,2003-11-14,Male,Upper-Middle
2552,2032,Timothy Gade,1947-11-29,Male,Middle
2553,2033,Vamakshi Kapoor,1985-09-19,Female,Lower
2554,2034,Yashasvi Kapur,1996-08-14,Female,Lower-Middle
2555,2034,Shivansh Subramanian,1945-08-31,Male,Lower
2556,2035,Daksha Agate,1992-10-30,Female,Lower-Middle
2557,2035,Nicholas Swaminathan,1984-08-05,Male,Middle
2558,2036,Samar Suresh,2010-08-20,Male,Lower
2559,2037,Nitara Lad,1998-10-06,Female,Lower-Middle
2560,2038,Harrison Kohli,1955-11-12,Male,Upper
2561,2039,Ladli Ahluwalia,1992-01-16,Female,Lower
2562,2039,Unnati Walia,2012-12-04,Female,Lower-Middle
2563,2040,Arya Pandya,2015-12-19,Female,Lower-Middle
2564,2041,David Bhardwaj,1967-06-04,Male,Lower-Middle
2565,2042,Hitesh Chandra,1964-02-16,Male,Lower-Middle
2566,2043,Udyati Saini,1962-12-04,Female,Middle
2567,2044,Laban Tandon,2014-09-23,Male,Lower-Middle
2568,2045,Amol Narang,2015-09-20,Male,Middle
2569,2046,Niharika Atwal,1957-11-13,Female,Lower-Middle
2570,2047,Reyansh Das,1988-06-21,Male,Middle
2571,2048,Abha Baria,1949-01-06,Female,Upper-Middle
2572,2048,Ayaan Banerjee,2006-11-18,Male,Middle
2573,2049,Yochana Toor,1989-02-12,Female,Lower-Middle
2574,2050,Shivani Sastry,1977-01-30,Female,Middle
2575,2051,Yadavi Mandal,1978-09-29,Female,Lower-Middle
2576,2052,Jack Bali,2020-12-30,Male,Lower
2577,2052,Damini Kade,1960-02-21,Female,Lower
2578,2053,Saanvi Tank,1954-09-30,Female,Middle
2579,2054,Ekbal Chopra,1972-11-28,Male,Lower-Middle
2580,2055,Pushti Memon,1962-08-31,Female,Middle
2581,2056,Harita Parmer,1954-10-04,Female,Upper-Middle
2582,2057,Chameli Barman,1972-04-03,Female,Lower-Middle
2583,2058,Mason Atwal,1985-07-10,Male,Upper
2584,2058,Megha Bhatnagar,1970-03-25,Female,Lower
2585,2059,Vanya Bansal,1976-08-08,Female,Lower-Middle
2586,2060,Jatin Sem,2002-07-11,Male,Middle
2587,2061,Saumya Sani,1950-06-22,Female,Middle
2588,2062,Fitan Viswanathan,1989-02-10,Male,Lower-Middle
2589,2062,Isha Mukherjee,1947-10-22,Female,Lower-Middle
2590,2063,Vrinda Kamdar,2018-03-07,Female,Middle
2591,2064,Bhavini Mannan,1971-12-30,Other,Lower-Middle
2592,2065,Zarna Chaudhry,2015-01-07,Female,Middle
2593,2066,Tanvi Khare,1967-06-17,Female,Lower
2594,2067,Udarsh Anand,1970-01-30,Male,Upper-Middle
2595,2068,Rayaan Kibe,2014-12-02,Male,Upper
2596,2069,Aarnav Sodhi,1962-03-12,Male,Lower-Middle
2597,2070,Nilima Buch,2020-07-07,Female,Lower-Middle
2598,2071,Dhriti Kapadia,1975-12-03,Female,Lower-Middle
2599,2072,Balvan Singhal,2014-11-10,Male,Lower
2600,2073,Ayaan Om,2005-02-08,Male,Lower
2601,2074,Samaksh Sethi,2012-09-02,Male,Lower
2602,2075,Ekansh Deshmukh,1950-01-28,Male,Upper-Middle
2603,2076,Bhanumati Dugal,2017-10-04,Female,Lower
2604,2077,Odika Sarma,1982-04-04,Female,Lower-Middle
2605,2077,Rachita Thakur,1970-10-23,Female,Upper-Middle
2606,2078,Abeer Kadakia,2002-05-18,Male,Lower
2607,2078,Ranbir Sarma,2012-01-23,Male,Middle
2608,2079,Dayamai Gara,1981-10-11,Female,Lower-Middle
2609,2079,Harita Radhakrishnan,1989-07-31,Female,Middle
2610,2080,Viraj Bhatt,1971-04-22,Male,Upper-Middle
2611,2080,Megha Sachdeva,2010-05-28,Female,Lower
2612,2081,Qabil Chandran,1987-08-13,Male,Lower-Middle
2613,2082,Jyoti Sethi,1994-01-15,Female,Lower
2614,2082,Peter Sawhney,1986-06-05,Male,Lower
2615,2083,Elijah Naidu,1964-07-09,Male,Lower
2616,2084,Arjun Chowdhury,2016-05-23,Male,Middle
2617,2085,Charles Chauhan,1960-10-22,Male,Upper-Middle
2618,2086,Upma Soni,1979-07-07,Female,Middle
2619,2087,Pooja Borde,1989-01-20,Female,Middle
2620,2088,Tanish Mangat,2002-10-05,Male,Lower-Middle
2621,2089,Andrew Pillay,1953-09-27,Male,Lower
2622,2090,Zinal Andra,2019-08-28,Female,Middle
2623,2091,Zayyan Kadakia,1954-10-01,Male,Middle
2624,2091,Leela Saraf,1989-07-30,Female,Upper-Middle
2625,2092,Gaurang Sundaram,1989-02-03,Male,Lower
2626,2093,Ati Kothari,1986-04-04,Female,Lower-Middle
2627,2094,Raghav Jain,1978-05-05,Male,Lower
2628,2095,Forum Konda,1986-06-15,Female,Middle
2629,2096,Ekantika Mallick,1989-03-24,Female,Middle
2630,2097,Avi Nori,1956-01-13,Male,Lower
2631,2098,Om Singhal,2017-09-24,Male,Upper-Middle
2632,2099,Tamanna Handa,2018-05-28,Female,Middle
2633,2099,Harrison Ganesan,1982-03-12,Male,Middle
2634,2100,Vincent Chakrabarti,1996-12-01,Male,Lower
2635,2101,Robert Dyal,2015-02-12,Male,Lower-Middle
2636,2102,Vedhika Krishna,2011-01-20,Female,Lower-Middle
2637,2103,Pranit Kale,2009-06-02,Other,Upper
2638,2103,Henry Padmanabhan,1983-07-10,Male,Middle
2639,2104,Tristan Goyal,2001-10-09,Male,Middle
2640,2105,Girindra Das,1966-08-19,Male,Lower
2641,2106,Meera Chana,1969-06-13,Female,Lower-Middle
2642,2107,Ekaraj Uppal,1945-09-01,Male,Upper-Middle
2643,2108,Hiral Pall,1978-04-15,Female,Upper-Middle
2644,2109,Charvi Thaker,1994-08-09,Female,Lower-Middle
2645,2110,Panini Pillai,1983-05-26,Female,Upper
2646,2111,Gayathri Nadkarni,2018-11-11,Female,Middle
2647,2112,Chaman Lal,1946-01-09,Female,Lower-Middle
2648,2112,Jack Palan,2000-04-17,Male,Lower-Middle
2649,2113,Akshay Jain,1967-02-09,Male,Middle
2650,2114,Tanveer Soman,1971-07-02,Male,Middle
2651,2115,Max Andra,1987-07-03,Male,Lower
2652,2115,Sachi Parsa,2005-10-31,Female,Middle
2653,2116,Unni Thakur,2004-12-19,Female,Upper
2654,2117,Charita Hayer,1965-08-24,Female,Upper-Middle
2655,2118,Darpan Vohra,2002-05-27,Other,Upper-Middle
2656,2119,Samar Yadav,1988-03-26,Male,Middle
2657,2119,Madhav Kade,1986-02-06,Male,Lower-Middle
2658,2120,Reyansh Bedi,2016-10-30,Male,Lower-Middle
2659,2121,Jagrati Bahri,1968-09-02,Female,Lower-Middle
2660,2122,Theodore Goel,2016-05-25,Male,Upper-Middle
2661,2123,Siya Sibal,1974-08-03,Female,Upper-Middle
2662,2123,Jagrati Brahmbhatt,1999-07-08,Female,Lower-Middle
2663,2124,Jairaj Babu,2020-12-12,Male,Upper-Middle
2664,2125,Sara Barman,1959-07-28,Female,Lower
2665,2126,Gaurangi Ramesh,1966-04-04,Female,Lower
2666,2127,Kamya Johal,2000-09-07,Female,Middle
2667,2128,Arya Varma,1984-03-08,Female,Lower
2668,2128,Megha Buch,1957-10-29,Female,Lower
2669,2129,Jagdish Kumar,1975-10-29,Male,Lower-Middle
2670,2129,Ishwar Chandran,1953-11-05,Male,Lower-Middle
2671,2130,Sara Sabharwal,1977-07-02,Female,Lower-Middle
2672,2130,Tanveer Gola,1965-02-02,Male,Middle
2673,2131,Radhika Nadkarni,1987-03-09,Female,Lower-Middle
2674,2132,Maanav Agate,2018-02-18,Male,Middle
2675,2132,Vasana Radhakrishnan,1966-04-05,Female,Upper-Middle
2676,2133,Patrick Borra,1959-09-14,Male,Middle
2677,2133,Nachiket Vyas,2003-08-25,Male,Middle
2678,2134,Andrew Raja,2001-12-16,Male,Lower-Middle
2679,2135,Bhanumati Goswami,1998-07-17,Female,Middle
2680,2136,Manbir Sahota,1947-12-06,Male,Upper-Middle
2681,2136,Timothy Lala,1991-03-13,Male,Upper-Middle
2682,2137,Chatresh Raghavan,1963-10-15,Male,Lower
2683,2138,Liam Bora,1948-10-15,Male,Lower-Middle
2684,2139,Saumya Swamy,2019-10-21,Female,Lower
2685,2139,Odika Singhal,1975-08-05,Female,Lower-Middle
2686,2140,Bishakha Sani,1993-01-20,Female,Middle
2687,2141,Hema Mahal,1966-05-05,Female,Upper-Middle
2688,2142,Gunbir Pal,1981-09-30,Male,Middle
2689,2143,Advika Sharma,1955-12-01,Female,Lower-Middle
2690,2144,Abhimanyu Shetty,1968-11-18,Male,Upper
2691,2145,Advik Ganguly,1978-09-23,Male,Lower
2692,2146,Oscar Balasubramanian,2003-06-20,Male,Lower-Middle
2693,2147,Tristan Chandra,1979-11-29,Male,Lower-Middle
2694,2148,Jackson Kapadia,1972-08-24,Male,Lower-Middle
2695,2148,Zaid Buch,1980-03-15,Male,Upper-Middle
2696,2149,Nathan Parikh,1980-04-21,Male,Lower-Middle
2697,2150,Frederick Gandhi,1985-05-16,Male,Lower-Middle
2698,2151,Farhan Ahluwalia,1970-01-08,Male,Lower-Middle
2699,2152,Rachana Golla,1952-01-04,Female,Lower
2700,2153,Ekaraj Choudhry,2005-06-26,Male,Lower
2701,2154,Aarav Dara,1967-01-11,Male,Middle
2702,2155,Upasna Ganesan,1991-01-06,Female,Lower
2703,2156,Omisha Bhandari,2010-06-27,Female,Upper-Middle
2704,2157,Ekansh Mallick,1954-02-27,Male,Lower
2705,2158,Neelima Khare,1952-11-28,Female,Middle
2706,2159,Hamsini Pau,1951-10-10,Female,Upper-Middle
2707,2160,Yagnesh Krishna,1999-08-17,Male,Lower
2708,2161,Kashvi Karpe,2014-05-18,Female,Lower
2709,2162,Neelima Batta,1977-02-08,Female,Upper
2710,2163,Shravya Pant,1980-07-01,Female,Lower-Middle
2711,2164,Kiaan Dubey,1994-01-13,Male,Lower-Middle
2712,2165,Girish Kar,1949-02-11,Male,Middle
2713,2166,Joshua Char,1984-08-29,Male,Middle
2714,2166,Krisha Dave,1951-11-27,Female,Lower
2715,2167,Advaith Natarajan,1953-04-28,Male,Lower-Middle
2716,2167,Yug Cherian,1991-01-27,Male,Middle
2717,2168,Nisha Dalal,2021-05-10,Female,Lower-Middle
2718,2169,Hitesh Shukla,2011-12-25,Male,Lower-Middle
2719,2169,Damini Bhargava,1952-08-11,Female,Upper
2720,2170,Jonathan Mani,1980-07-14,Male,Lower-Middle
2721,2171,Jack Chhabra,1955-04-19,Male,Lower
2722,2172,Diya Sundaram,1979-10-03,Female,Middle
2723,2173,Alexander Iyer,1980-05-27,Male,Lower-Middle
2724,2174,Ronith Wable,2014-02-23,Male,Lower-Middle
2725,2174,Zilmil Randhawa,1990-05-22,Female,Lower
2726,2175,Hemang Srinivas,1985-07-08,Male,Middle
2727,2175,Saanvi Ravel,1996-11-06,Female,Middle
2728,2176,Timothy Deshmukh,1975-05-11,Male,Lower
2729,2176,Saanvi Bhardwaj,1985-04-20,Female,Lower
2730,2177,Adya Chawla,1965-09-04,Other,Lower-Middle
2731,2178,Damyanti Agarwal,1971-10-19,Female,Middle
2732,2179,Henry Thaker,1966-06-22,Male,Lower
2733,2180,Dominic Walla,1983-12-03,Male,Lower
2734,2181,Niharika Kalita,1979-02-28,Female,Lower
2735,2182,Dalbir Ratti,1948-01-06,Male,Lower
2736,2183,Siya Narasimhan,2011-04-17,Female,Lower-Middle
2737,2184,Ridhi Deo,2004-02-19,Female,Middle
2738,2185,Maanav Behl,1975-01-27,Male,Lower-Middle
2739,2186,Unni Hegde,2000-01-11,Female,Lower-Middle
2740,2187,Bakhshi Sharaf,1988-06-02,Male,Lower-Middle
2741,2187,Kalpit Bhavsar,1979-05-10,Male,Middle
2742,2188,Jairaj Sura,1997-12-31,Male,Middle
2743,2189,Gaurangi Varma,1976-11-04,Female,Lower
2744,2189,Aashi Kadakia,1994-03-31,Female,Middle
2745,2190,Rajeshri Deshmukh,1999-08-02,Female,Lower
2746,2191,Oscar Guha,1970-02-23,Male,Upper-Middle
2747,2192,Jagat Mannan,1949-08-24,Male,Lower
2748,2193,Chaman Kumar,2012-01-25,Female,Lower
2749,2193,Vedant Narasimhan,1982-08-07,Male,Lower
2750,2194,Harrison Sengupta,2008-07-30,Male,Middle
2751,2195,Manya Baral,2002-04-16,Female,Lower
2752,2196,Bahadurjit Mukherjee,1995-02-27,Male,Middle
2753,2197,Pahal Srinivas,2006-11-17,Female,Lower-Middle
2754,2198,Reyansh Chandra,1949-10-18,Male,Lower
2755,2198,Jeremiah Bail,1992-03-26,Male,Lower
2756,2199,Harshil Ratti,2019-03-23,Male,Upper-Middle
2757,2200,Ati Venkataraman,1948-04-13,Female,Lower
2758,2201,Christopher Taneja,1988-03-28,Male,Lower-Middle
2759,2202,Liam Kala,1949-11-06,Male,Middle
2760,2203,Faris Chawla,2013-12-22,Male,Lower-Middle
2761,2204,Utkarsh Bir,2003-04-16,Male,Upper-Middle
2762,2205,Sara Nagarajan,2014-06-11,Female,Middle
2763,2205,Gautam Kata,2001-05-12,Male,Middle
2764,2206,Mitesh Boase,1961-09-10,Male,Lower-Middle
2765,2207,Kevin Yogi,1990-09-11,Male,Lower-Middle
2766,2208,Ubika Sengupta,1960-07-22,Female,Upper-Middle
2767,2208,Reyansh Narang,2010-06-18,Male,Upper-Middle
2768,2209,Bahadurjit Dhawan,1961-07-20,Male,Lower
2769,2209,Yatan Walla,2014-10-18,Male,Upper-Middle
2770,2210,Gayathri Kuruvilla,1954-03-30,Female,Upper-Middle
2771,2211,Agastya Wagle,1985-04-21,Male,Upper-Middle
2772,2211,Priya Natt,1995-08-10,Female,Upper-Middle
2773,2212,Vidhi Karan,1953-12-07,Female,Lower-Middle
2774,2213,Hredhaan Shah,2002-03-13,Male,Middle
2775,2213,David Wagle,1989-03-16,Male,Middle
2776,2214,Netra Tak,1948-07-02,Other,Lower-Middle
2777,2215,David Saran,1980-04-20,Male,Lower-Middle
2778,2216,Charvi Madan,1987-02-07,Female,Lower
2779,2217,Aahana Bhargava,1982-07-08,Female,Lower
2780,2218,Tristan Pingle,2001-05-17,Male,Upper-Middle
2781,2219,Falan Khare,1962-04-13,Male,Upper
2782,2220,Udyati Muni,1951-01-10,Female,Middle
2783,2221,Xavier Dutt,2001-06-28,Male,Upper-Middle
2784,2222,Hema Thakur,1990-06-22,Female,Lower-Middle
2785,2222,Ganga Setty,1973-08-03,Female,Upper-Middle
2786,2223,Kai Sunder,1965-11-03,Male,Upper
2787,2224,Dakshesh Srinivasan,1972-01-23,Male,Lower
2788,2224,Samar Nagy,1983-01-30,Male,Lower-Middle
2789,2225,Qadim Trivedi,2008-05-03,Male,Upper-Middle
2790,2225,Wyatt Bhavsar,1953-09-05,Male,Upper-Middle
2791,2226,Girindra Dhar,1993-10-18,Male,Middle
2792,2227,Tanveer Tandon,2008-02-01,Male,Lower-Middle
2793,2227,Neel Hayer,2000-02-25,Male,Upper-Middle
2794,2228,Hredhaan Soman,1984-12-06,Other,Lower-Middle
2795,2229,Advaith Kurian,1953-11-15,Male,Middle
2796,2230,Parth Purohit,1953-07-19,Male,Lower
2797,2231,Manan Dara,1972-11-20,Male,Lower
2798,2232,Nilima Ranganathan,2012-10-17,Other,Lower-Middle
2799,2233,Patrick Divan,2010-11-26,Male,Lower
2800,2234,Urvashi Choudhry,1966-09-25,Female,Lower
2801,2235,Vivaan Chauhan,2005-04-17,Male,Middle
2802,2236,Jalsa Nanda,1946-10-18,Female,Middle
2803,2236,Neelima Gokhale,2007-12-10,Female,Middle
2804,2237,Amaira Menon,1974-03-16,Female,Middle
2805,2237,Widisha Ray,2008-05-23,Female,Lower-Middle
2806,2238,Ekanta Ganesh,2005-03-15,Female,Lower
2807,2239,Eshana Pall,1988-01-01,Female,Middle
2808,2240,Bimala Randhawa,1977-02-16,Female,Lower
2809,2240,Odika Uppal,1987-08-03,Female,Lower
2810,2241,Madhavi Subramanian,1962-09-12,Female,Lower
2811,2242,Shaurya Bhagat,1984-01-08,Male,Lower
2812,2243,Vinaya Vala,1966-12-25,Female,Lower-Middle
2813,2244,Ishani Sarin,1948-06-14,Female,Lower-Middle
2814,2245,Darika Nagarajan,1993-04-18,Female,Lower-Middle
2815,2246,George Ramaswamy,1954-05-03,Male,Upper
2816,2247,Lavanya Balan,2009-09-03,Female,Middle
2817,2248,Chakradhar Deshmukh,1966-08-05,Male,Lower
2818,2248,Tarak Rajagopalan,2005-04-16,Male,Upper-Middle
2819,2249,Tanmayi Naidu,1984-07-11,Female,Lower
2820,2250,Nicholas Kaur,1969-11-12,Male,Middle
2821,2251,Gaurangi Comar,2001-08-04,Female,Lower-Middle
2822,2252,Janya Natt,1975-12-23,Female,Lower
2823,2252,Yamini Saraf,1955-07-05,Female,Upper
2824,2253,Abha Pau,2020-12-08,Female,Middle
2825,2254,Jagdish Venkataraman,1949-11-22,Male,Upper-Middle
2826,2255,Varsha Kapur,1970-12-16,Female,Middle
2827,2256,Isaac Radhakrishnan,2005-11-27,Male,Lower
2828,2257,Manbir Parikh,1990-10-03,Male,Lower
2829,2258,Ekalinga Rege,1960-07-14,Male,Upper-Middle
2830,2258,Dipta Balan,2005-06-25,Female,Middle
2831,2259,Priya Pau,2013-04-11,Female,Lower
2832,2260,Rajata Dugar,1996-05-13,Female,Lower-Middle
2833,2261,Sudiksha Wali,2012-08-04,Female,Middle
2834,2262,Mohini Chanda,1962-10-12,Female,Lower
2835,2263,Onveer Saraf,1969-02-15,Male,Lower-Middle
2836,2264,Rushil Dora,1999-11-11,Male,Lower-Middle
2837,2265,Naksh Sankar,1948-12-06,Male,Lower-Middle
2838,2265,Rehaan Grover,1991-02-03,Male,Lower-Middle
2839,2266,Azad Pau,1957-06-06,Male,Middle
2840,2267,Udant Patil,1955-10-26,Male,Middle
2841,2268,Wazir Verma,1979-08-16,Male,Lower
2842,2269,Ikbal Bhavsar,1969-01-12,Male,Lower-Middle
2843,2270,Ira Loke,1979-09-21,Female,Middle
2844,2271,Zilmil Bahri,1954-07-15,Female,Lower-Middle
2845,2272,Siddharth Dutta,1960-10-11,Male,Lower-Middle
2846,2273,Krish Saha,1957-09-03,Male,Lower-Middle
2847,2274,Lakshit Puri,1956-01-03,Male,Lower-Middle
2848,2275,Falguni Sankar,1991-03-08,Female,Lower-Middle
2849,2276,Faqid Dhaliwal,1962-11-21,Male,Lower
2850,2276,Umang Baral,2014-12-15,Male,Lower-Middle
2851,2277,Aarav Chhabra,1982-04-02,Male,Lower
2852,2278,Geetika Savant,1955-05-18,Female,Upper-Middle
2853,2279,Anthony Krishnamurthy,1979-01-19,Male,Middle
2854,2279,Nidhi Dar,1964-01-05,Female,Middle
2855,2280,Yasti Choudhary,2011-11-21,Female,Lower-Middle
2856,2281,Aayush Atwal,2016-06-20,Male,Lower-Middle
2857,2282,Neel Varma,2019-04-13,Male,Lower
2858,2283,Omya Trivedi,1951-03-23,Female,Upper-Middle
2859,2284,Lipika Babu,1971-09-30,Female,Middle
2860,2285,Lohit Bakshi,1991-10-19,Male,Lower-Middle
2861,2285,Dayita Bava,1991-09-08,Female,Lower
2862,2286,Janya Om,2016-01-24,Female,Middle
2863,2287,Anirudh Gour,1959-12-01,Male,Middle
2864,2288,Bakhshi Chatterjee,2001-06-18,Male,Upper
2865,2289,Nidra Sahota,1948-07-14,Female,Lower-Middle
2866,2289,Baljiwan Dyal,1985-02-01,Male,Lower-Middle
2867,2290,Vanya Sami,1980-09-08,Female,Lower-Middle
2868,2291,Yashawini Contractor,1965-10-26,Female,Lower-Middle
2869,2292,Zaitra Gupta,1999-07-04,Female,Middle
2870,2293,Ati Shankar,1981-12-09,Female,Upper
2871,2293,Oeshi Borde,1968-12-19,Female,Lower-Middle
2872,2294,Aahana Dixit,1945-08-08,Female,Upper-Middle
2873,2295,Jasmit Brar,1980-11-18,Female,Lower
2874,2296,Qasim Sahni,1993-09-16,Male,Lower-Middle
2875,2297,Darpan Saini,1998-09-18,Male,Lower
2876,2298,Yatan Vala,1958-09-04,Male,Upper
2877,2298,Advay Mangal,1992-07-16,Male,Lower-Middle
2878,2299,Nidra Keer,2013-10-06,Female,Lower-Middle
2879,2300,Mohini Chaudhry,1999-09-11,Female,Lower-Middle
2880,2301,Qushi Baral,2017-06-12,Female,Lower
2881,2302,Eshana Naidu,1971-05-26,Female,Middle
2882,2302,Eesha Kara,1948-08-29,Female,Middle
2883,2303,Ethan Madan,2020-09-28,Male,Lower-Middle
2884,2304,Sanya Kumar,1958-05-02,Female,Middle
2885,2305,Triveni Chaudhary,1975-02-23,Female,Upper-Middle
2886,2305,Pratyush Suri,1979-09-26,Male,Lower-Middle
2887,2306,Rushil Dani,2014-02-16,Male,Lower
2888,2307,Neel Thaman,1972-10-06,Male,Lower-Middle
2889,2307,Nachiket Bansal,2016-01-17,Male,Lower-Middle
2890,2308,Raksha Madan,1983-07-17,Female,Middle
2891,2309,Warjas Varma,2017-09-21,Male,Upper-Middle
2892,2310,David Gera,1947-08-08,Male,Lower
2893,2310,Rehaan Pradhan,1997-05-17,Male,Middle
2894,2311,Gaurav Prabhakar,2001-12-27,Male,Middle
2895,2312,Veer Sarin,1967-10-02,Male,Upper-Middle
2896,2313,Kashvi Sachdeva,2018-11-16,Female,Upper
2897,2314,Chakrika Ghosh,2009-07-03,Female,Middle
2898,2315,Kala Kumar,1962-03-30,Female,Lower
2899,2316,Orinder Nori,2009-07-17,Male,Lower-Middle
2900,2316,Faris Desai,2015-06-25,Male,Upper-Middle
2901,2317,Chaitanya Sha,2013-03-12,Male,Middle
2902,2317,Amara Salvi,1963-03-22,Female,Middle
2903,2318,Radhika Badami,1963-09-16,Female,Middle
2904,2319,Mekhala Loke,2007-06-09,Female,Upper
2905,2320,Rajata Kala,1983-04-25,Female,Lower-Middle
2906,2321,Megha Koshy,1955-07-02,Female,Lower-Middle
2907,2322,Janani Grewal,1977-12-21,Female,Lower
2908,2323,Tanveer Sane,2009-04-27,Male,Middle
2909,2324,Simon Sami,2011-09-23,Male,Upper-Middle
2910,2325,Wahab Subramaniam,1964-01-04,Male,Lower-Middle
2911,2326,Chasmum Buch,1953-11-28,Female,Middle
2912,2327,Aachal Karpe,2014-11-07,Female,Upper-Middle
2913,2327,Jatin Sidhu,2021-06-14,Male,Upper-Middle
2914,2328,Shravya Badami,1957-02-04,Female,Lower
2915,2329,Wahab Soni,1992-08-06,Male,Lower
2916,2330,Girindra Mandal,1964-12-04,Male,Middle
2917,2330,Nicholas Kakar,1976-04-16,Male,Middle
2918,2331,Ekalinga Lalla,1962-12-23,Male,Upper
2919,2331,Xiti Sood,2006-12-01,Female,Lower
2920,2332,Vasatika Shan,1979-11-13,Female,Lower
2921,2333,Udant Nori,1952-01-21,Male,Lower-Middle
2922,2334,Chatresh Verma,2017-01-22,Male,Lower-Middle
2923,2335,Idika Chander,1959-02-13,Female,Lower-Middle
2924,2336,Zansi More,2004-04-29,Female,Lower
2925,2336,Jhalak Radhakrishnan,1971-05-05,Female,Lower
2926,2337,Siya Warrior,2012-02-11,Female,Upper-Middle
2927,2338,Gaurang Babu,1984-05-16,Male,Lower-Middle
2928,2339,Noah Koshy,1995-09-09,Male,Lower
2929,2339,Udant Soman,1953-02-25,Male,Middle
2930,2340,Jason Goel,2017-02-25,Male,Upper-Middle
2931,2340,Jai De,1952-12-17,Male,Lower
2932,2341,Nathan Mukherjee,2000-12-20,Male,Middle
2933,2342,Shaurya Som,1984-12-23,Male,Upper-Middle
2934,2343,Vamakshi Sethi,2017-01-12,Female,Middle
2935,2344,Teerth Kale,2001-12-01,Male,Lower
2936,2344,Isaiah Nanda,1985-01-30,Male,Middle
2937,2345,Ekanta Bhattacharyya,1961-02-26,Female,Lower
2938,2346,Theodore Ghose,1976-10-16,Male,Middle
2939,2347,Ati Chahal,1983-10-01,Female,Lower
2940,2348,Hredhaan Talwar,2011-11-15,Male,Lower-Middle
2941,2349,Ekantika Rattan,1972-04-22,Female,Lower
2942,2350,Patrick Master,2012-09-11,Male,Middle
2943,2351,Chaman Srinivas,2020-12-05,Female,Lower-Middle
2944,2351,Ekansh Bahri,1951-07-10,Male,Lower
2945,2352,Advay Balan,1958-10-17,Male,Lower-Middle
2946,2353,Gaurav Thaman,2001-01-13,Male,Middle
2947,2354,Ayush Rana,1970-05-02,Male,Lower-Middle
2948,2355,Brijesh Nagy,2012-01-05,Male,Lower
2949,2356,Onkar Chokshi,1980-01-07,Male,Upper
2950,2357,Rushil Saxena,1958-11-23,Male,Upper-Middle
2951,2358,Yasti Anand,1945-09-30,Other,Middle
2952,2358,Patrick Varma,2011-05-17,Male,Middle
2953,2359,Madhavi Dugar,1969-04-14,Female,Upper-Middle
2954,2360,Manan Ramesh,2003-03-07,Male,Middle
2955,2361,Devansh Mishra,2015-10-20,Male,Upper
2956,2362,Anya Pai,1961-03-08,Female,Upper-Middle
2957,2362,Diya Shetty,1966-09-02,Female,Middle
2958,2363,Bhavika Gole,1975-02-02,Female,Lower-Middle
2959,2364,Harshil Keer,1990-02-11,Male,Lower
2960,2364,Upma Sheth,1996-04-26,Female,Lower-Middle
2961,2365,Warhi Tank,2006-01-01,Female,Lower-Middle
2962,2365,Ladli De,1998-05-05,Female,Middle
2963,2366,Zinal Subramaniam,1989-06-14,Female,Upper
2964,2367,Ishanvi Boase,1946-10-09,Female,Lower
2965,2368,Urvashi Chanda,1980-06-24,Female,Lower-Middle
2966,2369,Vrinda Sood,1955-09-29,Female,Lower
2967,2370,Yashodhara Balan,2001-09-26,Female,Lower
2968,2371,Andrew Srivastava,1981-06-29,Male,Lower
2969,2371,Ronith Sachar,2013-04-01,Male,Lower
2970,2372,Vritti Doshi,1957-10-19,Female,Upper-Middle
2971,2373,Dipta Garde,1984-12-24,Female,Upper-Middle
2972,2374,Raksha Ramakrishnan,2003-02-18,Female,Upper
2973,2374,Aryan Kamdar,1966-06-12,Male,Lower
2974,2375,Indira Ram,1996-02-16,Female,Middle
2975,2376,Pratyush Nanda,2017-12-10,Male,Lower-Middle
2976,2376,Sachi Suri,1973-09-10,Female,Lower-Middle
2977,2377,Aashi Som,1958-04-11,Female,Middle
2978,2378,Yahvi Goda,2016-08-29,Female,Lower-Middle
2979,2379,Manthan Shenoy,1998-01-26,Male,Lower-Middle
2980,2380,Sarthak Bora,1970-07-01,Male,Lower
2981,2380,Chaitanya Lad,1973-05-20,Male,Lower
2982,2381,Kashish Chhabra,1999-04-11,Female,Middle
2983,2382,Thomas Nath,1999-03-22,Male,Lower
2984,2383,Lakshmi Kapoor,1950-09-28,Female,Middle
2985,2384,Azad Nayar,1999-01-21,Male,Lower-Middle
2986,2384,Janani Babu,1953-12-05,Female,Lower
2987,2385,Harish Ramakrishnan,1965-04-13,Male,Lower
2988,2385,Avni Parmer,1956-01-17,Female,Upper-Middle
2989,2386,Kai Bhalla,2006-02-22,Male,Lower-Middle
2990,2387,Baghyawati Mital,2013-10-12,Female,Lower
2991,2387,Chakradev Jayaraman,1995-01-25,Male,Lower
2992,2388,Wazir Koshy,2002-02-06,Male,Lower
2993,2389,Fariq Subramanian,1967-09-30,Male,Lower-Middle
2994,2389,Rohan Sastry,2008-04-02,Male,Upper
2995,2390,Bhavani Natt,1994-08-09,Female,Lower-Middle
2996,2391,Andrew Som,1957-09-02,Male,Lower-Middle
2997,2392,Rehaan Char,1989-11-09,Male,Lower-Middle
2998,2393,Hemani Sridhar,1946-10-28,Female,Lower-Middle
2999,2393,Eesha Kota,1975-01-20,Female,Lower
3000,2394,Hitesh Dave,1998-10-06,Male,Lower-Middle
3001,2395,Warinder Lala,2002-10-16,Male,Middle
3002,2396,Farhan Bhatt,1979-07-10,Male,Middle
3003,2396,Maanas Borra,1994-06-29,Male,Middle
3004,2397,Wridesh Chacko,1963-12-19,Male,Lower
3005,2398,Amaira Gera,1996-06-29,Other,Lower
3006,2399,Patrick Sachdev,1957-02-06,Male,Lower-Middle
3007,2400,Tejas Patla,1991-04-07,Male,Lower
3008,2400,Faras Kannan,1995-09-14,Male,Middle
3009,2401,Dhruv Naidu,2021-04-04,Male,Lower-Middle
3010,2402,Amara Sarkar,1972-01-26,Female,Upper
3011,2403,Forum Divan,2019-12-22,Female,Upper
3012,2403,Jasmit Keer,1994-02-05,Female,Upper
3013,2404,Theodore Vyas,2013-04-17,Male,Upper-Middle
3014,2404,Rachit Hari,1993-04-09,Male,Lower-Middle
3015,2405,Netra Sundaram,1966-11-09,Female,Upper-Middle
3016,2406,Mohammed Tara,1981-10-01,Male,Lower-Middle
3017,2407,Manya Parsa,1989-03-20,Female,Lower
3018,2408,Vasana Dora,2016-04-18,Female,Upper-Middle
3019,2409,Dalaja Anne,1962-04-06,Female,Middle
3020,2410,Arya Vora,2019-11-22,Female,Middle
3021,2410,Wriddhish Mutti,2000-05-26,Male,Lower
3022,2411,Pushti Bal,1991-08-05,Female,Upper-Middle
3023,2412,Abeer Nagarajan,2017-08-21,Male,Upper-Middle
3024,2413,Chatura Agarwal,2021-03-19,Male,Upper-Middle
3025,2413,Yagnesh Swamy,1980-12-02,Male,Lower
3026,2414,Zaid Saran,1956-05-03,Male,Lower
3027,2415,Sanya Wali,2020-02-15,Other,Lower-Middle
3028,2415,Riya Hari,1997-10-23,Female,Upper-Middle
3029,2416,Rishi Narayanan,1978-07-03,Male,Lower-Middle
3030,2417,Jackson Mital,2005-12-28,Male,Middle
3031,2418,Lakshit Rege,1976-09-07,Male,Upper
3032,2419,Wriddhish Divan,1966-10-18,Male,Lower
3033,2420,Frederick Thakkar,1961-02-10,Male,Middle
3034,2421,Orinder Acharya,1970-03-19,Male,Lower
3035,2421,Xavier Mannan,1973-09-02,Male,Lower-Middle
3036,2422,Jason Mani,1988-03-01,Male,Upper-Middle
3037,2423,Ojasvi Gala,1961-03-24,Female,Middle
3038,2424,Aayush Nagarajan,1946-01-25,Male,Lower
3039,2425,Warjas De,2002-04-01,Male,Lower
3040,2426,Waida Sane,1967-11-01,Female,Middle
3041,2427,Krishna Pant,2011-10-16,Male,Lower-Middle
3042,2428,Jacob Rout,1996-12-07,Male,Middle
3043,2429,Nathan Contractor,2021-04-18,Male,Lower
3044,2430,Theodore Misra,2011-07-03,Male,Upper-Middle
3045,2431,Robert Sarin,1995-03-11,Male,Upper-Middle
3046,2432,Thomas Wadhwa,2017-04-12,Male,Lower
3047,2433,Zaitra Seshadri,1986-04-16,Female,Lower-Middle
3048,2434,Radhika Sethi,1961-05-21,Female,Lower-Middle
3049,2435,Daksh Wason,1979-12-28,Male,Lower-Middle
3050,2436,Libni Ramakrishnan,1954-04-26,Female,Lower
3051,2436,Jairaj Nagarajan,1970-03-08,Male,Lower
3052,2437,Wakeeta Krishna,2010-07-09,Female,Middle
3053,2438,Warhi Mall,1977-10-16,Female,Upper
3054,2439,Farhan Buch,1964-10-22,Male,Lower-Middle
3055,2440,Yashica Mahal,2015-08-28,Female,Lower-Middle
3056,2441,Tristan Pingle,1997-09-23,Male,Middle
3057,2442,Chaitaly Venkataraman,2009-05-17,Female,Upper-Middle
3058,2443,Rachit Tailor,2018-09-27,Male,Lower
3059,2444,Dev Grover,1951-01-17,Male,Middle
3060,2445,Bhanumati Naik,1947-03-18,Female,Lower-Middle
3061,2445,Luke Panchal,1960-12-15,Male,Lower
3062,2446,Ishwar Raghavan,1989-05-15,Male,Middle
3063,2446,Lucky Bali,1989-06-06,Male,Upper-Middle
3064,2447,Isaac Malhotra,1986-10-06,Male,Middle
3065,2447,Mohini Rege,1962-08-22,Female,Lower-Middle
3066,2448,Charan Desai,1971-03-08,Male,Lower-Middle
3067,2449,Krishna Bhakta,2000-11-06,Female,Upper
3068,2450,Jagat Jain,1996-02-23,Male,Lower
3069,2451,Qarin Sodhi,1988-03-28,Male,Middle
3070,2452,Rudra Dugar,2014-02-05,Male,Lower
3071,2453,Dipta Raval,1945-07-19,Female,Lower
3072,2453,Wishi Nanda,2009-08-06,Female,Lower
3073,2454,Wazir Gupta,2008-10-30,Male,Lower
3074,2454,Krishna Batta,2009-05-07,Female,Middle
3075,2455,Imaran Varma,1979-03-10,Male,Upper-Middle
3076,2456,Reyansh Sabharwal,1949-03-29,Male,Middle
3077,2457,Zaid Thakur,1989-11-21,Male,Upper
3078,2457,Abdul Bhakta,1985-04-28,Male,Lower-Middle
3079,2458,Rajata Batra,2005-12-02,Female,Middle
3080,2459,Ryan Dugar,1949-03-28,Male,Middle
3081,2460,Adweta Sathe,1977-01-07,Female,Middle
3082,2460,Ethan Ravel,1993-12-11,Male,Lower-Middle
3083,2461,Udarsh Varughese,1967-02-01,Male,Upper-Middle
3084,2462,Mohini Raju,1977-11-15,Female,Lower
3085,2463,Gaurangi Modi,1956-03-16,Other,Lower-Middle
3086,2463,Unnati Tata,1962-01-05,Female,Middle
3087,2464,Vasudha Sathe,1989-01-06,Female,Lower-Middle
3088,2464,Vaishnavi Gala,1983-05-14,Female,Lower-Middle
3089,2465,Chakradev Sharma,1950-03-16,Male,Lower
3090,2465,Aarini Talwar,1990-05-11,Female,Lower-Middle
3091,2466,Harish Agate,1995-02-25,Male,Middle
3092,2467,Rohan Nigam,2010-06-26,Male,Lower-Middle
3093,2467,Urmi Vig,1975-01-22,Female,Middle
3094,2468,Anika Setty,1948-10-21,Female,Middle
3095,2468,Benjamin Gupta,1951-09-20,Male,Middle
3096,2469,Sarthak Sen,1970-04-05,Male,Lower-Middle
3097,2470,Eesha Warrior,1960-01-24,Female,Lower
3098,2471,Sara Kibe,2020-10-08,Female,Upper-Middle
3099,2472,Amrita Goswami,2011-05-05,Female,Lower-Middle
3100,2473,Isaac Sengupta,2021-04-22,Male,Middle
3101,2473,Daksh Mani,1968-10-05,Male,Middle
3102,2474,Chaman Kapoor,2009-12-05,Female,Lower-Middle
3103,2475,Wakeeta Khurana,1945-11-17,Female,Lower-Middle
3104,2476,Inaya Banik,2017-07-22,Female,Lower
3105,2477,Tanveer Bandi,2001-01-23,Other,Middle
3106,2478,Yamini Jayaraman,2003-05-21,Female,Lower
3107,2479,Siddharth Savant,1967-07-27,Male,Upper-Middle
3108,2480,Rudra Sandal,1991-04-06,Male,Middle
3109,2481,Aradhana Rastogi,2010-02-26,Female,Lower-Middle
3110,2481,Ria Palla,1993-12-13,Female,Middle
3111,2482,Jairaj Narain,1985-02-01,Male,Lower
3112,2483,Aarav Nagar,2005-09-05,Male,Upper
3113,2484,Eiravati Pandya,1947-02-28,Female,Lower-Middle
3114,2485,Anusha Gola,1990-03-16,Female,Middle
3115,2486,Agastya Zachariah,1989-02-09,Male,Lower-Middle
3116,2486,Udarsh Dora,1974-04-14,Male,Upper-Middle
3117,2487,Xavier Thakur,1985-04-09,Male,Middle
3118,2487,Warinder Dixit,1951-11-10,Male,Upper-Middle
3119,2488,Faraj Mani,1961-01-26,Male,Lower
3120,2489,Luke Chada,1995-11-15,Male,Middle
3121,2490,Vivaan Mitter,1978-11-02,Male,Lower-Middle
3122,2491,Tanmayi Raghavan,1947-05-30,Female,Lower-Middle
3123,2492,Upadhriti Contractor,1957-03-28,Female,Lower-Middle
3124,2493,Qadim Raja,2004-12-21,Male,Upper-Middle
3125,2494,Jack Mane,1947-10-20,Male,Middle
3126,2494,Thomas Parekh,1951-08-31,Male,Middle
3127,2495,Anvi Muni,1991-03-24,Female,Middle
3128,2496,Anika Devi,1963-03-31,Female,Lower-Middle
3129,2496,Advay Ravi,1950-08-04,Male,Middle
3130,2497,Nilima Morar,1978-06-21,Female,Lower
3131,2498,Tejas Pall,2014-06-06,Male,Lower-Middle
3132,2499,Isaiah Ramesh,1974-04-11,Male,Middle
3133,2500,Tamanna Master,2011-11-06,Female,Middle
3134,2501,Fitan Modi,1994-11-30,Male,Lower-Middle
3135,2502,Chanakya Sundaram,1950-10-04,Male,Upper-Middle
3136,2503,Jacob Palla,1954-05-01,Male,Lower-Middle
3137,2503,Qarin Lad,1982-07-29,Other,Middle
3138,2504,Sai Kota,1950-04-30,Male,Lower-Middle
3139,2504,Anay Lad,1994-02-12,Male,Lower
3140,2505,Aditya Mahajan,2020-05-29,Male,Middle
3141,2506,Yug Gandhi,1988-07-26,Male,Lower
3142,2507,Matthew Anne,1996-10-09,Male,Lower
3143,2508,Urvashi Behl,2013-11-07,Female,Middle
3144,2508,Henry Borah,2013-04-15,Male,Lower-Middle
3145,2509,Yamini D’Alia,1999-09-14,Female,Lower-Middle
3146,2510,Dalaja Kapoor,1947-12-17,Female,Lower-Middle
3147,2511,Manan Raghavan,1960-04-24,Male,Upper-Middle
3148,2511,Chasmum Patla,1952-12-21,Female,Lower-Middle
3149,2512,Rayaan Krishnan,1989-11-02,Male,Upper
3150,2513,Samarth Rajan,1966-06-03,Male,Upper-Middle
3151,2513,Theodore Kata,1960-09-26,Male,Middle
3152,2514,Owen Kanda,2002-12-06,Male,Middle
3153,2514,Eesha Sastry,2000-04-22,Female,Lower
3154,2515,Siya Gera,1967-07-23,Female,Upper-Middle
3155,2515,Yahvi More,2011-12-28,Female,Upper
3156,2516,Rajata Barad,2021-02-13,Female,Middle
3157,2517,Zayyan Seth,1961-10-30,Male,Lower-Middle
3158,2517,Vincent Kannan,1957-09-21,Other,Middle
3159,2518,Yachana Chandra,2003-04-14,Female,Middle
3160,2519,Liam Gera,1997-08-12,Male,Middle
3161,2520,Kevin Krishnan,2006-06-25,Male,Middle
3162,2521,Sathvik Natarajan,1950-07-22,Male,Lower-Middle
3163,2522,Lekha Cheema,1995-11-21,Female,Lower-Middle
3164,2523,Tanveer Lal,1984-03-06,Male,Lower-Middle
3165,2523,Zashil Dhar,2001-11-22,Male,Lower-Middle
3166,2524,Qarin Kurian,1957-04-13,Male,Lower-Middle
3167,2525,Januja Sheth,2021-06-09,Female,Middle
3168,2525,Lakshmi Toor,2011-07-23,Female,Upper-Middle
3169,2526,Ekansh Bail,1971-04-22,Male,Lower
3170,2527,Tristan Koshy,1998-11-29,Male,Lower
3171,2527,Gayathri Muni,1969-03-01,Female,Upper-Middle
3172,2528,Turvi Agate,2011-08-29,Female,Lower
3173,2528,Dipta Mukhopadhyay,2004-12-13,Female,Lower
3174,2529,Krishna Aggarwal,1968-09-20,Male,Upper-Middle
3175,2530,David Gupta,1993-06-26,Male,Lower-Middle
3176,2530,Lohit Dubey,1989-11-04,Male,Upper-Middle
3177,2531,Onkar Rajan,1957-04-13,Male,Lower
3178,2532,Eshana Sani,1966-04-13,Female,Lower
3179,2533,Hemang Walla,1980-05-09,Male,Upper-Middle
3180,2534,Pranit Padmanabhan,1955-05-22,Male,Lower-Middle
3181,2535,Patrick Mahajan,1963-07-28,Male,Lower-Middle
3182,2535,Ekta Srivastava,1991-09-17,Female,Middle
3183,2536,Qarin Ratti,2019-03-10,Male,Middle
3184,2537,Yashodhara Mahal,2017-01-25,Female,Middle
3185,2538,Abha Sarna,1966-10-25,Female,Lower
3186,2539,Balendra Dora,1998-10-16,Male,Lower-Middle
3187,2540,Harshil Mohanty,1949-12-22,Male,Lower-Middle
3188,2541,Hitesh Suresh,2017-08-07,Male,Lower-Middle
3189,2542,Kritika Doshi,2000-11-20,Female,Middle
3190,2543,Fariq Seth,1979-03-20,Male,Lower-Middle
3191,2543,Faras Rout,1962-08-07,Male,Lower
3192,2544,Vansha Sanghvi,2005-04-12,Female,Lower
3193,2544,Urishilla Nayak,2014-06-26,Female,Middle
3194,2545,Madhav Rajan,2018-09-05,Male,Lower-Middle
3195,2546,Vasudha Menon,1966-02-03,Female,Lower-Middle
3196,2547,Krish Hari,1955-06-18,Male,Middle
3197,2548,Sathvik Suresh,1992-09-14,Male,Upper-Middle
3198,2549,Farhan Rau,2001-03-08,Male,Lower
3199,2550,Aarnav Narayanan,1976-10-28,Male,Lower
3200,2551,Udyati Sarna,2013-10-10,Female,Lower-Middle
3201,2551,Idika Balay,1971-08-02,Female,Middle
3202,2552,Rushil Dasgupta,1973-08-16,Male,Middle
3203,2553,Warhi Sengupta,1947-07-21,Female,Upper
3204,2554,Jairaj Mittal,1951-02-23,Male,Lower-Middle
3205,2555,Janya Gulati,1972-09-18,Female,Middle
3206,2556,Nathaniel Char,2015-03-26,Male,Upper
3207,2557,Damini Rao,2000-05-11,Female,Lower-Middle
3208,2558,Abdul Dugar,1979-07-01,Male,Lower
3209,2559,Ekansh Yogi,1953-06-22,Male,Middle
3210,2559,Janya Tella,2017-06-19,Female,Middle
3211,2560,Gunbir Bora,1960-07-21,Male,Middle
3212,2561,Lakshit Khosla,2011-05-30,Male,Upper-Middle
3213,2562,Pranit Sundaram,1979-01-10,Male,Middle
3214,2563,Chameli Nadkarni,1957-01-11,Female,Upper-Middle
3215,2563,Ranbir Sandhu,1947-03-19,Male,Middle
3216,2564,Hemani Keer,1997-04-05,Female,Lower
3217,2565,Bhanumati Mann,1999-08-04,Female,Upper-Middle
3218,2566,Ekta Roy,1969-04-18,Female,Middle
3219,2567,Nimrat Talwar,2020-09-08,Female,Lower
3220,2568,Elijah Nayar,1959-10-17,Male,Upper-Middle
3221,2569,Unni Chaudhary,1978-11-03,Female,Middle
3222,2570,Anya Sagar,1962-08-07,Female,Lower-Middle
3223,2571,Bhanumati Wagle,1984-11-17,Female,Middle
3224,2572,Balvan Naidu,2010-11-15,Male,Lower-Middle
3225,2573,Aditya Rana,1964-01-15,Male,Lower-Middle
3226,2573,Anjali Sridhar,1993-09-09,Female,Middle
3227,2574,Pahal Wali,1999-05-21,Other,Lower-Middle
3228,2574,Ridhi Bawa,2018-02-17,Female,Upper-Middle
3229,2575,Shaurya Chander,1998-10-18,Male,Upper-Middle
3230,2575,Ishaan Mannan,1951-04-01,Other,Lower-Middle
3231,2576,Isaiah Sinha,1972-03-16,Male,Lower-Middle
3232,2577,Utkarsh Butala,1983-09-21,Male,Lower
3233,2578,Aditya Hayer,1946-11-24,Male,Lower-Middle
3234,2579,Agastya Ben,1991-12-26,Male,Upper-Middle
3235,2579,Gaurang Rao,1950-12-02,Male,Middle
3236,2580,Aarush Goel,1984-04-05,Male,Upper
3237,2581,Mekhala Varghese,1989-12-14,Female,Lower-Middle
3238,2582,Yutika Warrior,2017-08-15,Female,Lower
3239,2583,Bhavika Kashyap,1968-06-07,Female,Lower-Middle
3240,2584,Ishaan Walia,1961-06-27,Male,Middle
3241,2585,Harita Dua,1973-09-26,Female,Lower
3242,2586,Ekansh Setty,1969-04-22,Male,Lower-Middle
3243,2587,Lavanya Barad,1960-10-18,Female,Lower-Middle
3244,2588,Kritika Merchant,2012-02-17,Female,Lower-Middle
3245,2589,Madhav Keer,1957-02-23,Male,Lower-Middle
3246,2590,Nimrat Patel,1982-01-17,Female,Lower
3247,2591,Atharv Bhandari,2010-04-04,Male,Middle
3248,2591,Anamika Sangha,1975-01-10,Other,Lower
3249,2592,Samesh Virk,1978-06-30,Male,Lower
3250,2592,Parth Parsa,1995-04-13,Male,Middle
3251,2593,Meera Nayar,2019-08-06,Female,Lower
3252,2594,Yatin Patel,1950-10-20,Male,Lower-Middle
3253,2595,Yahvi Shetty,1949-10-20,Female,Upper-Middle
3254,2596,Girindra D’Alia,2005-12-08,Male,Middle
3255,2597,Champak Brahmbhatt,1976-06-07,Male,Lower-Middle
3256,2598,Yamini Agate,1984-01-07,Female,Lower-Middle
3257,2598,Jagrati Khalsa,1960-07-03,Female,Lower-Middle
3258,2599,Shivansh Salvi,1981-07-21,Male,Upper-Middle
3259,2600,Devika Bava,1956-11-19,Female,Lower-Middle
3260,2601,Samaksh Balasubramanian,1957-11-14,Male,Middle
3261,2601,Hemang Narain,1970-10-17,Male,Lower-Middle
3262,2602,Teerth Ganesan,1969-03-28,Male,Lower
3263,2603,Avi Johal,1956-01-19,Male,Lower-Middle
3264,2604,Manya De,1998-02-11,Female,Middle
3265,2605,Jhalak Kashyap,1961-06-15,Female,Upper-Middle
3266,2606,Champak Master,1952-09-05,Male,Lower-Middle
3267,2607,Girish Cheema,1946-08-06,Male,Lower-Middle
3268,2608,Wazir Chada,2006-08-17,Male,Lower
3269,2609,Manbir Nadig,2008-11-01,Male,Upper-Middle
3270,2610,Arin Natt,1960-07-10,Male,Lower
3271,2611,Akshay Borah,1947-02-12,Male,Middle
3272,2611,Ojas Sachar,2005-07-21,Male,Lower
3273,2612,Rachita Dugar,2002-04-25,Female,Lower
3274,2613,Rajata Pillay,1957-05-19,Female,Upper-Middle
3275,2614,Upma Khare,1994-09-26,Female,Middle
3276,2615,Kevin Choudhary,1978-03-04,Male,Lower
3277,2615,Falguni Grewal,2017-04-18,Female,Upper-Middle
3278,2616,Wriddhish Chaudhari,1952-12-05,Male,Lower-Middle
3279,2616,Sarthak Narain,2003-03-01,Male,Lower
3280,2617,Frado Menon,1968-05-06,Male,Lower
3281,2618,Qadim Sehgal,2005-06-17,Male,Middle
3282,2618,Maanas Bumb,1986-07-03,Male,Upper-Middle
3283,2619,Raksha Sinha,1957-03-01,Female,Lower-Middle
3284,2620,Om Handa,1966-02-09,Male,Middle
3285,2620,Yachana Tak,1992-11-17,Female,Upper-Middle
3286,2621,Shravya Dara,1988-07-12,Female,Lower
3287,2622,Yutika Viswanathan,1961-03-26,Female,Lower-Middle
3288,2622,Kritika Chaudhary,2010-07-03,Female,Lower-Middle
3289,2623,Nathan Comar,1958-04-11,Male,Middle
3290,2624,Leela Gaba,1981-05-05,Female,Lower-Middle
3291,2625,Farhan Master,2013-09-08,Male,Upper-Middle
3292,2626,Rajata Mody,2002-03-20,Female,Middle
3293,2626,Ikbal Borde,1973-04-14,Male,Upper
3294,2627,Baljiwan Singhal,1981-06-04,Male,Upper
3295,2628,Aadi Rout,2000-04-14,Male,Middle
3296,2629,Mohammed Nadkarni,1952-10-25,Male,Lower-Middle
3297,2630,Wazir Ahluwalia,1971-09-04,Male,Middle
3298,2631,Aarini Das,1957-11-20,Female,Middle
3299,2631,Saksham Chakraborty,2008-05-06,Male,Upper-Middle
3300,2632,Sara Chawla,1973-08-12,Female,Lower-Middle
3301,2633,Deepa Chawla,1962-08-24,Female,Middle
3302,2634,Hredhaan Walia,1975-09-14,Male,Lower-Middle
3303,2635,Caleb Sha,1967-08-18,Male,Upper-Middle
3304,2636,Jason Nadkarni,2009-07-09,Male,Lower
3305,2637,Praneel Sami,1980-11-09,Male,Middle
3306,2638,Amruta Bhatt,1954-03-22,Female,Middle
3307,2639,Mohini Dayal,1999-10-24,Female,Lower
3308,2640,Urvashi Dixit,1985-02-16,Female,Upper
3309,2640,Darsh Sama,1983-08-31,Male,Lower
3310,2641,Lopa Gera,1986-10-08,Female,Middle
3311,2642,Divya Kulkarni,2009-11-30,Female,Lower-Middle
3312,2643,Mugdha Randhawa,2004-12-10,Female,Lower
3313,2643,Mahika Wable,1965-05-21,Female,Middle
3314,2644,Jyoti Bhatia,2003-06-09,Female,Lower-Middle
3315,2645,Dev Borah,1956-04-26,Male,Lower
3316,2646,Kalpit Ratta,1952-12-29,Male,Upper
3317,2647,Yochana Pall,1958-11-05,Female,Lower
3318,2647,Manthan Khanna,1983-07-09,Other,Lower-Middle
3319,2648,Shivani Nagar,1965-07-10,Female,Middle
3320,2648,Yug Mangat,2003-05-03,Male,Middle
3321,2649,Nicholas Guha,1977-05-01,Male,Middle
3322,2650,Tarak Madan,1988-05-02,Male,Lower-Middle
3323,2651,Upasna Bandi,1989-07-29,Female,Lower-Middle
3324,2652,Dalaja Char,1974-07-20,Female,Lower
3325,2653,Damini Kapur,1985-01-31,Female,Lower-Middle
3326,2654,Jai Cheema,1947-02-25,Male,Upper-Middle
3327,2655,Arin Sule,2018-06-03,Male,Lower-Middle
3328,2655,Naveen Sethi,1996-09-03,Male,Lower
3329,2656,Daksh Vyas,1976-06-27,Male,Lower-Middle
3330,2656,Laksh Chhabra,1989-06-16,Male,Lower
3331,2657,Lucky Suresh,1987-03-30,Male,Middle
3332,2658,Jai Khanna,1981-12-08,Male,Upper-Middle
3333,2659,Ria Singh,1979-05-16,Female,Middle
3334,2660,William Banerjee,1958-04-19,Male,Lower-Middle
3335,2660,Yashasvi Parsa,1966-10-19,Female,Lower-Middle
3336,2661,Kavya Bose,2011-05-14,Female,Lower
3337,2661,Arjun Kumar,1946-02-03,Male,Upper-Middle
3338,2662,Vritti Badami,1956-10-11,Female,Lower-Middle
3339,2662,Yochana Narang,1999-09-06,Female,Lower-Middle
3340,2663,Lipika Badami,1994-04-28,Female,Upper-Middle
3341,2664,Aishani Narang,1993-10-03,Female,Upper-Middle
3342,2665,Parth Subramanian,1966-05-19,Male,Lower-Middle
3343,2666,Kiaan Sekhon,1966-05-27,Male,Lower-Middle
3344,2666,Rushil Tiwari,1952-04-15,Male,Lower
3345,2667,Harshil Gera,1984-09-25,Male,Middle
3346,2668,Unni Chandran,1957-11-02,Female,Lower
3347,2668,Lipika Banik,1997-06-03,Female,Middle
3348,2669,Widisha Varghese,1949-01-23,Female,Middle
3349,2670,Shravya Thakkar,1972-12-10,Female,Lower
3350,2671,Darsh Doctor,1961-07-24,Male,Lower
3351,2672,Osha Dewan,2020-12-27,Female,Lower-Middle
3352,2673,Gaurika Kadakia,1978-05-23,Female,Lower
3353,2674,George Narayan,1998-08-21,Male,Lower-Middle
3354,2674,Yahvi Devan,1992-08-27,Female,Lower
3355,2675,Hredhaan Venkataraman,1992-05-11,Male,Lower
3356,2675,David Samra,1969-05-02,Male,Upper-Middle
3357,2676,Dalbir Lal,1958-01-17,Male,Middle
3358,2677,Liam Ghosh,2013-02-24,Male,Lower-Middle
3359,2678,Ijaya Dhawan,1972-12-19,Female,Middle
3360,2678,Xalak Kaul,2012-03-26,Female,Lower-Middle
3361,2679,Hemangini Chaudhuri,1987-08-30,Female,Upper-Middle
3362,2680,Abha Krishnan,1970-09-25,Female,Upper-Middle
3363,2681,Theodore Khare,2011-01-08,Male,Middle
3364,2682,Daksh Pingle,2014-09-13,Male,Lower-Middle
3365,2682,Bhavini Mani,1965-01-23,Female,Middle
3366,2683,Arya Narayan,1964-01-14,Female,Lower
3367,2683,Jeevika Agate,1995-02-04,Female,Upper-Middle
3368,2684,Xalak Talwar,1975-12-27,Female,Upper-Middle
3369,2685,Manbir Gopal,2012-01-11,Male,Lower
3370,2686,Victor Pall,2007-04-21,Male,Upper-Middle
3371,2687,Indrajit Verma,1959-01-31,Male,Middle
3372,2688,Bimala Datta,1965-10-04,Female,Lower-Middle
3373,2688,Kashvi Nagi,1959-08-24,Female,Lower-Middle
3374,2689,Balhaar Khatri,1973-10-09,Male,Middle
3375,2690,Chatresh Balan,2010-03-29,Male,Lower-Middle
3376,2691,Ijaya Pradhan,1951-07-28,Female,Lower
3377,2692,Leena Ravel,1983-07-01,Female,Middle
3378,2693,Charles Garde,1974-04-09,Male,Upper-Middle
3379,2694,Edhitha Golla,1976-08-02,Female,Lower
3380,2695,Anay Sule,1979-06-18,Male,Lower-Middle
3381,2696,Vritti Bhargava,1986-12-19,Female,Upper-Middle
3382,2697,Charles Kothari,2010-11-13,Male,Middle
3383,2697,Patrick Sarraf,2016-03-12,Male,Lower
3384,2698,Wriddhish Gara,1962-05-25,Male,Lower-Middle
3385,2699,Dayita Samra,2020-12-02,Female,Middle
3386,2700,Ekaraj Prashad,1952-11-23,Male,Lower
3387,2701,Jagrati Sekhon,1954-09-26,Female,Upper-Middle
3388,2702,Damyanti Kata,1955-09-05,Female,Lower-Middle
3389,2703,Matthew Madan,2019-08-21,Male,Middle
3390,2704,Aadhya Hora,2005-12-31,Female,Lower-Middle
3391,2704,Urvashi Kashyap,2019-07-15,Female,Lower
3392,2705,Chasmum Kapoor,1973-12-17,Female,Middle
3393,2706,Bhavani Krishna,1981-10-25,Female,Lower
3394,2707,Hamsini Mohan,1995-05-20,Female,Lower
3395,2707,Nikita Balasubramanian,2005-05-14,Female,Lower-Middle
3396,2708,Abhimanyu Aurora,1989-03-16,Male,Lower-Middle
3397,2708,Pranav Nagy,2014-08-20,Male,Lower
3398,2709,Ishani Lalla,2020-08-18,Female,Lower-Middle
3399,2710,David Vaidya,1949-04-08,Male,Lower-Middle
3400,2711,Kala Varughese,1989-05-12,Female,Lower-Middle
3401,2711,Ekanta Warrior,1983-09-09,Female,Upper-Middle
3402,2712,Wridesh Gandhi,1991-11-22,Male,Lower-Middle
3403,2712,Raagini Kanda,2008-10-02,Female,Lower-Middle
3404,2713,Quincy Sandhu,1985-08-27,Male,Lower
3405,2714,Oeshi Keer,1974-12-25,Female,Upper
3406,2715,Udant Babu,1997-06-07,Male,Lower-Middle
3407,2715,Sathvik Tak,1953-10-26,Male,Lower-Middle
3408,2716,Jalsa Kaul,1957-11-13,Female,Middle
3409,2716,Bakhshi Sankar,1958-03-26,Male,Lower
3410,2717,Osha Nazareth,1975-07-05,Female,Lower
3411,2718,Jason Suri,1973-07-06,Male,Middle
3412,2718,Ikshita Kumer,1953-04-21,Female,Middle
3413,2719,Yagnesh Tailor,1956-01-15,Male,Middle
3414,2719,Aarna Kale,2011-08-19,Female,Upper-Middle
3415,2720,Akshay Sachdeva,1958-10-22,Male,Lower
3416,2721,Ati Atwal,1984-07-26,Female,Lower-Middle
3417,2722,Dhruv Bath,2010-06-06,Male,Lower-Middle
3418,2723,Chanakya Raman,1970-05-17,Male,Middle
3419,2723,Vanya Misra,1962-10-26,Female,Lower-Middle
3420,2724,Tanveer Madan,2010-08-13,Male,Middle
3421,2725,Ethan Parsa,1989-04-05,Male,Upper-Middle
3422,2726,Simon Narasimhan,1963-10-30,Male,Lower
3423,2726,Oliver Kanda,1997-11-17,Male,Upper
3424,2727,Dipta Dayal,1948-10-31,Female,Upper-Middle
3425,2728,Fariq Banerjee,1992-07-27,Male,Lower-Middle
3426,2728,Advay Kaur,1988-03-28,Male,Upper-Middle
3427,2729,Abdul Yogi,1958-12-21,Male,Upper-Middle
3428,2730,Lekha Mall,1989-05-03,Female,Upper-Middle
3429,2730,Omisha Sekhon,2018-11-04,Female,Middle
3430,2731,Udant Lall,1985-08-09,Male,Lower-Middle
3431,2731,Anika Murty,1980-12-17,Female,Upper-Middle
3432,2732,Radhika Chad,1995-11-18,Female,Middle
3433,2732,Shaurya Sule,1983-09-23,Male,Lower
3434,2733,Gagan Bava,1961-06-19,Male,Lower-Middle
3435,2734,Yahvi Mutti,1978-07-28,Female,Middle
3436,2735,Advik Bora,1976-01-12,Male,Middle
3437,2735,Chaaya Mitter,1950-01-23,Female,Upper-Middle
3438,2736,Atharv Ram,2010-09-11,Male,Middle
3439,2737,Bimala Kumar,1982-07-10,Female,Middle
3440,2738,Praneel More,2016-03-10,Male,Upper-Middle
3441,2739,Aarnav Bawa,1947-05-19,Male,Upper-Middle
3442,2739,Manan Barad,1948-08-06,Male,Middle
3443,2740,Triveni Kumar,1994-05-14,Female,Upper-Middle
3444,2741,Vedhika Rajan,2017-06-15,Female,Lower-Middle
3445,2742,Neelima Wason,2005-07-08,Female,Lower
3446,2743,Harinakshi Patel,2000-10-30,Female,Lower
3447,2743,Lohit Dhar,1983-12-02,Male,Lower
3448,2744,Unnati Desai,1988-07-30,Female,Lower
3449,2745,Udyati Bhasin,1956-11-07,Female,Lower
3450,2745,Zilmil Baral,2009-07-28,Female,Lower-Middle
3451,2746,Chaaya Chakraborty,2014-07-23,Female,Lower-Middle
3452,2747,Harinakshi Chhabra,1997-10-21,Female,Middle
3453,2748,Gaurang Pradhan,1953-09-07,Male,Lower
3454,2749,Raksha Narayan,1948-08-06,Female,Lower-Middle
3455,2750,Jai Chopra,1991-07-25,Male,Upper
3456,2751,Theodore Bobal,2013-03-18,Male,Lower-Middle
3457,2752,Balendra Sant,1982-11-24,Male,Lower-Middle
3458,2753,Wyatt Ram,1971-03-20,Male,Lower-Middle
3459,2754,Balveer Karnik,1966-10-23,Other,Upper-Middle
3460,2755,Divya Shanker,2000-03-31,Female,Lower-Middle
3461,2756,Ayush Gaba,1994-11-01,Male,Middle
3462,2756,Raghav Chaudhry,2001-10-13,Male,Lower
3463,2757,Mugdha Mall,1997-03-20,Female,Lower
3464,2758,Lohit Pau,2014-04-11,Male,Middle
3465,2759,Ladli Morar,1956-12-19,Female,Middle
3466,2760,George Trivedi,1954-09-12,Male,Lower-Middle
3467,2761,Jai Sawhney,1962-10-26,Male,Lower-Middle
3468,2762,Liam Tailor,1966-12-02,Male,Lower
3469,2763,Omaja Chanda,1981-10-04,Female,Middle
3470,2764,Michael Bahri,1946-03-18,Male,Middle
3471,2765,Sanaya Nori,2019-08-18,Female,Lower-Middle
3472,2766,Tanmayi Keer,1966-08-02,Female,Middle
3473,2766,Yashasvi Talwar,1948-01-09,Female,Lower-Middle
3474,2767,Keya Sridhar,1999-08-10,Female,Lower-Middle
3475,2768,Shaurya Kumar,2009-07-03,Male,Lower-Middle
3476,2769,Upkaar Wali,1951-09-13,Male,Middle
3477,2769,Jeet Mahal,1965-09-05,Male,Upper-Middle
3478,2770,Daksh Chaudhry,2018-10-05,Male,Lower
3479,2771,Darsh Sampath,1962-10-17,Male,Lower-Middle
3480,2772,Michael Sathe,2004-10-07,Male,Middle
3481,2773,Upma Sandal,2000-01-05,Female,Middle
3482,2774,Finn Dara,1971-05-11,Other,Lower-Middle
3483,2775,Gautami Rai,1979-12-26,Female,Upper-Middle
3484,2776,Onveer Kade,1960-12-11,Male,Middle
3485,2776,Teerth Taneja,1947-08-24,Male,Lower-Middle
3486,2777,Ucchal Sem,1988-11-21,Female,Upper-Middle
3487,2778,Agastya Prasad,2004-11-19,Male,Upper
3488,2778,Triya Sundaram,1951-11-07,Female,Middle
3489,2779,Maya Sehgal,2010-07-09,Female,Middle
3490,2780,Christopher Magar,1950-03-03,Male,Lower-Middle
3491,2780,Umang Sidhu,1953-01-28,Male,Lower-Middle
3492,2781,Qabil Badami,1957-03-06,Male,Upper-Middle
3493,2782,Qarin Manda,1980-05-20,Male,Lower
3494,2783,Anita Yohannan,1989-03-08,Female,Lower-Middle
3495,2783,Neel Deo,1995-12-02,Male,Lower-Middle
3496,2784,Hritik Swaminathan,1980-09-10,Male,Middle
3497,2784,Lipika Parikh,1991-05-09,Female,Middle
3498,2785,Vritti Ramakrishnan,2001-05-03,Female,Upper-Middle
3499,2785,Kavya Nigam,1982-06-26,Female,Lower
3500,2786,Aarav Nath,1949-02-15,Male,Upper
3501,2787,Hritik Anne,2006-09-08,Male,Upper
3502,2787,Vrinda Singhal,1963-05-01,Female,Lower
3503,2788,Wazir Ramachandran,1990-01-14,Male,Lower
3504,2789,Ayushman Mahajan,1966-12-25,Male,Middle
3505,2790,Saksham Bajaj,1977-06-26,Male,Middle
3506,2791,Siddharth Zachariah,1949-10-08,Male,Lower
3507,2792,Vincent Saran,1987-03-19,Male,Middle
3508,2793,Harini Mangal,1972-04-14,Female,Lower
3509,2794,Aradhana Bhalla,2011-02-16,Female,Lower
3510,2795,Charan Sankaran,1993-11-01,Male,Lower-Middle
3511,2796,William Tandon,2009-02-05,Male,Middle
3512,2797,Ekaraj Mall,2012-05-10,Male,Upper-Middle
3513,2798,Ucchal Mani,1954-05-01,Female,Upper-Middle
3514,2799,Robert Hans,2003-10-31,Male,Middle
3515,2800,Alka Sinha,1969-02-28,Female,Lower-Middle
3516,2801,Hema Padmanabhan,1950-06-12,Female,Lower
3517,2801,Sara Borah,1992-12-28,Female,Middle
3518,2802,Wazir Wagle,1953-12-20,Male,Lower
3519,2802,Ekavir Joshi,1952-10-24,Male,Lower
3520,2803,Arin Bail,2016-11-01,Male,Middle
3521,2804,Indira Kale,1987-06-09,Female,Lower-Middle
3522,2805,Ekavir Joshi,2010-11-28,Male,Lower-Middle
3523,2806,Kala Gokhale,2004-05-10,Female,Lower-Middle
3524,2806,Liam Manda,1958-10-30,Male,Lower
3525,2807,Chandani Raghavan,1993-07-03,Female,Lower
3526,2807,Dhriti Ghosh,1986-06-09,Female,Lower
3527,2808,Karan Baral,1979-03-11,Male,Lower-Middle
3528,2809,Chatresh Dugal,2020-11-02,Male,Upper-Middle
3529,2810,Charvi Lall,2004-09-09,Female,Lower
3530,2811,Owen Char,1956-09-16,Male,Lower
3531,2812,Amrita Gulati,1976-11-26,Female,Lower
3532,2813,Qarin Rajan,2004-05-11,Male,Upper-Middle
3533,2814,Lajita Dube,1975-01-18,Female,Lower
3534,2815,Ijaya Johal,2011-02-03,Female,Lower
3535,2816,Luke Dutt,2017-08-27,Male,Middle
3536,2817,Sanya Kibe,2010-01-19,Female,Middle
3537,2818,Kavya Mohan,2020-05-17,Female,Lower
3538,2819,Avni Kohli,1946-11-10,Female,Lower
3539,2820,Udarsh Soman,1964-02-18,Male,Lower-Middle
3540,2821,Utkarsh Jayaraman,1955-09-10,Male,Upper
3541,2822,Fariq Parmar,1951-11-16,Male,Lower
3542,2822,Patrick Hora,1967-01-12,Male,Lower
3543,2823,Vamakshi Dhingra,1983-05-12,Female,Lower-Middle
3544,2824,Jason Shukla,1965-01-28,Male,Upper
3545,2825,Vihaan Sura,1978-04-12,Male,Upper-Middle
3546,2826,Balveer Garg,2017-03-14,Male,Lower
3547,2826,Timothy Gandhi,2014-06-17,Male,Lower
3548,2827,Wakeeta Kurian,2013-04-17,Female,Middle
3549,2828,Chakrika Ben,1985-08-16,Female,Middle
3550,2829,Timothy Raghavan,1968-01-17,Male,Lower-Middle
3551,2829,Rayaan Murthy,1970-05-24,Male,Middle
3552,2830,Daksha Nadig,2011-09-10,Female,Lower
3553,2831,Baljiwan Varkey,1952-05-14,Male,Lower
3554,2831,Adya Mangal,1948-04-13,Female,Lower-Middle
3555,2832,Brinda Anand,2008-03-02,Female,Middle
3556,2833,Bhavya Desai,1983-08-15,Female,Lower-Middle
3557,2834,Kritika Shan,1953-03-10,Female,Lower
3558,2835,Siddharth Patla,2005-02-13,Male,Lower-Middle
3559,2835,Madhav Randhawa,1975-10-02,Male,Upper-Middle
3560,2836,Nathan Balan,1956-04-12,Male,Middle
3561,2837,Qasim Kadakia,1954-02-14,Male,Lower-Middle
3562,2837,Alexander Comar,1989-07-15,Male,Lower-Middle
3563,2838,Qasim Randhawa,2005-10-25,Male,Lower
3564,2839,Chandani Kanda,2010-06-23,Female,Lower
3565,2839,Arin Bhatti,2008-04-20,Male,Lower-Middle
3566,2840,Girish Chanda,2006-12-01,Male,Middle
3567,2841,Sarthak Bala,2013-07-16,Male,Middle
3568,2841,Aarush Goyal,1959-08-23,Male,Middle
3569,2842,Hredhaan Setty,1974-07-14,Male,Lower
3570,2843,Warda Basu,1956-11-21,Female,Middle
3571,2843,Chavvi Mann,1968-12-01,Female,Lower
3572,2844,Gaurangi Bose,2020-08-10,Female,Middle
3573,2845,Fariq Lal,1947-08-27,Male,Lower
3574,2846,Sarthak Brahmbhatt,1973-12-10,Male,Lower
3575,2847,Oliver Madan,2003-07-25,Male,Middle
3576,2848,Avni Garg,1988-02-23,Female,Lower
3577,2848,Lopa Krish,1991-12-31,Female,Lower
3578,2849,Lakshit Sinha,1956-11-22,Male,Middle
3579,2849,Amruta Bali,1986-10-01,Female,Middle
3580,2850,Ati Butala,1988-07-09,Female,Middle
3581,2851,Bhavya Chowdhury,1990-03-04,Female,Lower-Middle
3582,2851,Barkha Dora,2011-02-15,Female,Middle
3583,2852,Ikshita Mahal,2012-10-27,Female,Lower
3584,2853,Rajeshri Sahni,1952-04-18,Other,Lower-Middle
3585,2854,Lavanya Thakkar,1990-10-05,Female,Lower-Middle
3586,2855,Falguni Nadig,2009-10-19,Female,Lower
3587,2856,Aayush Mahajan,1968-07-22,Male,Lower-Middle
3588,2857,Mohammed Rattan,1981-01-18,Male,Lower-Middle
3589,2857,Sara Lall,2013-08-13,Female,Middle
3590,2858,Christopher Swamy,1991-06-21,Male,Middle
3591,2859,Damyanti Vasa,1967-03-23,Female,Lower-Middle
3592,2859,Zaid Chopra,1961-04-18,Male,Upper-Middle
3593,2860,Chasmum Raja,1953-02-02,Female,Upper
3594,2860,Aishani Borra,2013-06-24,Female,Middle
3595,2861,Peter Suri,1951-04-04,Male,Upper
3596,2862,Suhani Swamy,2020-03-04,Female,Lower-Middle
3597,2863,Nicholas Batra,1981-04-13,Male,Lower-Middle
3598,2864,Maanav Chand,1986-03-25,Male,Upper-Middle
3599,2865,Ekantika Lad,1965-04-06,Female,Middle
3600,2865,Yatin Bahl,2017-09-03,Male,Lower-Middle
3601,2866,Oscar Bassi,1954-05-10,Male,Lower-Middle
3602,2867,Diya Karan,2005-03-07,Female,Middle
3603,2868,Hema Roy,2014-12-04,Female,Middle
3604,2869,Vamakshi Bassi,1985-06-15,Female,Lower
3605,2870,Lakshmi Bhatnagar,2001-06-20,Female,Lower-Middle
3606,2871,Nandini Doctor,1946-04-18,Female,Upper-Middle
3607,2872,Sai Yohannan,1956-03-26,Female,Upper-Middle
3608,2873,Abdul Basu,2003-12-12,Male,Upper
3609,2873,Libni Kannan,2003-07-04,Female,Lower
3610,2874,Vrishti Dube,1976-03-30,Female,Middle
3611,2875,Rohan Roy,1959-10-18,Male,Upper
3612,2876,Naksh Krishnamurthy,1962-01-26,Male,Lower-Middle
3613,2876,Benjamin Naidu,1950-09-03,Male,Middle
3614,2877,Yachana Sankaran,1947-06-06,Female,Middle
3615,2877,Veer Pall,1960-08-16,Male,Middle
3616,2878,Aarnav Sen,2009-12-11,Male,Middle
3617,2879,Gaurav Tripathi,1984-03-07,Male,Middle
3618,2879,Radhika Shan,2004-12-25,Female,Middle
3619,2880,Zilmil Sangha,2011-04-19,Female,Lower-Middle
3620,2881,Arin Sant,2003-10-08,Male,Middle
3621,2882,Ekaja Chanda,1967-03-21,Female,Upper-Middle
3622,2883,Kamala Mistry,1961-07-03,Female,Middle
3623,2884,Harshil Anne,1966-02-03,Male,Upper-Middle
3624,2884,Radhika Dutt,2007-02-12,Female,Lower-Middle
3625,2885,Qabil Sundaram,2018-04-24,Male,Lower-Middle
3626,2886,Rohan Sami,2008-08-31,Other,Lower-Middle
3627,2886,Avi Viswanathan,1959-06-15,Male,Middle
3628,2887,Aradhana Pai,1981-12-15,Female,Middle
3629,2887,Vidhi Raman,2018-02-17,Female,Lower
3630,2888,Chakradev Goda,1968-01-06,Male,Upper
3631,2889,Samaksh Dayal,1953-10-24,Male,Middle
3632,2890,Triya Char,1947-07-08,Female,Lower-Middle
3633,2891,Falan Parmar,2012-05-06,Male,Lower-Middle
3634,2892,Bakhshi Raval,1968-06-15,Male,Upper-Middle
3635,2893,Sneha Khosla,2007-10-29,Female,Middle
3636,2894,Jeevika Prabhu,1991-05-29,Female,Middle
3637,2895,Chatresh Nadkarni,1962-04-23,Male,Upper-Middle
3638,2896,Theodore Radhakrishnan,1956-01-01,Male,Lower-Middle
3639,2896,Samuel Doshi,2000-10-09,Male,Lower
3640,2897,Sneha Hans,1998-01-14,Female,Lower-Middle
3641,2898,Ekaja Parsa,1978-09-02,Female,Lower
3642,2899,Yagnesh Guha,1965-03-04,Male,Lower-Middle
3643,2900,Ethan Gokhale,1989-12-07,Male,Middle
3644,2900,Radha Batra,2020-05-01,Female,Upper-Middle
3645,2901,Rishi Loyal,1948-01-12,Male,Middle
3646,2902,Vincent Jayaraman,2013-04-25,Male,Lower
3647,2903,Harish Mani,1961-06-30,Male,Lower-Middle
3648,2904,Atharv Agrawal,2005-01-05,Male,Upper-Middle
3649,2904,Ojasvi Zacharia,1985-05-24,Female,Lower
3650,2905,Jai Kashyap,1949-04-03,Male,Lower-Middle
3651,2905,Lakshit Sani,1953-12-20,Male,Upper-Middle
3652,2906,Naksh Sachdeva,1945-09-18,Male,Lower-Middle
3653,2907,Anjali Rajagopalan,1983-02-02,Female,Middle
3654,2907,Wahab Pradhan,1946-04-05,Male,Lower-Middle
3655,2908,Lohit Sibal,1952-06-20,Male,Lower-Middle
3656,2909,Jairaj Bhardwaj,1981-04-21,Male,Lower
3657,2909,Abhimanyu Date,2012-01-12,Male,Middle
3658,2910,Fariq Shah,2003-06-10,Male,Upper-Middle
3659,2911,Raksha Comar,1971-02-18,Female,Lower
3660,2912,Arjun Nagi,1952-05-01,Male,Middle
3661,2912,Nihal Swaminathan,1990-03-26,Male,Lower
3662,2913,Warda Kadakia,2019-04-26,Female,Lower-Middle
3663,2914,Lohit Gole,2011-07-04,Male,Upper
3664,2915,Advik Raja,1967-04-20,Male,Lower
3665,2916,Yamini Nanda,1945-11-24,Female,Upper-Middle
3666,2917,Gautami Padmanabhan,1988-05-15,Female,Lower
3667,2918,Hiral Arya,1995-12-15,Female,Middle
3668,2918,Radha Bora,1989-01-12,Female,Lower
3669,2919,Baghyawati Dada,1971-03-12,Female,Upper-Middle
3670,2919,Gaurangi Krishnan,2009-03-31,Female,Lower-Middle
3671,2920,Charita Sarma,2020-10-11,Female,Middle
3672,2921,Orinder Arya,1994-09-23,Male,Lower
3673,2922,Ishita Dara,2017-10-01,Female,Middle
3674,2922,Chameli Varghese,1948-11-14,Female,Middle
3675,2923,Chakradhar Mann,1959-05-24,Male,Upper-Middle
3676,2924,Advay Aggarwal,2012-07-30,Male,Middle
3677,2925,Ansh Maharaj,1996-05-23,Male,Middle
3678,2926,Noah Sangha,1974-07-03,Male,Upper
3679,2927,Faraj Solanki,2000-12-13,Male,Lower-Middle
3680,2928,Sai Lanka,2006-07-08,Female,Middle
3681,2929,Yashodhara Shroff,1973-03-04,Female,Lower
3682,2930,Forum Pingle,1969-10-13,Female,Upper
3683,2931,Arunima Prashad,1952-07-04,Female,Lower
3684,2932,Samuel Issac,2001-07-15,Male,Lower-Middle
3685,2933,Urvashi Buch,1965-10-10,Female,Lower-Middle
3686,2934,David Jani,2010-06-24,Male,Lower-Middle
3687,2935,Neha Chadha,1964-03-02,Female,Upper-Middle
3688,2936,Bakhshi Kapadia,2004-02-04,Male,Middle
3689,2937,Mitali Gupta,2004-02-25,Female,Middle
3690,2938,Hemang Sane,1993-02-28,Male,Middle
3691,2938,Chaman Mohan,1988-06-03,Female,Upper-Middle
3692,2939,Quincy Salvi,2020-08-26,Male,Lower-Middle
3693,2940,Qarin Balay,2019-06-12,Male,Middle
3694,2941,Darika Memon,1997-06-15,Female,Lower
3695,2942,Darika Walla,2006-06-22,Female,Middle
3696,2943,Tripti Kari,1978-03-07,Female,Lower-Middle
3697,2944,Devansh Issac,1946-08-08,Male,Upper
3698,2945,Faras Kade,1978-04-17,Male,Lower
3699,2945,Jagdish Chawla,1998-02-24,Male,Middle
3700,2946,Elijah Nair,1949-03-22,Male,Lower
3701,2946,Yachana Babu,1980-09-19,Female,Middle
3702,2947,Amaira Mukherjee,1978-11-25,Female,Lower
3703,2948,Sachi Sanghvi,2015-08-22,Female,Upper
3704,2949,Vivaan Baria,2013-07-15,Male,Lower
3705,2950,Robert Basak,1967-05-04,Male,Lower
3706,2951,Nakul Sood,2014-06-08,Male,Upper-Middle
3707,2951,Unni Jain,2001-10-15,Female,Middle
3708,2952,Rachana Jha,2011-08-13,Female,Middle
3709,2953,Zilmil Bhardwaj,2021-01-13,Female,Upper-Middle
3710,2954,Harrison Gupta,1951-05-30,Male,Lower
3711,2955,Alexander Chander,2019-04-21,Male,Middle
3712,2956,Chaitaly Shetty,2013-08-01,Other,Middle
3713,2956,Viraj Pathak,1959-01-18,Male,Upper
3714,2957,Ekapad Chawla,1945-12-20,Male,Lower
3715,2958,Ijaya Raval,2008-03-12,Female,Middle
3716,2959,Zayyan Bir,2003-03-11,Male,Lower-Middle
3717,2960,Abdul Atwal,1997-01-13,Male,Middle
3718,2960,Yashawini Viswanathan,1954-02-24,Female,Lower-Middle
3719,2961,Yagnesh Batta,1987-12-10,Male,Lower
3720,2962,Reva Garg,2019-08-13,Female,Lower
3721,2963,Ranbir Naidu,2014-01-27,Male,Lower
3722,2964,Siddharth Borde,2006-09-22,Male,Middle
3723,2965,Gaurangi Mangal,1959-04-06,Female,Middle
3724,2965,Timothy Anand,1975-01-23,Male,Lower-Middle
3725,2966,Ansh Bhatia,2017-10-29,Male,Lower
3726,2966,Libni Agrawal,2019-11-09,Female,Lower-Middle
3727,2967,Kai Kurian,2017-10-06,Male,Lower
3728,2968,Anthony Magar,2018-03-18,Male,Lower-Middle
3729,2969,Gopal Kumer,2002-03-21,Male,Middle
3730,2970,Ranbir Shankar,1963-12-23,Male,Upper-Middle
3731,2971,Ayushman Goswami,1959-02-20,Male,Lower-Middle
3732,2972,Bhavya Thaman,1949-07-23,Female,Lower-Middle
3733,2972,Siddharth Sachdeva,1986-01-16,Male,Middle
3734,2973,Nathaniel Soni,1986-11-13,Male,Lower-Middle
3735,2974,Advik Wali,2013-05-29,Male,Middle
3736,2975,Hitesh Saxena,2016-11-09,Male,Lower
3737,2976,Oviya Khosla,2005-04-04,Female,Lower
3738,2977,Dev Sahota,2017-02-08,Male,Lower
3739,2977,Advay Mani,1956-06-18,Male,Upper-Middle
3740,2978,Odika Sur,2019-02-06,Female,Upper-Middle
3741,2978,Jacob Sarraf,1972-10-17,Male,Lower-Middle
3742,2979,Meghana Ganesh,1961-10-16,Female,Lower-Middle
3743,2980,Pallavi Rama,1964-04-02,Female,Middle
3744,2981,Vasana Majumdar,1979-11-02,Other,Lower-Middle
3745,2981,Guneet Choudhry,2013-02-23,Male,Middle
3746,2982,Umang Kara,1950-11-05,Male,Lower
3747,2983,William Rege,2004-09-12,Male,Lower
3748,2984,Anamika Wable,1987-07-30,Female,Lower-Middle
3749,2985,Thomas Verma,1982-11-10,Male,Middle
3750,2985,Lajita Arya,1961-03-06,Female,Lower-Middle
3751,2986,Vaishnavi Sen,1985-08-03,Female,Lower-Middle
3752,2987,Sanya Dewan,1961-06-09,Female,Lower-Middle
3753,2988,Nathan Sane,1992-03-17,Male,Middle
3754,2989,Nakul Oza,1986-06-17,Male,Middle
3755,2990,Lekha Natt,2002-12-16,Female,Upper-Middle
3756,2991,Utkarsh Ghosh,1969-11-07,Male,Lower-Middle
3757,2992,Vincent Edwin,1963-12-12,Male,Lower
3758,2993,Warinder Madan,1951-06-24,Male,Lower
3759,2993,Amaira Chaudhary,1988-04-30,Female,Lower
3760,2994,Damini Kari,2015-11-13,Female,Lower-Middle
3761,2995,Theodore Kaul,2021-05-10,Male,Middle
3762,2996,Ikbal Khalsa,1963-11-26,Male,Lower-Middle
3763,2997,Zaitra Ramakrishnan,1964-04-17,Female,Lower-Middle
3764,2998,Rachita Krishnan,2003-02-18,Female,Lower-Middle
3765,2999,Idika Sachar,2004-02-27,Female,Lower-Middle
3766,3000,Ayushman Karan,1994-08-02,Male,Upper-Middle
3767,3000,Quincy Tank,1982-02-07,Male,Upper-Middle
3768,3001,Nimrat Iyer,2012-04-22,Female,Upper-Middle
3769,3001,Niharika Dyal,2001-05-24,Female,Upper-Middle
3770,3002,Warda Kata,1995-04-19,Female,Lower-Middle
3771,3002,Sudiksha Balay,1952-08-26,Female,Lower-Middle
3772,3003,Falguni Sangha,2001-09-08,Female,Lower
3773,3004,Saumya Bansal,2004-08-05,Female,Middle
3774,3005,Lucky Bansal,1956-11-29,Male,Middle
3775,3006,Arunima Cherian,2004-01-06,Female,Upper-Middle
3776,3007,Pranav Naidu,1987-07-30,Male,Upper-Middle
3777,3007,Nimrat Kothari,1950-10-22,Female,Lower
3778,3008,Chasmum Som,2016-02-29,Female,Lower
3779,3009,Mugdha De,2012-05-07,Other,Upper-Middle
3780,3010,Gaurangi Agrawal,1988-05-18,Female,Upper
3781,3011,Eiravati Oak,2020-05-18,Female,Lower
3782,3012,Hardik Bhalla,2013-06-17,Male,Upper-Middle
3783,3013,Gaurangi Chopra,2001-07-25,Female,Middle
3784,3013,Ridhi Ratta,1959-12-17,Female,Middle
3785,3014,Udarsh Bhargava,2017-12-20,Male,Middle
3786,3014,Bachittar Dalal,2012-11-11,Male,Lower
3787,3015,Jalsa Krishnan,1945-08-30,Female,Lower
3788,3016,Praneel Bandi,1948-08-03,Male,Middle
3789,3017,Lopa Goda,1965-08-20,Female,Lower
3790,3017,Shivansh Kurian,1978-11-27,Male,Upper-Middle
3791,3018,Michael Sachdev,1991-08-06,Male,Middle
3792,3019,Upasna Parekh,1953-10-26,Female,Lower
3793,3020,Inaya Mane,2013-06-17,Female,Lower-Middle
3794,3021,Lekha Buch,1956-08-27,Female,Lower-Middle
3795,3022,Abhimanyu Dugar,2014-09-20,Male,Middle
3796,3023,Qushi Handa,2020-04-24,Female,Lower-Middle
3797,3024,Onveer Parmer,2012-09-15,Male,Upper-Middle
3798,3025,Idika Bhargava,1980-12-19,Female,Upper-Middle
3799,3026,Orinder Naidu,1967-10-23,Male,Lower-Middle
3800,3027,Ishaan Bawa,1959-01-02,Male,Middle
3801,3027,Mahika Kashyap,1948-04-27,Female,Lower
3802,3028,Ekalinga Talwar,2007-11-13,Male,Lower
3803,3029,Nandini Mani,1976-06-19,Female,Middle
3804,3030,Elijah More,1992-06-30,Male,Middle
3805,3031,Zaitra Sangha,2013-06-07,Female,Lower-Middle
3806,3031,Avni Merchant,2009-11-01,Female,Lower
3807,3032,Dhruv Lala,1999-01-26,Male,Upper-Middle
3808,3033,Warda Doctor,2014-12-08,Female,Lower-Middle
3809,3033,Manbir Chauhan,1946-12-02,Male,Lower
3810,3034,Varenya Borde,1948-07-01,Female,Lower-Middle
3811,3035,Vaishnavi Manne,1985-03-20,Female,Lower-Middle
3812,3035,Yashoda Gandhi,1979-03-28,Female,Middle
3813,3036,Ranveer Lad,1963-05-20,Male,Middle
3814,3037,Eesha Thakkar,1962-10-09,Female,Lower-Middle
3815,3037,Rachana Toor,1992-12-26,Female,Middle
3816,3038,Arya Gole,1984-03-18,Female,Upper
3817,3039,Aadi Oommen,1995-01-14,Male,Upper
3818,3040,Chaitanya Pathak,2017-07-03,Male,Upper-Middle
3819,3041,Jyoti Lalla,1993-04-09,Female,Upper-Middle
3820,3041,Pushti Dada,1965-08-05,Female,Upper
3821,3042,Luke Jayaraman,1981-08-20,Male,Lower-Middle
3822,3043,Baghyawati Sibal,1949-03-09,Female,Lower
3823,3044,Sarthak Kalita,1955-03-20,Male,Lower-Middle
3824,3045,Nitesh Master,1978-01-06,Male,Lower
3825,3046,Varenya Zacharia,1982-03-19,Female,Lower-Middle
3826,3047,Advaith Sodhi,1974-01-06,Male,Upper-Middle
3827,3048,Garima Virk,1967-10-17,Female,Middle
3828,3048,Chandresh Bora,1970-05-16,Male,Lower-Middle
3829,3049,Nikita Doshi,1958-06-02,Female,Upper-Middle
3830,3050,Odika Kunda,1981-04-09,Female,Lower-Middle
3831,3051,Zayyan Kalla,2008-09-27,Male,Lower-Middle
3832,3052,Atharv Sura,1953-06-18,Male,Lower
3833,3053,Amrita Sawhney,1948-12-15,Female,Lower
3834,3054,Advaith Ratti,1963-04-01,Male,Lower-Middle
3835,3054,Ikbal Goyal,2005-12-07,Male,Lower-Middle
3836,3055,Hemal Kumer,1973-01-18,Female,Lower-Middle
3837,3056,Tanay Natt,2007-03-10,Male,Middle
3838,3057,Aarav Tandon,2017-01-09,Male,Lower
3839,3057,Lakshmi Swaminathan,1950-12-29,Female,Lower
3840,3058,Yashvi Khurana,2005-07-18,Female,Lower-Middle
3841,3059,Yug Narasimhan,1967-09-24,Male,Upper-Middle
3842,3060,Teerth Hayer,1998-06-14,Male,Lower-Middle
3843,3061,Yochana Mital,1994-10-18,Female,Lower
3844,3062,Krish Chokshi,2019-10-04,Male,Lower
3845,3063,Zehaan Patil,2007-02-07,Male,Lower
3846,3064,Fitan Ratta,1965-07-07,Male,Middle
3847,3065,Chandresh Saini,1993-06-06,Male,Lower-Middle
3848,3066,Nakul Murthy,1968-02-14,Male,Upper-Middle
3849,3067,Meghana Sekhon,2019-06-29,Female,Lower-Middle
3850,3068,Chandran Patel,1990-08-26,Male,Middle
3851,3069,Gopal Jayaraman,1955-02-26,Male,Lower
3852,3070,Jhalak Bobal,1974-07-19,Female,Lower
3853,3071,Yachana Narayan,1997-08-26,Female,Lower
3854,3072,Udyati Chandran,2008-10-16,Female,Lower-Middle
3855,3073,Radha Bedi,1964-12-05,Female,Upper
3856,3073,Aishani Bahri,1951-06-08,Female,Upper-Middle
3857,3074,Yahvi Wadhwa,2003-04-06,Female,Lower-Middle
3858,3075,Pranav Vig,2008-09-10,Male,Lower-Middle
3859,3076,Aahana Panchal,1961-12-14,Female,Upper
3860,3077,Omaja Karan,2015-04-27,Female,Lower
3861,3078,Shivansh Hans,1958-07-17,Male,Lower-Middle
3862,3079,Oni Kale,2013-01-12,Female,Upper-Middle
3863,3080,Hemang Garde,2021-03-31,Male,Lower-Middle
3864,3081,Fiyaz Tank,1984-08-05,Male,Lower-Middle
3865,3082,Girik Gola,1999-04-29,Male,Lower-Middle
3866,3083,Nathan Hayer,1957-08-17,Male,Lower
3867,3084,Owen Gade,1980-12-09,Male,Lower-Middle
3868,3085,Yatan Desai,1949-02-10,Male,Middle
3869,3086,Omaja Sehgal,1971-10-11,Female,Lower-Middle
3870,3086,Nilima Mistry,1979-09-17,Female,Middle
3871,3087,Dakshesh Prashad,1982-04-22,Male,Middle
3872,3088,Rehaan Goda,1981-04-15,Male,Lower
3873,3089,Liam Ahuja,1964-09-27,Male,Lower-Middle
3874,3090,Vansha Borde,1993-10-25,Female,Lower-Middle
3875,3091,Jyoti Sachdev,2017-05-22,Female,Lower-Middle
3876,3091,Aarnav Saxena,1953-07-15,Male,Upper-Middle
3877,3092,Christopher Dugal,1993-02-10,Male,Lower-Middle
3878,3092,Daniel Balasubramanian,1971-08-07,Male,Middle
3879,3093,Zinal Saraf,2007-03-07,Female,Upper
3880,3093,Adya Sood,1993-11-13,Female,Middle
3881,3094,Laksh Mall,1996-05-04,Male,Upper-Middle
3882,3094,Upadhriti Brahmbhatt,2001-02-01,Female,Middle
3883,3095,Victor Puri,1946-11-01,Male,Upper-Middle
3884,3096,Ojas Bhagat,1982-04-29,Male,Upper-Middle
3885,3097,Madhavi Agarwal,1956-08-01,Female,Lower-Middle
3886,3097,George Ramanathan,1996-03-03,Male,Middle
3887,3098,Utkarsh Radhakrishnan,1986-12-03,Male,Lower
3888,3099,Qasim Saini,1999-04-09,Male,Middle
3889,3100,Vasudha Hans,1964-06-28,Female,Lower-Middle
3890,3101,Wakeeta Mitra,1956-11-29,Female,Middle
3891,3101,Om Agate,2004-06-30,Male,Upper-Middle
3892,3102,Advaith Doshi,1978-05-18,Male,Upper-Middle
3893,3103,Avi Mishra,2003-07-18,Male,Middle
3894,3104,Dhriti Mukhopadhyay,2011-07-29,Female,Lower-Middle
3895,3105,Shaurya Chaudhari,1996-08-07,Male,Lower
3896,3106,Januja Shere,1975-06-10,Female,Lower-Middle
3897,3107,Oeshi Jani,1985-11-13,Female,Upper-Middle
3898,3108,Aachal Swaminathan,2017-06-03,Female,Lower
3899,3108,Turvi Dixit,1973-01-30,Female,Lower
3900,3109,Ranbir Choudhury,1993-05-22,Male,Middle
3901,3109,Wriddhish Choudhury,1952-05-28,Male,Middle
3902,3110,Rushil Dara,1999-08-11,Male,Lower
3903,3111,Imaran Sant,2008-02-03,Male,Lower-Middle
3904,3112,Oni Bhargava,1982-03-04,Female,Lower
3905,3113,Darpan Sharma,2009-05-28,Male,Lower-Middle
3906,3114,Upasna Jain,1959-09-05,Female,Middle
3907,3115,Samuel Savant,1949-12-05,Male,Middle
3908,3116,Arunima Shenoy,1982-06-09,Female,Lower-Middle
3909,3117,Bhavya Dixit,1965-11-22,Female,Lower
3910,3118,Aditya Varghese,2012-03-27,Male,Upper-Middle
3911,3119,Vrinda Sethi,2018-11-30,Female,Lower-Middle
3912,3120,Lavanya Kalita,2007-07-01,Female,Lower
3913,3120,Tamanna Wali,1998-11-05,Female,Upper-Middle
3914,3121,Gaurang Sekhon,1980-01-21,Male,Lower-Middle
3915,3122,Kamala Arora,1950-05-27,Female,Lower
3916,3122,Bachittar Nair,1980-07-23,Male,Middle
3917,3123,Osha Pant,1947-09-16,Female,Lower-Middle
3918,3123,Indali Kalita,1997-11-19,Female,Middle
3919,3124,Forum Chahal,1954-06-20,Female,Lower
3920,3125,Rayaan Sehgal,2016-07-24,Male,Upper-Middle
3921,3126,Lakshit Badami,2018-06-11,Male,Lower-Middle
3922,3127,Hemani Memon,2000-10-02,Female,Lower
3923,3128,Dhriti Khatri,2006-09-11,Female,Lower-Middle
3924,3129,Shivansh Nanda,1953-02-23,Male,Upper-Middle
3925,3129,Geetika Kalita,1959-12-09,Female,Lower
3926,3130,Tara Keer,2009-05-23,Female,Middle
3927,3131,Jasmit Dalal,1954-01-27,Female,Lower-Middle
3928,3132,Chatresh Vala,1955-09-07,Male,Lower-Middle
3929,3132,Sai Bajaj,1949-02-13,Female,Lower-Middle
3930,3133,Thomas Bava,1986-11-22,Male,Upper-Middle
3931,3134,Michael Manda,1981-02-26,Male,Lower
3932,3135,Oscar Bhattacharyya,1990-04-05,Male,Upper-Middle
3933,3136,Isaac Kumer,1966-09-23,Male,Middle
3934,3136,Charita Bora,1967-05-21,Female,Middle
3935,3137,Avni Bail,2013-08-28,Female,Lower
3936,3138,Aryan Sami,2016-08-31,Male,Upper-Middle
3937,3138,Madhav Morar,1956-07-09,Male,Lower
3938,3139,Unni Ramachandran,1958-08-09,Female,Lower-Middle
3939,3140,William Shukla,1966-03-28,Male,Upper-Middle
3940,3141,Gautami Agate,2001-03-25,Female,Lower-Middle
3941,3142,Arya Balan,1992-02-14,Female,Lower-Middle
3942,3143,Faraj Mammen,1947-02-14,Male,Middle
3943,3143,Wakeeta Sundaram,1989-05-26,Female,Upper-Middle
3944,3144,Hema Mane,1946-06-16,Female,Lower
3945,3145,Kala Bhargava,1972-05-21,Female,Lower
3946,3146,Rajeshri Bhattacharyya,2016-04-18,Female,Lower
3947,3147,Chakradhar Sem,1992-11-01,Male,Lower-Middle
3948,3147,Gaurav Doshi,1987-09-28,Male,Lower-Middle
3949,3148,Vinaya Saini,1981-06-17,Female,Middle
3950,3149,Krishna Pal,2014-05-30,Male,Lower-Middle
3951,3149,Hemangini Patil,1955-10-13,Female,Lower-Middle
3952,3150,Benjamin Anne,1964-01-31,Male,Lower-Middle
3953,3151,Jack Kala,1981-03-29,Male,Middle
3954,3152,Eta Savant,2011-09-22,Female,Lower
3955,3152,Baghyawati Wali,1990-02-02,Female,Upper-Middle
3956,3153,Fitan Sami,2014-06-04,Male,Lower
3957,3154,Jacob Patel,1995-12-29,Male,Lower
3958,3154,Ira Mall,1980-05-21,Female,Lower-Middle
3959,3155,Chakradev Khosla,2016-08-28,Male,Lower
3960,3155,Dhriti Dara,1988-03-07,Female,Lower-Middle
3961,3156,Waida Ravi,1983-03-01,Female,Upper-Middle
3962,3157,Qasim Chauhan,1974-03-20,Male,Middle
3963,3158,Qarin Kothari,1966-12-01,Male,Lower
3964,3159,Wahab Pathak,1947-06-07,Male,Lower-Middle
3965,3160,Yachana Kibe,1961-07-07,Female,Lower
3966,3161,Nathaniel Ganesan,1989-01-21,Male,Lower-Middle
3967,3161,Imaran Din,1983-06-23,Male,Middle
3968,3162,Ladli Dhillon,1958-08-08,Female,Middle
3969,3163,Priya Subramanian,2004-05-23,Female,Middle
3970,3163,Urmi Gandhi,2020-08-15,Female,Middle
3971,3164,Yatan Hora,1975-11-05,Male,Middle
3972,3164,Aditya Arora,2002-09-28,Male,Upper-Middle
3973,3165,Omaja Nanda,2016-09-28,Female,Lower-Middle
3974,3166,Niharika Vasa,1968-10-07,Female,Lower
3975,3167,Ansh Soni,2019-03-04,Male,Middle
3976,3168,Ranveer Grover,1995-04-03,Male,Upper-Middle
3977,3169,Thomas Gole,1971-04-18,Male,Lower
3978,3170,Advay Sangha,1966-12-07,Male,Lower-Middle
3979,3171,Yashica Sheth,1975-02-24,Female,Upper-Middle
3980,3172,Aditya Viswanathan,1953-10-07,Male,Middle
3981,3173,Qushi Yohannan,1963-08-20,Female,Lower
3982,3173,Shaurya Dhawan,1973-02-22,Male,Upper-Middle
3983,3174,Tara Sharma,1996-05-03,Female,Upper
3984,3174,Bhavika Chad,1995-11-27,Female,Middle
3985,3175,Ekanta Sengupta,1948-11-11,Female,Lower
3986,3176,Mason Chandran,1984-05-28,Male,Lower
3987,3177,Waida Nazareth,1997-03-20,Female,Upper-Middle
3988,3177,Jagvi Sura,1957-10-01,Female,Upper-Middle
3989,3178,Thomas Yogi,2009-11-06,Male,Lower
3990,3179,Zaitra Balasubramanian,1990-10-29,Female,Middle
3991,3180,Zehaan Gour,2018-12-23,Male,Lower-Middle
3992,3181,Hema Doctor,1975-11-20,Female,Lower-Middle
3993,3182,Noah Sethi,1995-01-16,Male,Lower-Middle
3994,3183,Yagnesh Ramachandran,1982-04-05,Male,Middle
3995,3184,Ojas Comar,1967-02-10,Male,Lower-Middle
3996,3184,Rehaan Dubey,1968-07-16,Male,Middle
3997,3185,Abeer Jha,1983-09-24,Male,Middle
3998,3186,Kabir Luthra,1963-06-08,Male,Lower
3999,3186,Darsh Kadakia,2016-01-04,Male,Lower
4000,3187,Vanya Borde,1996-09-20,Female,Lower-Middle
4001,3187,Tarak Jain,1981-04-30,Male,Lower-Middle
4002,3188,Baljiwan Bansal,1997-11-04,Male,Middle
4003,3189,Faqid Dhaliwal,1955-02-22,Male,Lower-Middle
4004,3190,Eta Varty,1996-12-10,Female,Lower
4005,3191,Michael Goyal,2011-07-05,Male,Upper-Middle
4006,3191,Yug Cherian,1953-04-29,Male,Lower-Middle
4007,3192,Ucchal Halder,1947-03-26,Female,Middle
4008,3193,Raghav Nath,2002-01-15,Male,Lower
4009,3194,Nisha Banerjee,1997-09-14,Female,Lower-Middle
4010,3195,Balhaar Dey,1974-09-11,Male,Lower
4011,3196,Frado Wadhwa,2019-11-20,Male,Lower
4012,3197,Yasti Venkataraman,1997-09-28,Female,Middle
4013,3198,Zaitra Biswas,1958-01-09,Female,Middle
4014,3198,Victor Chaudhary,1983-12-18,Male,Lower
4015,3199,Harsh Ratta,1949-01-10,Male,Lower
4016,3199,Samuel Vaidya,1949-07-12,Male,Upper-Middle
4017,3200,Zayyan Mangat,1981-01-24,Male,Lower
4018,3201,Henry Sura,1963-10-26,Male,Lower-Middle
4019,3202,Hardik Ghose,2004-04-07,Male,Upper-Middle
4020,3203,Yug Saha,1974-06-12,Male,Lower-Middle
4021,3204,Balhaar Borra,2014-03-04,Male,Middle
4022,3205,Nidra Kaul,2015-04-14,Female,Lower-Middle
4023,3206,Kavya Batra,2009-05-13,Female,Middle
4024,3206,Omya Prashad,2015-04-21,Female,Upper-Middle
4025,3207,Gaurang Dalal,2021-02-11,Male,Lower-Middle
4026,3207,Amol Bhatti,2017-01-26,Male,Lower-Middle
4027,3208,Maya Shere,1968-02-23,Female,Lower
4028,3209,Jhalak Cheema,1962-04-13,Female,Lower-Middle
4029,3210,Reyansh Parikh,2005-07-10,Male,Upper-Middle
4030,3211,Sara Amble,1975-02-05,Female,Lower-Middle
4031,3212,Ekaja Kala,1960-01-31,Female,Middle
4032,3213,Balendra Suri,2017-05-16,Male,Lower-Middle
4033,3214,Udarsh Badal,1987-07-06,Male,Upper-Middle
4034,3215,Jason Dey,2012-10-04,Male,Lower
4035,3216,Chakradhar Buch,2018-01-31,Male,Middle
4036,3217,Geetika Bajwa,2001-12-13,Female,Lower
4037,3218,Advik Lal,1961-05-15,Male,Lower
4038,3219,Orinder De,2007-04-05,Male,Middle
4039,3220,Siya Chakraborty,2020-10-30,Female,Lower
4040,3221,Aarna Padmanabhan,1976-03-11,Female,Lower-Middle
4041,3222,Ansh Bahl,1954-12-27,Male,Upper-Middle
4042,3222,Hemangini Naik,1954-04-22,Female,Lower-Middle
4043,3223,Sneha Gara,1966-10-12,Female,Lower
4044,3223,Adya Borde,1974-11-04,Female,Middle
4045,3224,Anamika Goda,1949-08-09,Female,Lower-Middle
4046,3225,Nimrat Ahluwalia,1955-09-16,Female,Lower
4047,3226,Rishi Ram,1956-09-29,Male,Lower-Middle
4048,3227,Saksham Banik,2008-11-17,Male,Lower-Middle
4049,3227,Ekbal Swaminathan,1966-11-12,Male,Middle
4050,3228,Lohit Patla,1952-02-23,Male,Lower
4051,3228,Urishilla Jayaraman,1993-04-13,Female,Upper
4052,3229,Kavya Jhaveri,1994-11-10,Female,Middle
4053,3230,Daksh Ratti,1971-01-20,Male,Lower-Middle
4054,3231,Ekaja Nanda,1954-10-27,Female,Middle
4055,3232,Nachiket Magar,1996-12-17,Male,Middle
4056,3233,Xavier Konda,1950-05-14,Male,Lower-Middle
4057,3234,Bishakha Nigam,1959-03-19,Female,Middle
4058,3234,Janya Dass,1949-07-11,Female,Lower-Middle
4059,3235,Vaishnavi Jain,1953-01-13,Female,Middle
4060,3236,Manan Acharya,2010-07-23,Male,Lower
4061,3236,Charita Jaggi,1991-07-14,Female,Lower-Middle
4062,3237,Sarthak Nazareth,1978-01-16,Male,Lower
4063,3238,Arya Kapadia,1997-10-13,Female,Lower
4064,3238,Yauvani Pathak,2010-12-07,Female,Lower-Middle
4065,3239,Irya Kant,1959-04-22,Female,Middle
4066,3240,Zayyan Bahl,1947-02-14,Male,Middle
4067,3241,Neha Chaudry,1998-11-12,Female,Upper-Middle
4068,3241,Saanvi Sura,1994-08-11,Female,Lower-Middle
4069,3242,Charita Mukherjee,2004-02-17,Female,Upper-Middle
4070,3243,Darsh Loyal,1998-10-18,Male,Middle
4071,3244,Aarnav Badami,1976-03-06,Male,Lower
4072,3245,Qasim Patel,2015-01-24,Male,Lower
4073,3246,Rishi Mani,1967-06-30,Male,Upper-Middle
4074,3247,Chavvi Thakkar,1959-11-25,Female,Upper-Middle
4075,3247,Ekiya Kala,1968-07-24,Female,Lower-Middle
4076,3248,Champak Prashad,1992-11-27,Male,Lower-Middle
4077,3249,Aarush Ravi,1947-09-09,Male,Lower
4078,3249,Widisha Palla,1949-12-08,Female,Upper-Middle
4079,3250,Pavani Dar,1967-07-09,Female,Middle
4080,3250,Vedhika Solanki,1993-10-04,Female,Upper-Middle
4081,3251,Meera Rattan,1958-05-07,Female,Middle
4082,3252,Gauri Dhillon,2015-08-27,Female,Lower-Middle
4083,3253,Guneet Sankar,1992-08-05,Male,Lower
4084,3254,Yahvi Gala,1946-12-01,Female,Lower-Middle
4085,3254,Aadhya Kurian,2021-03-02,Female,Lower-Middle
4086,3255,Chaitaly Balan,1976-06-24,Female,Lower-Middle
4087,3256,Pallavi Karan,1984-03-24,Female,Middle
4088,3257,Raghav Merchant,1957-07-25,Male,Lower
4089,3257,Mugdha Dhar,2009-05-14,Female,Lower-Middle
4090,3258,Theodore Merchant,1991-06-02,Male,Middle
4091,3258,Bhavika Minhas,1994-12-26,Female,Lower-Middle
4092,3259,Isha Aurora,1952-06-19,Other,Lower-Middle
4093,3259,Elijah Badami,2003-08-02,Male,Lower-Middle
4094,3260,Niharika Singhal,1972-03-08,Female,Lower-Middle
4095,3261,Simon Kumar,1963-12-10,Male,Upper
4096,3262,Ekiya Kumar,1973-03-07,Female,Lower
4097,3262,Charita Barad,1948-11-29,Female,Lower
4098,3263,Leena Naik,1953-04-01,Female,Lower
4099,3264,Libni Sani,1985-12-22,Female,Middle
4100,3265,Ansh Dora,1972-07-01,Male,Upper
4101,3266,Aarini Sarraf,1985-10-07,Female,Lower-Middle
4102,3267,Yatan Bhargava,2003-10-09,Male,Upper-Middle
4103,3268,Fiyaz Ghose,1994-12-10,Male,Middle
4104,3269,Oviya Naidu,1973-01-18,Female,Upper-Middle
4105,3269,Girindra Kumar,1958-03-27,Male,Lower-Middle
4106,3270,Shivansh Grewal,1970-12-12,Male,Lower-Middle
4107,3270,Oscar Mistry,1954-12-18,Male,Upper-Middle
4108,3271,Reva Lata,1949-10-31,Female,Lower-Middle
4109,3272,Rishi Kota,2006-08-30,Male,Middle
4110,3272,Parth Loyal,2020-12-30,Male,Middle
4111,3273,Deepa Sehgal,1971-02-10,Female,Lower
4112,3274,Jagvi Ravi,1959-08-07,Female,Lower-Middle
4113,3274,Gautami Sampath,1993-09-15,Female,Middle
4114,3275,Chatura Deshpande,1953-10-28,Male,Lower-Middle
4115,3275,Lucky Raju,1983-05-05,Male,Upper-Middle
4116,3276,Wakeeta Puri,1980-11-18,Female,Lower-Middle
4117,3277,Pranav Raja,1968-08-12,Male,Lower
4118,3278,Arunima Lal,1993-07-30,Female,Upper-Middle
4119,3279,Brinda Mohan,1979-04-06,Female,Upper
4120,3280,Pranav Sidhu,1947-08-30,Male,Lower-Middle
4121,3280,Yasti Sankaran,1961-11-03,Female,Lower-Middle
4122,3281,Eshana Verma,1992-05-26,Female,Middle
4123,3281,Damyanti Krishna,1977-12-25,Female,Middle
4124,3282,Neel Nath,1964-09-19,Male,Upper-Middle
4125,3282,Jatin Grewal,2019-03-27,Male,Upper-Middle
4126,3283,Om Dalal,2018-08-01,Male,Middle
4127,3284,Zarna Banik,1993-01-07,Female,Lower
4128,3285,Harshil Basak,1991-08-27,Male,Middle
4129,3286,Abhimanyu Sant,2012-02-01,Male,Upper-Middle
4130,3287,Abhimanyu Kar,1952-10-04,Male,Middle
4131,3288,Maanav Bahl,1959-10-09,Male,Lower-Middle
4132,3289,Wazir Shetty,2000-03-23,Male,Middle
4133,3290,Bachittar Das,1947-11-25,Male,Lower-Middle
4134,3290,Abeer Suri,1959-05-11,Male,Lower-Middle
4135,3291,Anay Pandya,2011-07-20,Male,Upper-Middle
4136,3291,Michael Pall,1983-04-13,Male,Middle
4137,3292,Tejas Dada,1987-08-24,Male,Lower-Middle
4138,3293,Utkarsh Saraf,2009-08-12,Male,Upper-Middle
4139,3294,Niharika Korpal,1961-05-20,Female,Upper-Middle
4140,3295,Quincy Sachdev,2012-12-13,Male,Middle
4141,3296,Divya Shenoy,1967-10-15,Other,Upper
4142,3296,Gautam Rege,1976-05-16,Male,Lower
4143,3297,Wazir Kamdar,1968-04-26,Male,Upper-Middle
4144,3297,Vedant Suresh,1951-05-17,Other,Lower
4145,3298,Chaaya Baria,1989-12-19,Female,Middle
4146,3299,Samaksh Nagi,1960-05-25,Male,Middle
4147,3300,Azad Kaur,1987-06-25,Male,Lower-Middle
4148,3301,Advaith Sen,1999-08-04,Male,Middle
4149,3302,Falan Tripathi,2005-12-16,Male,Lower
4150,3302,Brijesh Sankar,1950-01-29,Male,Lower-Middle
4151,3303,Chameli Chauhan,2009-08-11,Female,Upper-Middle
4152,3304,Gauri Loyal,1970-11-11,Female,Lower-Middle
4153,3305,Tanish Khosla,2005-08-12,Male,Lower-Middle
4154,3306,Janaki Shere,1979-06-23,Female,Lower-Middle
4155,3307,Bahadurjit Kamdar,1955-10-11,Male,Lower
4156,3308,Gopal Mani,1955-10-02,Male,Lower
4157,3309,Orinder Subramaniam,1961-10-10,Male,Upper-Middle
4158,3310,Ekbal Sachdev,1962-06-16,Male,Upper-Middle
4159,3311,Chatura Mangat,2008-04-24,Male,Middle
4160,3312,Harinakshi Bakshi,2006-02-17,Female,Lower
4161,3313,Joshua Shenoy,2018-11-06,Male,Lower-Middle
4162,3314,Ishwar Padmanabhan,1988-01-02,Male,Lower-Middle
4163,3315,Meera Naik,1993-01-12,Female,Lower
4164,3315,Niharika Seth,1971-12-09,Female,Middle
4165,3316,Chandran Randhawa,2015-03-14,Male,Lower-Middle
4166,3317,Gaurang Ravel,2000-04-21,Male,Upper-Middle
4167,3317,Warjas Bahl,1947-05-31,Male,Lower-Middle
4168,3318,Isaac Hayer,1951-09-16,Male,Upper
4169,3318,Neha Pau,2010-01-13,Female,Lower-Middle
4170,3319,Samaksh Prakash,2004-07-17,Male,Lower
4171,3320,Yochana Wagle,1951-12-19,Female,Lower
4172,3321,Bakhshi Trivedi,1950-09-03,Male,Lower-Middle
4173,3321,Lohit Mane,2000-04-07,Male,Lower-Middle
4174,3322,Frederick Sankaran,1954-06-19,Male,Lower
4175,3322,Harshil Lala,1996-12-01,Male,Lower-Middle
4176,3323,Vasudha Kalla,2004-08-04,Female,Upper-Middle
4177,3324,Chaaya Lala,1972-02-04,Female,Lower-Middle
4178,3324,Yauvani Chada,1971-05-24,Female,Lower
4179,3325,Ekalinga Doshi,1972-12-12,Male,Lower-Middle
4180,3326,Niharika Nori,1946-06-15,Female,Lower
4181,3327,Aarav Vohra,1976-10-26,Male,Lower-Middle
4182,3328,Dayita Buch,2000-03-23,Female,Middle
4183,3329,Yash Sachar,1980-04-01,Male,Lower-Middle
4184,3330,Waida Hora,2000-12-11,Female,Middle
4185,3331,Harsh Kaur,2010-03-11,Male,Lower
4186,3332,Faris Sura,2021-07-14,Male,Upper-Middle
4187,3332,Bishakha Patla,1992-07-15,Female,Lower
4188,3333,George Patla,2014-02-09,Male,Middle
4189,3334,Anay Gill,1957-07-25,Male,Upper-Middle
4190,3334,Sneha Sur,1954-03-04,Female,Lower
4191,3335,Atharv Khare,1978-10-16,Male,Lower
4192,3336,Bina Solanki,2016-06-16,Female,Lower
4193,3337,Saksham Arya,1966-07-27,Male,Upper-Middle
4194,3338,Dayita Atwal,2009-10-14,Other,Middle
4195,3338,Triveni Krishna,2017-10-08,Female,Upper-Middle
4196,3339,Aarav Nigam,1949-08-28,Male,Lower
4197,3339,Chaitanya Sahni,2010-12-20,Male,Upper-Middle
4198,3340,Gabriel Wali,2015-01-17,Male,Lower
4199,3341,Vamakshi Kant,2019-01-13,Female,Lower
4200,3342,Jasmit Bhardwaj,2021-03-24,Female,Middle
4201,3343,Hiral Sem,2015-11-19,Female,Middle
4202,3343,Mahika Sandal,1992-12-12,Female,Lower
4203,3344,Nathan Konda,2002-12-08,Male,Lower-Middle
4204,3345,Jairaj Ghosh,1951-05-09,Male,Upper-Middle
4205,3346,Geetika Mital,2015-03-05,Female,Lower-Middle
4206,3347,Chandran Chada,1991-11-25,Male,Lower-Middle
4207,3347,Fariq Kashyap,1952-08-11,Male,Middle
4208,3348,Yahvi Balan,1954-04-26,Female,Upper
4209,3349,Sanya Swamy,1950-08-17,Female,Middle
4210,3349,Lakshit Brahmbhatt,1966-01-03,Male,Upper-Middle
4211,3350,Joshua Menon,2005-01-30,Male,Upper-Middle
4212,3351,Gauri Barad,1972-12-18,Female,Lower
4213,3351,Eesha Mane,2020-03-09,Female,Lower
4214,3352,Mitesh Thakur,1990-05-30,Male,Middle
4215,3353,Idika Kala,2006-08-07,Female,Lower-Middle
4216,3354,Bakhshi Srinivasan,1975-08-31,Male,Lower
4217,3355,Varsha Sharaf,2000-12-16,Female,Middle
4218,3355,Sarthak Guha,1990-09-12,Male,Lower
4219,3356,Kashvi Reddy,2021-05-22,Female,Lower
4220,3356,Tanay Parsa,2010-02-12,Male,Lower-Middle
4221,3357,Baljiwan Sachar,2020-03-23,Male,Middle
4222,3358,Imaran Sagar,2000-08-11,Male,Lower
4223,3359,Jatin Soni,1996-02-06,Male,Upper
4224,3360,Chaman Tripathi,1982-08-09,Female,Middle
4225,3361,Janya Oommen,2011-02-12,Female,Middle
4226,3361,Wridesh Tandon,2016-12-06,Male,Lower-Middle
4227,3362,Ekapad Malhotra,1991-09-13,Male,Lower-Middle
4228,3363,Triveni Borah,2018-06-12,Female,Middle
4229,3364,Urvi Manne,1988-01-03,Female,Lower-Middle
4230,3365,Girish Purohit,1950-08-23,Male,Lower
4231,3366,Eiravati Luthra,1981-11-14,Female,Lower-Middle
4232,3367,Aahana Gopal,1993-05-12,Female,Middle
4233,3368,Yuvraj Bhatia,1966-09-08,Male,Upper
4234,3369,Wakeeta Varughese,1969-02-01,Female,Lower-Middle
4235,3370,Balendra Rao,1960-04-16,Male,Lower
4236,3371,Jackson Sarma,2001-06-23,Male,Middle
4237,3372,Faris Manne,1945-11-18,Male,Lower
4238,3373,Alexander Modi,1974-08-23,Male,Lower-Middle
4239,3373,Joshua Chana,1966-11-14,Male,Lower-Middle
4240,3374,Aayush Vala,1996-08-13,Male,Middle
4241,3374,Nathaniel Dara,1947-08-08,Male,Lower
4242,3375,Dalaja Shere,1945-12-15,Female,Upper
4243,3376,Zayan Jhaveri,1973-08-28,Male,Middle
4244,3377,Kamya Datta,1986-11-28,Female,Middle
4245,3378,Fiyaz Sinha,1995-07-03,Male,Lower
4246,3379,Gautam Parmer,1951-05-12,Male,Upper-Middle
4247,3379,Tamanna Prakash,2006-07-20,Female,Middle
4248,3380,Qabil Nagarajan,2010-02-25,Male,Lower-Middle
4249,3381,Ranbir Kala,1965-09-28,Male,Upper
4250,3382,Aashi Tandon,1945-12-20,Female,Lower
4251,3383,Ronith Bhargava,1991-06-15,Male,Middle
4252,3384,Wakeeta Kade,2016-10-06,Female,Lower
4253,3385,Dalbir Behl,2000-08-14,Male,Lower-Middle
4254,3386,Akshay Sankar,1997-03-10,Male,Lower-Middle
4255,3387,Samar Bhavsar,1992-03-14,Male,Upper-Middle
4256,3388,Balveer Sastry,1997-01-16,Male,Upper
4257,3389,Aishani Gala,1985-06-14,Female,Middle
4258,3390,Ridhi Puri,2008-07-20,Female,Upper-Middle
4259,3390,Brijesh Memon,1974-07-07,Male,Lower
4260,3391,Rishi Seth,1990-03-12,Male,Upper
4261,3392,Ojas Pathak,1981-04-23,Male,Middle
4262,3393,Adweta Rajagopalan,2021-04-15,Female,Middle
4263,3394,Lipika Gole,2002-05-31,Female,Lower-Middle
4264,3395,Quincy Hayer,1977-08-01,Male,Middle
4265,3396,Mohammed Saran,2000-01-04,Male,Lower-Middle
4266,3397,Arya D’Alia,2015-06-23,Female,Lower
4267,3398,Nathaniel Varughese,2021-03-15,Male,Middle
4268,3398,Maanas Chokshi,1984-11-19,Male,Lower-Middle
4269,3399,Gopal Saini,1975-11-23,Male,Lower-Middle
4270,3400,Tristan Lad,1990-12-11,Male,Lower-Middle
4271,3401,Ekapad Ramakrishnan,1961-12-29,Male,Lower
4272,3402,Varenya Bhalla,1967-12-15,Female,Lower
4273,3403,Hemang Bains,1985-03-03,Male,Middle
4274,3403,Hritik Boase,1967-10-06,Male,Middle
4275,3404,Rudra Maharaj,1989-07-27,Other,Lower
4276,3404,Thomas Balasubramanian,1951-02-08,Male,Middle
4277,3405,Hiral Oommen,2000-02-14,Female,Lower
4278,3406,Watika Deep,1979-07-01,Female,Lower-Middle
4279,3406,Rayaan Kadakia,2002-07-29,Male,Upper-Middle
4280,3407,Sanya Vyas,1972-06-29,Other,Lower
4281,3408,Bina Prabhakar,1960-05-23,Female,Lower-Middle
4282,3408,Meghana Chaudhary,1977-09-03,Female,Lower
4283,3409,Watika Shah,2011-04-23,Female,Lower
4284,3410,Widisha Patel,1972-12-27,Female,Lower-Middle
4285,3410,Dominic Madan,1997-08-31,Male,Middle
4286,3411,Ikbal Sidhu,1956-05-13,Male,Lower-Middle
4287,3411,Warinder Murthy,1990-03-27,Male,Middle
4288,3412,Daniel Deo,1949-08-19,Male,Upper-Middle
4289,3413,Oviya Lalla,1948-10-15,Female,Lower-Middle
4290,3414,Liam Misra,1973-03-19,Male,Lower-Middle
4291,3415,Saanvi Sekhon,2000-06-23,Female,Lower
4292,3416,Darpan Keer,1998-06-07,Male,Lower
4293,3417,Yagnesh Madan,2019-10-31,Male,Upper
4294,3418,Zehaan Raman,1946-08-24,Male,Upper-Middle
4295,3419,Yochana Samra,1977-02-07,Female,Middle
4296,3419,Manthan Das,2018-12-04,Male,Lower
4297,3420,Ojasvi Barad,1984-05-13,Female,Middle
4298,3421,Lohit Manne,1980-12-23,Male,Middle
4299,3422,Liam Grewal,2007-11-16,Male,Lower
4300,3423,Varsha Devi,1994-11-05,Female,Upper-Middle
4301,3424,Laban Oza,1966-01-10,Male,Lower-Middle
4302,3425,Samesh Bhatt,1953-10-28,Male,Lower
4303,3426,Jonathan Sharma,1967-09-26,Male,Upper-Middle
4304,3427,Manya Bhakta,2007-08-25,Female,Lower
4305,3428,Chandani Korpal,1962-05-26,Female,Upper-Middle
4306,3428,Sai Amble,1978-02-04,Female,Middle
4307,3429,Frado Balasubramanian,1976-08-14,Male,Lower-Middle
4308,3430,Samuel Virk,1961-03-17,Male,Lower
4309,3431,Quincy Warrior,2012-11-17,Male,Lower
4310,3431,Veda Acharya,2009-06-17,Female,Middle
4311,3432,Amruta Cherian,1971-08-02,Female,Upper-Middle
4312,3433,Gabriel Naidu,1999-02-12,Male,Lower
4313,3434,William Modi,1999-03-20,Male,Upper
4314,3435,Chakradhar Srinivas,2011-03-10,Male,Lower
4315,3436,Zilmil Rau,1970-03-18,Other,Middle
4316,3437,Samar Sarraf,2017-05-01,Male,Upper-Middle
4317,3438,Bhavya Raval,1977-03-03,Female,Upper-Middle
4318,3439,Shivani Johal,2018-03-26,Female,Upper-Middle
4319,3440,Jai Anne,1972-06-19,Male,Lower-Middle
4320,3441,Samarth Dayal,1986-10-12,Male,Middle
4321,3442,Nidra Bala,1979-12-13,Female,Lower-Middle
4322,3443,Rushil Peri,1983-03-18,Male,Middle
4323,3444,Varsha Balasubramanian,1988-02-09,Female,Lower-Middle
4324,3445,Ronith Mishra,1982-02-24,Male,Middle
4325,3446,Kabir Nayar,1984-08-18,Male,Middle
4326,3446,Ekaja Chopra,2008-10-31,Female,Lower
4327,3447,Frederick Bava,2019-02-24,Male,Lower-Middle
4328,3447,Brinda Goda,2017-10-23,Female,Lower-Middle
4329,3448,Joshua Tripathi,1967-10-16,Male,Lower
4330,3448,Advik Gaba,1948-02-03,Male,Middle
4331,3449,Krishna Rajan,1989-04-09,Female,Upper
4332,3450,Maanas Pant,1999-11-22,Male,Lower
4333,3451,Ubika Baral,1950-10-03,Female,Lower
4334,3451,Frado Kamdar,1971-02-21,Male,Upper-Middle
4335,3452,Nakul Deol,1986-06-06,Male,Lower
4336,3453,Laban Das,1988-03-03,Male,Lower
4337,3453,Nihal Varkey,1981-11-10,Male,Middle
4338,3454,Vihaan Sampath,2015-12-08,Male,Middle
4339,3454,Chakradhar Ghosh,2010-11-30,Male,Lower
4340,3455,Hardik Khurana,1976-04-27,Male,Lower-Middle
4341,3455,Nitesh Sarin,1987-10-28,Male,Middle
4342,3456,Advaith Chander,2020-07-31,Male,Lower-Middle
4343,3456,Lavanya Nagi,2006-06-22,Female,Lower-Middle
4344,3457,Ranbir Chacko,2001-11-26,Male,Middle
4345,3457,Rajata Bera,2001-12-08,Female,Middle
4346,3458,Bachittar Atwal,1974-08-20,Male,Lower-Middle
4347,3459,Mitesh Bhatnagar,2011-10-17,Male,Lower-Middle
4348,3460,Hemangini Reddy,1995-09-14,Female,Upper-Middle
4349,3461,Hitesh Kumer,2003-10-16,Male,Middle
4350,3461,Radhika Manda,2003-12-27,Female,Middle
4351,3462,Eesha Bhatia,1975-07-13,Female,Lower-Middle
4352,3463,Samesh Sha,1969-02-24,Male,Lower-Middle
4353,3463,Leena Mittal,1952-08-01,Female,Middle
4354,3464,Yashvi Ghose,2014-12-18,Female,Upper
4355,3465,Netra Kade,1990-12-26,Female,Lower-Middle
4356,3466,Omkaar Lala,1970-01-21,Male,Lower
4357,3467,Tanveer Dass,2018-01-26,Male,Upper-Middle
4358,3468,Aadhya Taneja,2015-02-09,Female,Lower
4359,3469,Kritika Toor,1984-02-25,Female,Upper-Middle
4360,3469,Ojas Bora,1978-11-11,Male,Lower-Middle
4361,3470,Anthony Sheth,1982-09-20,Male,Lower
4362,3471,Zayan Nadig,1948-01-18,Male,Upper
4363,3472,Ekantika Lad,1952-08-01,Female,Middle
4364,3473,Nakul Luthra,2002-05-19,Male,Lower
4365,3473,Brinda Deep,1953-08-17,Female,Middle
4366,3474,Alka Sankar,1960-04-28,Female,Lower-Middle
4367,3475,Owen Sha,1975-04-11,Male,Lower-Middle
4368,3476,Garima Narasimhan,1977-12-24,Female,Lower
4369,3476,Kala Dani,1988-06-27,Female,Middle
4370,3477,Saanvi More,1976-07-20,Female,Lower
4371,3478,Lopa Datta,2019-12-27,Female,Upper
4372,3479,Oeshi Kumar,1947-10-31,Female,Lower-Middle
4373,3480,Fitan Kade,1960-02-29,Male,Lower
4374,3481,Arunima Sodhi,2013-02-09,Female,Lower
4375,3481,Abhimanyu Oommen,1971-04-02,Male,Upper
4376,3482,Anjali Khatri,1982-06-30,Female,Lower-Middle
4377,3483,Girik Dutt,1998-05-23,Male,Lower
4378,3484,Amaira Narayanan,1995-02-12,Female,Middle
4379,3485,Oscar Raja,1965-08-19,Male,Middle
4380,3486,Yadavi Prabhu,1997-11-15,Female,Upper-Middle
4381,3486,Timothy Kanda,1976-10-05,Male,Lower-Middle
4382,3487,Maanav Johal,1955-04-15,Male,Lower
4383,3488,Parth Buch,2018-12-17,Male,Lower
4384,3489,Tristan Sarraf,2017-10-08,Male,Middle
4385,3490,Abhimanyu Oak,2011-03-06,Male,Upper-Middle
4386,3490,Yashoda Kibe,2006-03-12,Female,Lower
4387,3491,Abeer Bobal,2004-05-09,Male,Upper-Middle
4388,3491,Madhav Raval,1947-12-13,Male,Lower
4389,3492,Madhav Om,2002-08-21,Male,Lower-Middle
4390,3493,Odika Purohit,2009-03-13,Female,Lower-Middle
4391,3493,Henry Dugar,2006-06-10,Male,Lower-Middle
4392,3494,Yashica Sekhon,1994-01-29,Female,Lower-Middle
4393,3495,Omya Bera,2020-09-07,Female,Middle
4394,3496,Dominic Banerjee,2011-08-19,Male,Lower-Middle
4395,3497,Edhitha Bath,1979-11-05,Female,Lower-Middle
4396,3498,Arjun Shere,1984-09-01,Male,Lower
4397,3499,Aishani Rastogi,1980-11-17,Female,Lower-Middle
4398,3500,Wriddhish Talwar,1971-06-01,Male,Upper-Middle
4399,3500,Anvi Dixit,1986-01-28,Female,Middle
4400,3501,Lipika Arya,2010-07-18,Female,Lower
4401,3501,Chandresh Sule,1956-07-08,Male,Lower-Middle
4402,3502,Dipta Bir,1970-02-25,Female,Middle
4403,3503,Guneet Rao,2011-12-29,Male,Lower-Middle
4404,3504,Bimala Rana,1979-12-04,Female,Middle
4405,3505,Tarak Butala,1998-12-05,Male,Upper-Middle
4406,3506,Ucchal Maharaj,2011-04-30,Female,Middle
4407,3507,Akshay Suresh,1975-06-18,Male,Upper-Middle
4408,3507,Hemani Savant,1992-01-13,Female,Lower-Middle
4409,3508,Qadim Deshmukh,1948-12-05,Male,Middle
4410,3509,Chatresh Hans,1947-02-03,Male,Lower-Middle
4411,3510,Bishakha Raju,1956-06-06,Female,Middle
4412,3511,Hemal Chana,1990-07-09,Female,Upper
4413,3511,Aradhana Bhargava,2012-07-14,Female,Lower-Middle
4414,3512,Bakhshi Rajagopal,1996-12-02,Male,Lower-Middle
4415,3513,Henry Barad,2020-05-14,Male,Middle
4416,3514,Advik Minhas,1965-09-23,Male,Lower
4417,3515,Chanakya Rao,2012-04-28,Male,Lower
4418,3516,Hitesh De,1986-06-17,Male,Lower-Middle
4419,3517,Jonathan Mand,2010-01-27,Male,Lower
4420,3518,Anirudh Rai,1952-02-07,Male,Middle
4421,3519,Bhavani Sani,2007-05-10,Female,Lower
4422,3520,Xalak Setty,2017-06-12,Female,Lower
4423,3520,Balhaar Kumer,1962-03-05,Male,Lower-Middle
4424,3521,Anmol Bhasin,2008-01-09,Male,Lower
4425,3521,Agastya Thakur,1980-07-17,Male,Upper
4426,3522,Arin Cheema,1958-06-21,Male,Lower-Middle
4427,3523,Azaan Pai,1998-09-17,Male,Middle
4428,3524,Viraj Sangha,1990-08-04,Male,Upper-Middle
4429,3525,Vasana Patla,2006-10-05,Female,Lower-Middle
4430,3526,Isaiah Kar,1999-10-07,Male,Upper
4431,3527,Nathaniel Mammen,2012-02-12,Male,Upper-Middle
4432,3528,Advaith Kalla,2011-04-14,Male,Lower-Middle
4433,3528,Suhani Murty,1967-08-13,Female,Lower-Middle
4434,3529,Anthony Yogi,1946-02-21,Male,Lower-Middle
4435,3530,Nakul Kala,1971-11-19,Male,Lower-Middle
4436,3531,Hitesh Bakshi,1981-06-06,Male,Lower-Middle
4437,3532,Agastya Sheth,1949-12-05,Male,Middle
4438,3533,Amaira Dube,1998-12-22,Female,Middle
4439,3534,Priya Nazareth,1981-03-06,Female,Lower
4440,3535,Oscar Jain,2004-08-16,Male,Lower-Middle
4441,3535,Chaitanya Samra,1974-03-24,Male,Middle
4442,3536,Panini Buch,1959-09-14,Female,Middle
4443,3537,Ekavir Jain,1952-09-15,Male,Upper
4444,3538,Priya Tripathi,1967-11-02,Female,Lower-Middle
4445,3538,Wazir Gill,1998-05-19,Male,Upper-Middle
4446,3539,Jeet Balakrishnan,2019-08-02,Male,Lower-Middle
4447,3540,Kai Arya,2018-05-21,Male,Lower
4448,3541,Chaaya Chhabra,1968-03-01,Female,Middle
4449,3542,Zayan Bail,1986-09-19,Male,Lower-Middle
4450,3543,Kala Bhasin,1999-09-05,Female,Middle
4451,3543,Vedika Sule,1962-10-20,Female,Upper-Middle
4452,3544,Daksha Deol,2006-02-17,Female,Lower
4453,3545,Tanmayi Varty,1959-12-03,Female,Lower-Middle
4454,3545,Champak Setty,2002-02-04,Male,Lower-Middle
4455,3546,Kamala Pillai,1963-01-19,Female,Upper-Middle
4456,3547,Ojas Doshi,2002-06-15,Male,Upper-Middle
4457,3548,Harrison Seth,1961-02-15,Male,Lower-Middle
4458,3549,Abeer Seth,1946-06-06,Male,Upper-Middle
4459,3550,Tripti Vora,2004-06-26,Female,Upper-Middle
4460,3551,Ubika Mohanty,1959-04-06,Female,Lower-Middle
4461,3551,Vritti Keer,1993-02-27,Female,Lower-Middle
4462,3552,Unni Nayak,1971-08-04,Female,Lower
4463,3552,Mugdha Grewal,1992-03-10,Female,Lower
4464,3553,Nitara Sharaf,2005-12-31,Female,Middle
4465,3554,Xalak Subramaniam,1975-08-17,Female,Upper
4466,3555,Chanchal Rama,1998-01-13,Female,Middle
4467,3556,Isaac Dyal,1979-06-12,Male,Lower-Middle
4468,3557,Amruta Chaudhry,1981-08-10,Female,Lower-Middle
4469,3557,Qushi Bhatia,2005-05-28,Female,Lower
4470,3558,Parth Chatterjee,1997-04-01,Male,Lower-Middle
4471,3559,Ekavir Kapoor,1953-06-03,Male,Lower-Middle
4472,3560,Yagnesh Swamy,1966-01-29,Male,Upper-Middle
4473,3561,Shaurya Borra,1957-12-25,Male,Middle
4474,3562,Pooja Karpe,1976-11-07,Female,Upper-Middle
4475,3563,Chakradev Ramaswamy,1962-08-23,Male,Middle
4476,3564,Teerth Goyal,2020-01-21,Male,Lower-Middle
4477,3565,Naveen Rege,1999-08-26,Male,Middle
4478,3566,Gopal Bala,2018-05-15,Male,Middle
4479,3567,Pushti Chacko,2016-07-29,Female,Lower
4480,3567,Karan Iyengar,1982-11-04,Male,Lower-Middle
4481,3568,Tanvi Krish,1989-04-28,Female,Lower-Middle
4482,3569,Zarna Bhat,2016-08-14,Female,Middle
4483,3570,Timothy Kothari,1984-03-28,Male,Upper-Middle
4484,3571,Elijah Menon,1980-12-31,Male,Upper-Middle
4485,3572,Simon Sheth,1998-04-17,Male,Lower-Middle
4486,3573,Charvi Yadav,2012-04-30,Female,Upper-Middle
4487,3573,Jai Bail,2000-12-08,Male,Lower-Middle
4488,3574,Yahvi Mitra,1963-04-18,Female,Lower-Middle
4489,3575,Ekaraj Raman,2017-06-07,Male,Lower
4490,3575,Nidhi Virk,2011-04-10,Female,Middle
4491,3576,Harini Nayak,1959-09-22,Female,Lower
4492,3576,Frado Baria,2021-04-10,Male,Lower-Middle
4493,3577,Owen Lanka,2017-02-25,Male,Lower-Middle
4494,3577,Ranbir Dey,2005-02-26,Male,Lower-Middle
4495,3578,Harshil Kapoor,1959-06-06,Male,Lower-Middle
4496,3579,Pahal Verma,1958-08-16,Female,Lower
4497,3580,Vidhi Ramaswamy,2000-04-21,Female,Middle
4498,3581,Kiaan Amble,1980-05-23,Male,Lower
4499,3582,Timothy Krishnan,1981-02-02,Male,Upper-Middle
4500,3583,Simon Om,1970-04-27,Male,Middle
4501,3584,Chavvi Rattan,2000-02-16,Other,Lower
4502,3585,Dakshesh Sachar,1969-10-04,Male,Upper-Middle
4503,3585,Waida Prabhakar,1955-05-10,Female,Upper-Middle
4504,3586,Damini Kota,1996-02-08,Female,Upper-Middle
4505,3587,Manthan Narang,1980-12-30,Male,Lower
4506,3587,Akshay Narain,1946-07-03,Male,Middle
4507,3588,Raagini Sarraf,1980-11-23,Female,Lower
4508,3589,Zansi Bassi,2011-07-03,Female,Middle
4509,3590,Shaurya Muni,2018-04-22,Male,Upper-Middle
4510,3591,Manthan Contractor,1976-04-09,Male,Lower
4511,3592,Daniel Gola,2007-08-13,Male,Lower-Middle
4512,3593,Aradhana Tandon,2018-06-15,Female,Upper
4513,3593,Guneet Palla,1984-06-24,Male,Upper
4514,3594,Devansh Kunda,1994-11-05,Male,Upper-Middle
4515,3595,Luke Yadav,1961-09-09,Male,Middle
4516,3596,Abhimanyu Gulati,1995-02-26,Male,Lower-Middle
4517,3597,Mohammed Chokshi,2011-11-04,Male,Lower
4518,3598,Ira Mukhopadhyay,2000-12-24,Other,Lower-Middle
4519,3599,Lekha Chaudhary,1959-08-01,Female,Upper-Middle
4520,3600,Anamika Chaudhry,1985-05-26,Female,Lower
4521,3600,Janya Buch,1968-08-04,Female,Lower-Middle
4522,3601,Naksh Venkatesh,1979-08-13,Male,Lower-Middle
4523,3602,Aarna Chaudhary,1963-11-12,Female,Middle
4524,3603,Vyanjana Borah,1963-12-21,Female,Lower-Middle
4525,3604,Wishi Cheema,1989-04-26,Female,Lower-Middle
4526,3604,Zashil Nigam,1972-01-10,Male,Middle
4527,3605,Chanakya Seshadri,1983-11-20,Male,Lower-Middle
4528,3606,Widisha Krishnan,1947-06-11,Female,Middle
4529,3606,Inaya Balakrishnan,2018-09-27,Female,Middle
4530,3607,Fiyaz Basu,2000-04-18,Male,Upper
4531,3607,Chasmum Ramachandran,1989-11-16,Female,Lower-Middle
4532,3608,Amol Dubey,1978-11-23,Male,Lower-Middle
4533,3609,Ucchal Krishnamurthy,1989-05-09,Female,Middle
4534,3610,Triya Nagar,2021-01-31,Female,Middle
4535,3610,Dhruv Vohra,1947-06-23,Male,Lower-Middle
4536,3611,Jagat Rajan,1989-02-13,Male,Lower-Middle
4537,3612,Hemal Sachdev,1951-06-28,Female,Lower
4538,3612,Aarna Patla,2019-07-16,Female,Upper
4539,3613,Darpan Vora,2020-08-15,Male,Lower
4540,3614,Aarini Kota,1945-07-17,Female,Lower-Middle
4541,3615,Ojas Hayer,2007-08-10,Male,Upper
4542,3616,Rushil Viswanathan,2010-09-26,Male,Lower-Middle
4543,3616,Garima Behl,1971-06-25,Female,Middle
4544,3617,Utkarsh Bobal,1953-11-22,Male,Middle
4545,3618,Simon Garde,1968-03-02,Male,Lower
4546,3619,Vivaan Radhakrishnan,1998-10-30,Male,Middle
4547,3620,Daksh Peri,1982-02-28,Male,Lower
4548,3621,Priya Bir,1953-08-20,Female,Upper-Middle
4549,3622,Aarav Date,2007-05-16,Male,Lower
4550,3623,Fiyaz Morar,1966-08-03,Male,Lower
4551,3623,Janaki Natarajan,2018-10-01,Female,Middle
4552,3624,Michael Ganesh,1998-09-04,Male,Middle
4553,3624,Widisha Luthra,1989-08-09,Female,Lower
4554,3625,Chaitanya Bera,1964-09-11,Male,Middle
4555,3625,Jagdish Parsa,1994-12-21,Male,Upper-Middle
4556,3626,Vedant Dixit,2015-09-09,Male,Middle
4557,3627,Lekha Ratta,1974-11-14,Female,Lower-Middle
4558,3627,Teerth Bumb,1949-03-05,Male,Middle
4559,3628,Naveen Sura,1995-04-21,Male,Upper-Middle
4560,3629,Aditya Doctor,2001-04-02,Male,Middle
4561,3630,Laban Bhandari,1986-01-17,Male,Lower-Middle
4562,3631,Upadhriti Sidhu,1990-02-21,Female,Middle
4563,3632,Anvi Grover,2008-09-17,Female,Lower
4564,3633,Anvi Narasimhan,1981-05-13,Other,Upper-Middle
4565,3633,Bimala Dara,2009-12-09,Female,Middle
4566,3634,Logan Nazareth,2015-10-10,Male,Upper-Middle
4567,3635,Wyatt Madan,1980-07-29,Male,Middle
4568,3635,Anthony Ghosh,2002-10-26,Male,Lower-Middle
4569,3636,Rushil Pal,2019-01-14,Male,Middle
4570,3637,Xiti Goyal,1948-06-13,Female,Upper
4571,3638,Advay Parekh,2007-09-17,Male,Middle
4572,3638,Banjeet Tank,1984-05-09,Male,Lower-Middle
4573,3639,Naveen Sekhon,1989-04-17,Male,Lower
4574,3640,Eesha Narayanan,1992-05-01,Female,Lower
4575,3641,Ucchal Tella,1948-11-13,Female,Middle
4576,3642,Unnati Arya,1945-09-24,Female,Lower-Middle
4577,3643,Omkaar Choudhry,1962-12-01,Male,Middle
4578,3643,Sachi Dua,1982-09-19,Female,Lower
4579,3644,Manan Mangal,2011-05-04,Male,Lower
4580,3644,Aayush Deshmukh,1992-06-25,Other,Lower-Middle
4581,3645,Anmol Ramaswamy,2006-07-28,Male,Lower-Middle
4582,3646,Nikita Luthra,2003-05-17,Female,Middle
4583,3646,Pranit Solanki,2011-06-28,Male,Upper-Middle
4584,3647,Maanas Walia,2010-10-03,Male,Lower-Middle
4585,3648,Maanas Shanker,1998-02-12,Male,Middle
4586,3648,Avi Wali,1974-06-22,Male,Lower-Middle
4587,3649,Thomas Deo,2018-07-26,Male,Lower-Middle
4588,3650,Charvi Bhandari,1950-07-25,Female,Middle
4589,3650,Jeet Loke,2008-03-02,Male,Lower
4590,3651,Banjeet Tiwari,1947-06-28,Male,Middle
4591,3652,Ekani Bath,1966-06-29,Female,Upper
4592,3653,Indali Aurora,1988-07-19,Female,Lower-Middle
4593,3654,Orinder Shan,1979-06-14,Male,Lower-Middle
4594,3655,Upma Grover,2013-10-03,Female,Lower
4595,3656,Ranbir Padmanabhan,2006-09-09,Male,Lower-Middle
4596,3656,Rachana Palan,1964-06-03,Female,Lower-Middle
4597,3657,Yashoda Sachdev,2021-05-27,Female,Lower-Middle
4598,3658,Sanaya Zachariah,1994-07-18,Female,Lower-Middle
4599,3658,Tanay Rajagopalan,1981-12-04,Male,Lower-Middle
4600,3659,Zaitra Ganesh,2000-02-03,Female,Middle
4601,3660,Yashodhara Solanki,1960-09-20,Female,Lower-Middle
4602,3660,Aradhana Behl,1952-11-06,Female,Lower-Middle
4603,3661,Pavani Pandey,1981-01-31,Female,Middle
4604,3662,Kevin Oak,1979-06-21,Male,Lower
4605,3662,Mekhala Saxena,2014-11-28,Female,Lower-Middle
4606,3663,Ekansh Lanka,2014-10-09,Male,Lower
4607,3663,Mitali Shah,1946-05-11,Female,Middle
4608,3664,Dhriti Mukhopadhyay,1996-02-24,Female,Middle
4609,3665,Omya Rajan,1974-05-22,Female,Upper-Middle
4610,3666,Warda Baria,2003-09-15,Female,Upper-Middle
4611,3666,Damyanti Bhatti,2016-08-28,Female,Lower
4612,3667,Ronith Dara,1972-06-16,Male,Upper-Middle
4613,3668,Qabil Pall,1989-11-11,Male,Lower
4614,3669,Gautami Gokhale,2016-12-01,Female,Middle
4615,3670,Girish Koshy,1966-03-11,Male,Lower-Middle
4616,3671,Balvan Sharma,2008-06-01,Male,Lower-Middle
4617,3672,Chaitaly Venkatesh,1946-04-29,Female,Middle
4618,3673,Saanvi Sathe,2008-03-31,Female,Lower-Middle
4619,3674,Indali Raghavan,1952-07-23,Female,Middle
4620,3674,Aarav Venkatesh,1990-09-12,Male,Middle
4621,3675,Urvashi Chaudhary,1980-09-08,Female,Middle
4622,3676,Triya Madan,2009-07-19,Female,Lower-Middle
4623,3677,Harshil Mohan,2010-11-10,Male,Upper-Middle
4624,3678,Yauvani Walla,1974-06-03,Female,Lower-Middle
4625,3679,Banjeet Raman,1957-11-16,Male,Lower
4626,3680,Veda Rajagopal,1987-05-03,Female,Lower
4627,3681,Zaitra Bhalla,2018-12-25,Female,Lower-Middle
4628,3682,Girindra Bumb,2001-11-30,Male,Lower
4629,3683,Gautami Bhavsar,2006-05-17,Female,Lower
4630,3683,Akshay Nagi,1971-11-25,Male,Lower
4631,3684,Ekalinga Saini,1948-03-27,Male,Middle
4632,3685,Nathaniel Suri,1986-04-03,Male,Upper-Middle
4633,3686,Logan Wali,1986-08-21,Other,Upper
4634,3687,Raksha Yogi,2005-09-01,Female,Lower-Middle
4635,3688,Naveen Prasad,1958-05-04,Male,Lower
4636,3688,Triya Varty,1957-11-06,Female,Lower-Middle
4637,3689,Anay Tandon,2016-02-04,Male,Lower
4638,3690,Varenya Kadakia,1960-05-25,Female,Lower
4639,3691,Owen Mohanty,1960-05-21,Male,Lower
4640,3691,Jacob Lal,1990-02-23,Male,Middle
4641,3692,Isha Goda,1995-11-11,Female,Upper-Middle
4642,3692,Gautam Mani,1992-10-31,Male,Middle
4643,3693,Yahvi Brahmbhatt,1959-05-14,Female,Lower
4644,3694,Praneel Shroff,1982-04-13,Other,Lower
4645,3695,Osha Chauhan,1984-01-19,Female,Upper-Middle
4646,3695,Samesh Iyer,1963-09-30,Male,Lower-Middle
4647,3696,Baghyawati Dube,1973-07-05,Female,Lower-Middle
4648,3697,Vedika Kunda,1950-01-25,Female,Lower
4649,3697,Zaitra Borde,1951-08-03,Female,Upper-Middle
4650,3698,Aadhya Sundaram,1998-04-29,Female,Middle
4651,3699,Neelima Mahal,1973-10-27,Female,Lower
4652,3700,Logan Sagar,1945-10-25,Male,Middle
4653,3701,Raghav Joshi,1978-12-19,Male,Lower
4654,3702,Sneha Mall,1955-08-02,Female,Lower
4655,3703,Gaurav Tandon,1950-09-02,Male,Lower-Middle
4656,3704,Oni Dora,1958-06-01,Female,Middle
4657,3705,Chaitanya Luthra,1976-07-14,Male,Upper
4658,3706,Champak Soman,1963-04-29,Male,Lower-Middle
4659,3707,Sai Tripathi,1995-04-30,Female,Middle
4660,3708,Karan Muni,2018-06-25,Male,Upper-Middle
4661,3709,Hamsini Rama,1952-07-07,Female,Upper-Middle
4662,3710,Krisha Nath,1984-08-20,Female,Upper-Middle
4663,3711,Ganga Ganguly,1980-06-10,Female,Lower-Middle
4664,3712,Nathaniel Parsa,1977-10-24,Male,Lower
4665,3713,Tanmayi Bose,1961-04-24,Female,Lower-Middle
4666,3714,Abhiram Agrawal,1981-10-13,Male,Lower-Middle
4667,3714,Ekansh Solanki,1995-01-18,Male,Lower-Middle
4668,3715,Indira Loyal,1952-07-18,Female,Middle
4669,3716,Anita Prasad,2002-07-16,Female,Middle
4670,3717,Imaran Natt,1995-05-07,Male,Middle
4671,3718,Sai Khatri,2014-10-29,Male,Middle
4672,3718,Bhavika Vora,1966-06-22,Female,Lower
4673,3719,Jagrati Sarna,1985-12-20,Female,Lower-Middle
4674,3719,Anvi Bassi,1992-07-09,Female,Lower-Middle
4675,3720,Wishi Joshi,1973-02-01,Female,Lower-Middle
4676,3721,Veda Dass,2000-10-19,Female,Lower
4677,3722,Aachal Mani,1946-11-26,Female,Upper-Middle
4678,3723,Ladli Shah,1995-12-06,Female,Lower-Middle
4679,3724,Dalaja Sha,1988-05-10,Female,Lower-Middle
4680,3724,Osha Sachar,1998-11-04,Female,Middle
4681,3725,Neel Varty,1950-10-31,Male,Lower
4682,3725,Ojasvi Warrior,1999-07-22,Female,Lower
4683,3726,Ekalinga Gade,1973-01-08,Male,Lower-Middle
4684,3727,Mohini Gopal,1951-04-09,Female,Middle
4685,3728,Jagdish Badami,1953-11-15,Male,Lower
4686,3729,Kashvi Bhatt,1959-10-31,Female,Middle
4687,3730,Upadhriti Singh,1959-03-31,Female,Middle
4688,3731,Rayaan Khurana,1991-10-17,Male,Lower
4689,3732,Chandani Mitra,1965-07-16,Female,Middle
4690,3732,Faraj Rao,1960-05-06,Male,Middle
4691,3733,Maanas Kalita,1967-01-01,Other,Lower-Middle
4692,3733,Dipta Madan,1945-10-21,Female,Lower-Middle
4693,3734,Mitali Narayan,1986-02-01,Female,Middle
4694,3734,Eta Lal,1966-10-17,Female,Middle
4695,3735,Maanas Khatri,1948-07-30,Male,Middle
4696,3736,Jack Deep,1953-02-13,Male,Upper
4697,3737,Agastya Char,1971-06-27,Male,Upper-Middle
4698,3738,Udarsh Vyas,1968-11-06,Male,Lower-Middle
4699,3739,Libni Keer,1990-11-05,Female,Lower-Middle
4700,3739,Yash Char,1977-04-17,Male,Upper-Middle
4701,3740,Ishwar Edwin,1989-06-16,Male,Upper-Middle
4702,3741,Dalbir Sundaram,2001-06-14,Male,Middle
4703,3741,Logan Venkataraman,1982-12-08,Male,Lower-Middle
4704,3742,Widisha Prashad,1984-06-11,Female,Lower
4705,3743,Vasana Shanker,1994-12-04,Female,Lower-Middle
4706,3744,Raghav Biswas,1982-12-21,Male,Lower
4707,3745,Ijaya Acharya,2008-10-24,Female,Lower
4708,3746,Avi Ramanathan,1979-01-05,Male,Lower-Middle
4709,3747,Raghav Bhakta,1963-01-27,Male,Upper
4710,3748,Ijaya Dara,1991-01-16,Female,Middle
4711,3749,Wahab Gade,2002-11-20,Male,Upper-Middle
4712,3750,Yash Hora,2003-12-19,Male,Lower-Middle
4713,3750,Eta Manne,1989-04-04,Female,Lower
4714,3751,Varenya Sha,1972-02-21,Female,Lower-Middle
4715,3752,Mason Hari,2013-12-01,Male,Middle
4716,3753,Bhavika Mammen,2004-05-09,Female,Upper
4717,3754,Fariq Gandhi,1970-11-10,Male,Upper-Middle
4718,3755,Isaac Hegde,2016-08-01,Male,Upper-Middle
4719,3756,Indira Tella,1989-10-29,Female,Middle
4720,3757,Finn Kalla,1991-07-08,Male,Middle
4721,3757,Lekha Dhillon,2011-08-04,Other,Middle
4722,3758,Madhav Basak,1958-08-02,Male,Upper-Middle
4723,3759,Netra Borde,1968-11-29,Female,Middle
4724,3760,Pallavi Dyal,1970-10-14,Female,Upper
4725,3761,Jeremiah Pingle,1998-04-29,Male,Lower-Middle
4726,3761,Amara Vig,1975-07-19,Female,Lower-Middle
4727,3762,Priya Banerjee,1983-08-01,Female,Upper-Middle
4728,3763,Farhan Gulati,1972-04-17,Male,Upper-Middle
4729,3763,Liam Chowdhury,1993-07-01,Male,Middle
4730,3764,Pavani Kaur,1973-09-27,Female,Lower-Middle
4731,3765,Qabil Buch,1948-06-24,Male,Lower-Middle
4732,3765,Jairaj Bali,1982-01-02,Male,Lower-Middle
4733,3766,Warda Pathak,1992-07-26,Female,Lower
4734,3767,Yashoda Goyal,1992-07-16,Female,Upper
4735,3768,Dhruv Kar,1970-04-17,Male,Lower
4736,3768,Abhimanyu Ahluwalia,2011-02-22,Male,Upper-Middle
4737,3769,Ucchal Boase,2021-06-02,Female,Lower
4738,3770,Chavvi Thakur,1986-02-02,Other,Lower-Middle
4739,3771,Vedant Mane,2009-01-03,Male,Lower-Middle
4740,3772,Hamsini Chaudhari,1982-02-16,Female,Upper-Middle
4741,3773,Qadim Rai,1994-12-12,Male,Middle
4742,3774,Rayaan Deshpande,1964-07-04,Male,Lower-Middle
4743,3774,Aadi Gera,1990-11-06,Male,Lower-Middle
4744,3775,Raksha Lalla,1959-08-06,Female,Middle
4745,3776,Azaan Pillai,1993-11-11,Male,Lower-Middle
4746,3777,Hemal Mitter,1955-04-18,Female,Lower
4747,3778,Siddharth Reddy,2006-03-12,Male,Lower-Middle
4748,3779,Zehaan Bal,1981-08-23,Male,Lower-Middle
4749,3780,Naksh Ratti,1986-09-01,Male,Lower-Middle
4750,3781,Anita Kothari,1972-10-21,Female,Middle
4751,3782,Kiaan Garde,1984-11-16,Male,Upper-Middle
4752,3783,Ira Dugal,1948-09-23,Female,Lower
4753,3783,Odika Madan,1976-02-23,Female,Upper-Middle
4754,3784,Samar Bhavsar,1985-09-04,Male,Lower
4755,3785,Neha Bhargava,1973-10-23,Female,Middle
4756,3786,Balendra Pai,1965-11-11,Male,Lower
4757,3787,Girish Dar,1951-05-23,Male,Lower-Middle
4758,3788,Oliver Sabharwal,2018-02-22,Male,Lower
4759,3788,Amruta Patla,1978-04-21,Female,Lower-Middle
4760,3789,Idika Gade,1995-01-01,Female,Lower
4761,3789,Suhani Majumdar,2005-12-29,Female,Upper-Middle
4762,3790,Theodore Sheth,1953-12-09,Male,Lower-Middle
4763,3791,Theodore Raj,1985-01-25,Male,Middle
4764,3792,Finn Toor,2001-10-28,Male,Lower-Middle
4765,3793,Anita Shukla,1949-08-09,Female,Upper-Middle
4766,3794,Balveer Baral,1954-12-14,Male,Lower
4767,3795,Chatura Deshmukh,1985-08-05,Male,Middle
4768,3796,Aayush Prabhu,1998-11-06,Male,Lower
4769,3796,Eesha Cheema,1960-11-03,Female,Middle
4770,3797,Nikita Bahri,1949-01-03,Female,Lower-Middle
4771,3798,Kabir Boase,1952-12-21,Male,Lower
4772,3799,Theodore Gara,1971-09-18,Male,Middle
4773,3799,Manan Ghose,1949-09-21,Male,Lower
4774,3800,Ishita Babu,2001-11-30,Female,Lower
4775,3801,Baghyawati Lanka,1957-03-09,Female,Lower-Middle
4776,3802,Bina Bhargava,2007-12-05,Female,Upper-Middle
4777,3803,Mahika Jhaveri,1955-10-01,Female,Lower-Middle
4778,3804,Owen Prabhakar,1946-10-21,Male,Lower-Middle
4779,3805,Chaitanya Patla,2016-08-09,Male,Lower-Middle
4780,3805,Nitara Barad,1998-03-18,Female,Middle
4781,3806,Abhimanyu Sani,2006-01-30,Male,Lower-Middle
4782,3806,Dalbir Loke,1961-04-29,Male,Lower
4783,3807,Yutika Kari,1992-07-26,Female,Lower
4784,3808,Osha Rau,1948-05-24,Female,Middle
4785,3809,Darpan Lata,1963-06-12,Male,Lower-Middle
4786,3810,Warjas Behl,1966-10-11,Male,Lower
4787,3811,Onveer Karpe,2019-01-05,Male,Lower
4788,3812,Dakshesh Cheema,1991-02-14,Male,Middle
4789,3812,Daniel Buch,2004-08-29,Male,Lower-Middle
4790,3813,Vrishti Char,1980-05-20,Female,Middle
4791,3813,Reva Hans,1981-05-12,Female,Lower
4792,3814,Anita Ramaswamy,1959-10-31,Female,Lower
4793,3815,Nicholas Anne,1980-03-16,Male,Lower-Middle
4794,3815,Girik Nadkarni,1992-11-12,Male,Lower-Middle
4795,3816,Darsh Banik,2013-02-22,Male,Upper-Middle
4796,3817,Zaid Borde,1970-12-21,Male,Middle
4797,3818,Aarush Sarna,1965-04-10,Male,Middle
4798,3819,Anamika Mohan,1989-03-17,Female,Lower-Middle
4799,3820,Netra Bahri,2020-03-23,Female,Lower
4800,3821,Anika Sangha,1963-01-01,Female,Lower
4801,3822,Jyoti Keer,2000-12-30,Female,Lower-Middle
4802,3822,Chavvi Aurora,1977-11-12,Female,Middle
4803,3823,Chandran Luthra,1953-07-22,Male,Lower-Middle
4804,3824,Zayyan Contractor,1967-12-16,Male,Lower
4805,3825,Christopher Deshmukh,1970-09-05,Male,Lower
4806,3826,Michael Bose,1991-03-10,Male,Lower-Middle
4807,3827,Falan Parekh,1981-07-23,Male,Lower
4808,3828,Manthan Narayanan,1951-07-08,Male,Middle
4809,3828,Samaksh Sandhu,1981-01-01,Male,Lower-Middle
4810,3829,Wakeeta Kibe,2018-01-06,Female,Lower-Middle
4811,3830,Ronith Sarkar,1983-06-08,Male,Lower-Middle
4812,3830,Chakrika Barad,1991-01-11,Female,Middle
4813,3831,Harinakshi Deshmukh,2009-04-10,Female,Lower-Middle
4814,3832,Krishna Gulati,1948-02-25,Male,Lower
4815,3833,Xiti Sinha,2013-04-09,Female,Lower
4816,3834,Reyansh Shah,2007-12-22,Male,Upper
4817,3834,Abdul Tak,1945-12-13,Male,Lower-Middle
4818,3835,Jeremiah Bhagat,2014-01-14,Male,Lower-Middle
4819,3836,Praneel Chacko,1975-05-04,Male,Middle
4820,3837,Chanakya Pant,2007-05-19,Male,Middle
4821,3838,Ayaan Gole,1979-06-02,Male,Lower-Middle
4822,3838,Reyansh Chacko,1998-04-04,Male,Middle
4823,3839,Abhiram Butala,2006-04-07,Male,Lower-Middle
4824,3840,Nicholas Dada,1964-08-24,Male,Lower-Middle
4825,3841,Sai Bhardwaj,2002-06-28,Male,Lower-Middle
4826,3842,Christopher Chahal,1948-03-30,Male,Middle
4827,3843,Aachal Khatri,1949-03-16,Female,Lower-Middle
4828,3844,Waida Raman,2011-04-30,Female,Lower-Middle
4829,3845,Samesh Bail,2017-06-25,Male,Lower-Middle
4830,3846,Ishwar Jhaveri,1975-04-12,Male,Lower-Middle
4831,3847,Anya Raman,1998-10-03,Female,Upper
4832,3848,Xiti Sangha,1946-09-14,Female,Middle
4833,3849,Raagini Bahri,2017-02-20,Female,Lower
4834,3850,Anita Nori,1952-02-28,Female,Lower-Middle
4835,3850,Ikbal Bassi,2002-03-01,Male,Lower-Middle
4836,3851,Radha Bava,2014-04-08,Female,Lower
4837,3852,Parth Prabhakar,2004-03-16,Male,Lower
4838,3852,Nachiket Brahmbhatt,1984-09-20,Male,Lower-Middle
4839,3853,Edhitha Lal,1974-04-11,Female,Middle
4840,3854,Bachittar Ramanathan,1952-02-03,Male,Upper-Middle
4841,3854,Abha Gole,1951-04-18,Female,Lower
4842,3855,Ryan Chanda,1961-07-19,Male,Lower-Middle
4843,3856,Mohammed Yadav,1974-03-08,Male,Lower-Middle
4844,3857,Yatin Vig,1981-05-27,Male,Middle
4845,3858,Jagat Desai,1958-04-14,Male,Upper-Middle
4846,3859,Timothy Mallick,1958-04-09,Male,Middle
4847,3860,William Saran,2005-04-08,Male,Lower-Middle
4848,3861,Ria Bajaj,1951-01-25,Female,Middle
4849,3862,Ijaya Tak,1991-09-03,Female,Lower-Middle
4850,3863,Damini Natarajan,2006-03-16,Female,Upper
4851,3864,Ekaja Goel,1989-05-23,Female,Lower-Middle
4852,3864,Krishna Ramesh,1950-05-28,Female,Middle
4853,3865,Ayushman Kala,2003-04-24,Male,Lower
4854,3866,Madhav Sanghvi,2005-09-15,Male,Middle
4855,3867,Rudra Sodhi,1995-07-07,Male,Middle
4856,3867,Omaja Borde,1988-06-21,Female,Middle
4857,3868,Leela Tak,1984-04-01,Female,Lower-Middle
4858,3869,Ekansh Taneja,1945-09-04,Male,Upper-Middle
4859,3870,Frederick Bhandari,2007-11-23,Male,Middle
4860,3871,Amara Johal,2012-07-29,Female,Middle
4861,3872,Aarav D’Alia,1945-12-14,Male,Lower
4862,3873,Ekbal Ahluwalia,2013-12-18,Male,Upper-Middle
4863,3874,Wriddhish Kurian,1958-09-18,Other,Lower-Middle
4864,3874,Aayush Bakshi,2008-09-09,Male,Middle
4865,3875,Wishi Venkatesh,2018-04-26,Female,Middle
4866,3876,Dakshesh Rattan,1999-10-13,Male,Lower
4867,3877,Aditya Tara,1999-06-19,Male,Lower
4868,3878,Nachiket Lata,1952-01-24,Male,Lower-Middle
4869,3879,Isaac Mani,1999-10-18,Male,Lower-Middle
4870,3880,Urishilla Dhaliwal,1962-07-26,Female,Lower-Middle
4871,3881,Vidhi Sawhney,1963-07-14,Female,Lower-Middle
4872,3881,Damini Bahl,1991-11-16,Female,Upper
4873,3882,Anjali Gara,1997-06-19,Female,Lower-Middle
4874,3883,Hemangini Virk,1986-09-04,Female,Middle
4875,3884,Rachana Narula,1964-11-16,Female,Middle
4876,3884,Zilmil Nadig,1997-09-02,Female,Upper-Middle
4877,3885,Zashil Kalla,1971-08-31,Other,Middle
4878,3886,Laksh Pandey,1971-06-03,Male,Middle
4879,3887,Ansh Goda,1977-04-14,Male,Lower-Middle
4880,3888,Thomas Roy,1957-01-01,Male,Middle
4881,3889,Nidra Kumer,1976-01-02,Female,Upper-Middle
4882,3889,Thomas Kata,1996-12-11,Male,Upper-Middle
4883,3890,Azaan Vala,1990-05-09,Male,Middle
4884,3891,Pallavi Kapoor,2009-03-17,Female,Lower-Middle
4885,3892,Timothy Ramanathan,1974-12-11,Male,Lower-Middle
4886,3893,Tejas Kumer,1969-12-30,Other,Lower-Middle
4887,3894,Abeer Dutt,1984-05-23,Male,Upper-Middle
4888,3895,Vidhi Yogi,1992-01-25,Other,Upper-Middle
4889,3896,Isha Merchant,1999-11-27,Female,Lower
4890,3896,Nathan Boase,1967-04-07,Male,Middle
4891,3897,Unni Swamy,2000-06-01,Female,Lower
4892,3897,Samarth Basu,1957-08-06,Male,Lower-Middle
4893,3898,Ranbir Sane,1988-09-22,Male,Upper-Middle
4894,3898,Yadavi Dutta,1987-10-14,Other,Lower
4895,3899,Reva Sama,1994-08-09,Female,Middle
4896,3900,Ikbal Narayan,1979-08-20,Male,Upper-Middle
4897,3901,Mason Menon,1991-05-14,Male,Lower
4898,3902,Kamala Rastogi,1971-11-21,Female,Upper-Middle
4899,3902,Lajita Purohit,1998-08-15,Female,Middle
4900,3903,Darpan Kurian,1985-07-30,Male,Lower-Middle
4901,3903,Anthony Devan,2000-07-30,Male,Lower
4902,3904,Jeevika Goswami,2021-03-11,Female,Upper-Middle
4903,3904,Balvan Padmanabhan,1972-12-11,Male,Upper-Middle
4904,3905,Wriddhish Badal,2008-12-30,Male,Middle
4905,3906,Anvi Manne,2017-03-29,Female,Middle
4906,3907,Yauvani Sandal,1948-08-25,Female,Lower
4907,3908,Rachita Bhatia,2015-09-17,Female,Lower-Middle
4908,3908,Jagdish Malhotra,1988-11-30,Male,Lower
4909,3909,Gaurav Wable,1965-10-23,Male,Lower-Middle
4910,3910,Prisha Mahajan,1957-05-15,Female,Lower
4911,3911,Harish Taneja,2016-06-04,Male,Upper-Middle
4912,3912,Max Swamy,1987-05-25,Male,Lower-Middle
4913,3912,Parth Bajwa,2007-11-07,Male,Middle
4914,3913,Indrajit Vora,1963-08-15,Male,Middle
4915,3914,Harish Parekh,1953-08-23,Male,Middle
4916,3915,Vaishnavi Trivedi,2003-10-05,Female,Middle
4917,3915,Udant Natarajan,1990-12-31,Male,Lower
4918,3916,Anay Nagi,1971-05-30,Male,Lower
4919,3917,Wyatt Rajagopal,1953-08-27,Male,Middle
4920,3918,Shivani Sethi,1973-12-23,Female,Lower
4921,3918,Robert Bir,1982-03-01,Male,Middle
4922,3919,Jonathan Sodhi,1983-10-04,Male,Upper-Middle
4923,3920,Rachana Chander,2004-09-04,Female,Upper-Middle
4924,3921,Falan Mutti,2004-12-22,Male,Lower
4925,3922,Azad Maharaj,2014-09-18,Male,Upper-Middle
4926,3922,Kevin Khurana,2002-03-26,Male,Lower-Middle
4927,3923,Pavani Borde,2005-11-29,Female,Middle
4928,3924,Varenya Pathak,2012-12-19,Female,Lower-Middle
4929,3924,Isha Bhasin,1998-03-08,Female,Lower-Middle
4930,3925,Leena Raman,1949-07-19,Female,Middle
4931,3926,Xiti Kumer,1957-03-27,Female,Lower
4932,3927,Michael Bal,1953-09-23,Male,Lower
4933,3928,Faras Narang,2001-08-26,Male,Lower
4934,3929,Nitesh Sandhu,1962-09-27,Male,Middle
4935,3930,Jeet Som,2010-07-14,Male,Lower-Middle
4936,3931,Rayaan Narasimhan,1981-01-06,Male,Middle
4937,3932,Ekalinga Kapur,1986-01-17,Male,Middle
4938,3933,Divya Mandal,1992-06-05,Female,Lower-Middle
4939,3933,Inaya Seth,1982-08-18,Female,Lower-Middle
4940,3934,Devansh Wali,1967-10-09,Male,Lower
4941,3935,Pranav Sankar,1992-01-22,Male,Lower-Middle
4942,3936,Jasmit Puri,2010-09-07,Female,Lower
4943,3937,Rishi Gola,2007-05-13,Male,Middle
4944,3938,Ladli Om,1980-09-17,Female,Lower-Middle
4945,3939,Vivaan Mody,2014-12-20,Other,Middle
4946,3940,Vanya Patel,1994-04-06,Female,Lower
4947,3941,Jagat Rastogi,1986-02-23,Male,Middle
4948,3942,Gautam Bawa,1981-03-12,Male,Upper
4949,3942,Anay Narula,1980-07-08,Male,Lower-Middle
4950,3943,Yug Rao,1994-04-07,Male,Lower
4951,3944,Aashi Bir,2009-04-19,Female,Upper-Middle
4952,3945,Fitan Sehgal,1954-01-12,Male,Middle
4953,3946,Kashvi Vaidya,2019-01-20,Female,Middle
4954,3947,Falak Venkataraman,2006-11-18,Female,Middle
4955,3948,Patrick Vasa,1977-04-17,Male,Upper-Middle
4956,3949,Lila Kar,1948-11-21,Female,Upper
4957,3949,Viraj Khatri,2020-04-08,Male,Middle
4958,3950,Nachiket Madan,1969-08-03,Male,Lower
4959,3951,Azaan Dugal,1980-11-09,Male,Lower
4960,3952,Matthew Samra,2015-09-14,Male,Lower-Middle
4961,3953,Arin Zacharia,2006-12-20,Male,Lower-Middle
4962,3954,Irya Kumer,1969-03-25,Female,Middle
4963,3954,Fitan Mohanty,2005-04-23,Male,Upper-Middle
4964,3955,Charles Choudhury,1993-04-19,Male,Lower-Middle
4965,3956,Vedant Hari,2010-12-03,Male,Lower-Middle
4966,3957,Onkar Ray,1962-03-22,Male,Lower
4967,3958,Farhan Bhattacharyya,2012-01-22,Male,Middle
4968,3959,Saanvi Som,1957-03-19,Female,Lower
4969,3959,Zarna Tandon,1972-05-31,Female,Lower
4970,3960,Madhav Bahri,1974-11-12,Male,Middle
4971,3961,Daniel Rao,2003-05-26,Male,Lower-Middle
4972,3961,Darpan Samra,1968-08-14,Male,Upper-Middle
4973,3962,Rushil Virk,2004-04-09,Male,Middle
4974,3963,Shravya Gera,1955-11-17,Female,Middle
4975,3964,Gautam Muni,2008-09-29,Male,Lower-Middle
4976,3965,Edhitha Kurian,2012-10-09,Female,Lower
4977,3966,Siddharth Sarraf,1951-04-23,Male,Lower
4978,3967,Dalaja Ramanathan,2005-11-04,Female,Middle
4979,3968,Krish Venkataraman,1994-06-09,Male,Upper-Middle
4980,3969,Ekavir Nath,2007-08-12,Male,Lower
4981,3970,Gabriel Handa,1988-06-20,Male,Upper-Middle
4982,3970,Yashasvi Bhakta,1949-01-22,Female,Middle
4983,3971,Mugdha Boase,1975-11-05,Female,Middle
4984,3972,Jagdish Krishnamurthy,1991-12-18,Male,Lower
4985,3972,Devansh Mangal,2010-08-21,Male,Lower-Middle
4986,3973,Bachittar Pal,1988-05-13,Male,Lower
4987,3974,Hemangini Bhatti,2021-05-24,Female,Upper
4988,3975,Ojas Chad,2006-01-17,Male,Upper
4989,3976,Aadi Seshadri,1949-01-27,Male,Lower
4990,3976,Vasatika Sodhi,2003-09-17,Female,Lower-Middle
4991,3977,Devika Kadakia,1958-10-06,Female,Upper-Middle
4992,3978,Manthan Munshi,1978-09-18,Male,Middle
4993,3979,Gopal Ratta,1985-10-26,Male,Upper-Middle
4994,3980,Priya Naidu,1946-08-22,Female,Upper-Middle
4995,3981,Radha Konda,1978-08-14,Female,Lower-Middle
4996,3982,Chanchal Bali,1959-03-06,Female,Lower-Middle
4997,3983,Pahal Mital,2000-06-13,Female,Middle
4998,3984,Nihal Biswas,1985-04-23,Male,Middle
4999,3985,Udarsh Sinha,1951-04-16,Male,Lower-Middle
5000,3986,Champak Srinivasan,1945-10-15,Male,Upper
5001,3986,Tanish Walia,1962-09-04,Male,Lower-Middle
5002,3987,Guneet Grover,1951-02-17,Male,Middle
5003,3988,Lila Kalita,1990-06-01,Female,Lower-Middle
5004,3989,Qasim Rama,1971-10-19,Male,Upper-Middle
5005,3990,Warinder Uppal,2015-09-17,Male,Upper-Middle
5006,3991,Tejas Tella,2004-07-18,Male,Lower
5007,3992,Ubika Mital,1987-12-26,Female,Lower-Middle
5008,3993,Yashica Dada,1949-09-01,Other,Lower-Middle
5009,3994,Indali Deo,2001-09-05,Female,Lower-Middle
5010,3994,Gopal Dewan,1949-03-24,Male,Lower
5011,3995,Alka Maharaj,1964-09-02,Female,Middle
5012,3996,Falak Dey,1955-12-06,Female,Middle
5013,3997,Harita Lata,2006-05-11,Female,Upper-Middle
5014,3997,Hitesh Om,1952-05-11,Male,Lower
5015,3998,Wyatt Gara,1953-09-01,Male,Middle
5016,3999,Zayan Srinivasan,1963-10-29,Male,Lower-Middle
5017,3999,Charvi Devi,1948-01-21,Female,Upper-Middle
5018,4000,Yashodhara Dora,2014-04-21,Female,Lower-Middle
5019,4001,Anmol Cheema,1995-10-08,Male,Upper-Middle
5020,4002,Raksha Palla,1986-02-06,Female,Upper-Middle
5021,4003,Unni Brar,2004-09-05,Female,Lower-Middle
5022,4004,Sara Varghese,1950-03-22,Female,Middle
5023,4004,Anjali Mukherjee,1949-09-23,Female,Middle
5024,4005,Nihal Madan,2002-09-13,Male,Lower
5025,4006,Balveer Iyer,1961-08-30,Male,Upper-Middle
5026,4006,Hitesh Khosla,2002-03-11,Male,Upper-Middle
5027,4007,Rachita Tak,1981-03-11,Female,Lower-Middle
5028,4008,Girik Chaudry,1960-03-12,Male,Lower
5029,4009,Orinder Lata,1990-10-09,Male,Middle
5030,4010,Banjeet Som,1960-03-14,Male,Lower
5031,4010,Arunima Bhavsar,1977-07-06,Female,Lower-Middle
5032,4011,Mugdha Bhatti,2012-03-28,Female,Middle
5033,4012,Nathan Dave,1947-12-30,Male,Lower-Middle
5034,4013,Nidhi Jani,1999-09-10,Female,Middle
5035,4014,Amara Borde,2002-10-09,Female,Lower
5036,4015,Damyanti Butala,1991-11-08,Female,Middle
5037,4015,Sathvik Badami,1997-12-07,Male,Middle
5038,4016,Jagrati Mistry,1995-01-24,Female,Lower
5039,4016,Lila Tailor,1973-10-14,Female,Lower
5040,4017,Ayushman Aggarwal,2001-11-20,Male,Lower
5041,4017,Dalbir Prabhu,1972-04-09,Male,Upper-Middle
5042,4018,Isha Balakrishnan,1994-05-15,Female,Lower
5043,4019,Gaurav Padmanabhan,2004-05-03,Male,Upper-Middle
5044,4020,Mitesh Zacharia,1947-11-28,Male,Middle
5045,4021,Yug Bassi,1981-07-25,Male,Upper
5046,4021,Manya Narayanan,1989-06-15,Female,Lower-Middle
5047,4022,Chasmum Ravel,1974-02-27,Female,Upper-Middle
5048,4023,Megha Balay,1990-11-09,Female,Lower-Middle
5049,4024,Mohini Chaudhry,1956-07-01,Female,Lower
5050,4024,Qasim Issac,1958-11-22,Male,Upper
5051,4025,Jacob Varghese,1955-07-21,Male,Lower-Middle
5052,4026,Ryan Tank,2005-07-02,Male,Lower
5053,4027,Pranit Dubey,1955-05-28,Male,Middle
5054,4027,Zayyan Radhakrishnan,2017-10-03,Male,Lower-Middle
5055,4028,Kalpit Gulati,1980-12-23,Male,Middle
5056,4029,Advika Bali,2015-08-06,Female,Upper-Middle
5057,4030,Nihal Zacharia,1989-09-10,Male,Lower
5058,4031,Harish Bath,1971-08-18,Male,Middle
5059,4032,Advik Kala,2007-01-29,Male,Lower
5060,4033,Harshil Butala,1966-05-31,Male,Middle
5061,4034,Raksha Rout,1987-03-01,Female,Middle
5062,4035,Harshil Bhatia,2007-09-21,Male,Middle
5063,4036,Yoshita Shanker,2020-07-22,Female,Upper-Middle
5064,4037,Girindra Kunda,1948-08-02,Male,Lower-Middle
5065,4038,Dhriti Mahal,1947-06-23,Female,Lower
5066,4038,Barkha Bora,2020-11-15,Female,Upper
5067,4039,Keya Raju,1955-09-27,Female,Middle
5068,4040,Anika Agate,1950-08-07,Female,Lower
5069,4041,Praneel Modi,1960-05-23,Male,Upper
5070,4042,Gopal Krishna,2014-06-13,Male,Upper-Middle
5071,4043,Aarna Mane,1989-10-25,Female,Upper-Middle
5072,4044,Nitara Narain,1979-06-05,Female,Lower
5073,4045,Elijah Naidu,1994-09-08,Male,Lower-Middle
5074,4046,Chaaya Magar,1982-02-19,Female,Lower-Middle
5075,4046,Garima Sehgal,1953-11-14,Female,Lower
5076,4047,Ayush Halder,1963-02-13,Male,Lower
5077,4048,Osha Dhingra,1980-05-05,Female,Lower
5078,4049,Yuvraj Sankar,1960-06-13,Male,Lower-Middle
5079,4050,Chasmum Morar,2015-08-23,Female,Lower
5080,4050,Farhan Krishna,1950-09-05,Male,Middle
5081,4051,Onveer Deshmukh,2001-07-08,Male,Lower
5082,4052,Ekaja Dasgupta,1998-05-06,Female,Lower
5083,4053,Neha Varty,1957-07-08,Female,Lower-Middle
5084,4054,Aadi Bose,1954-04-14,Male,Lower-Middle
5085,4055,Hemang Kanda,1948-08-27,Male,Upper-Middle
5086,4056,Ubika Sha,1997-06-18,Female,Lower
5087,4057,Qarin Ramakrishnan,2008-10-12,Male,Lower-Middle
5088,4057,Idika Kant,2020-03-01,Female,Middle
5089,4058,Sara Tiwari,1987-05-18,Female,Middle
5090,4059,Nandini Khosla,1987-05-11,Female,Lower-Middle
5091,4060,Ronith Gara,1969-05-20,Male,Lower
5092,4061,Yagnesh Lalla,1953-02-15,Male,Lower
5093,4062,Harish Vala,1947-05-22,Male,Lower
5094,4062,Raksha Amble,1982-04-30,Female,Upper
5095,4063,Ekapad Sarin,2019-06-29,Other,Upper-Middle
5096,4064,Rushil Dua,1990-08-19,Male,Upper-Middle
5097,4065,Yatan Gola,1957-03-18,Male,Middle
5098,4066,Yamini Swaminathan,1970-09-19,Female,Lower-Middle
5099,4067,Mekhala Das,1952-05-24,Female,Lower
5100,4068,Balveer Palla,2008-03-21,Male,Lower-Middle
5101,4069,Rachit Nori,1991-04-15,Male,Upper-Middle
5102,4070,Nachiket Parikh,1995-08-17,Male,Lower
5103,4071,Simon Kunda,1979-02-16,Male,Upper
5104,4072,Ekaraj Devi,1958-08-09,Male,Upper-Middle
5105,4073,Hardik Dave,2020-08-14,Male,Lower
5106,4074,Ekta Lalla,2016-12-01,Female,Lower
5107,4074,Frederick Warrior,1953-08-30,Male,Lower-Middle
5108,4075,Alka Dubey,1955-11-21,Female,Middle
5109,4076,Gabriel Rajagopalan,1988-04-26,Male,Lower-Middle
5110,4077,Jairaj Lall,1965-05-09,Male,Middle
5111,4078,Nimrat Nayak,2012-04-23,Female,Middle
5112,4079,Krisha Chhabra,1985-02-21,Female,Lower-Middle
5113,4080,Ranveer Devan,1996-04-13,Male,Lower
5114,4081,Bhavani Kamdar,1953-10-06,Female,Lower
5115,4082,Meera Bhattacharyya,1975-06-04,Female,Lower
5116,4083,Advika D’Alia,1960-12-06,Female,Lower
5117,4084,Bhavini Manda,2003-04-13,Female,Upper-Middle
5118,4085,Nikita Goyal,1956-12-02,Female,Lower-Middle
5119,4086,Yuvraj Shroff,2010-08-10,Other,Upper-Middle
5120,4087,Quincy Nayak,1964-04-30,Male,Middle
5121,4088,William Som,1948-09-27,Male,Middle
5122,4089,Tanay Bera,1987-02-25,Male,Lower
5123,4089,Ryan Solanki,2016-01-21,Male,Lower-Middle
5124,4090,Hiral Panchal,2000-05-12,Female,Lower-Middle
5125,4090,Michael Brahmbhatt,1954-03-13,Male,Middle
5126,4091,Owen Aurora,2006-06-26,Male,Middle
5127,4092,Mohini Rai,2007-01-05,Female,Lower-Middle
5128,4092,Vansha Rau,1971-05-24,Female,Lower
5129,4093,Tripti Toor,1949-02-10,Female,Lower-Middle
5130,4094,Timothy Chowdhury,1959-12-16,Male,Upper-Middle
5131,4094,Yahvi Murthy,1952-01-12,Female,Middle
5132,4095,George Dave,1951-09-22,Male,Lower-Middle
5133,4096,Bhavini Dhawan,2011-05-09,Female,Lower
5134,4097,Lohit Dhar,1963-01-14,Male,Middle
5135,4098,Jasmit Keer,1964-05-11,Female,Upper
5136,4098,Brijesh Modi,1977-02-24,Male,Lower-Middle
5137,4099,Dayita Ray,1955-08-29,Female,Middle
5138,4100,Tanmayi Sinha,1987-05-17,Female,Lower-Middle
5139,4100,Samuel Sur,1950-12-07,Male,Lower
5140,4101,Dakshesh Choudhury,2017-04-07,Male,Lower-Middle
5141,4102,Bhavna Choudhary,1961-07-22,Female,Middle
5142,4103,Xiti Setty,1963-01-03,Female,Middle
5143,4104,Bhanumati Hegde,2012-11-12,Female,Lower-Middle
5144,4105,Ekanta Pillay,2015-09-25,Other,Middle
5145,4105,Abdul Gopal,2000-04-17,Male,Middle
5146,4106,Eiravati Kade,2000-05-30,Female,Lower
5147,4107,Matthew Nori,2014-11-16,Male,Lower
5148,4108,Riya Jhaveri,2006-03-26,Female,Lower-Middle
5149,4109,Logan Shenoy,2020-08-01,Male,Middle
5150,4110,Prisha Bal,2016-03-11,Female,Lower
5151,4111,Rachana Sharaf,1954-06-12,Female,Upper-Middle
5152,4112,Yuvraj Wadhwa,1980-09-02,Male,Upper-Middle
5153,4113,Maya Bawa,1953-10-05,Female,Lower
5154,4114,Widisha Lad,2014-10-21,Female,Upper-Middle
5155,4114,Harinakshi Majumdar,1987-04-19,Female,Lower-Middle
5156,4115,Timothy Jayaraman,2000-10-17,Male,Upper
5157,4115,Upadhriti Ben,1984-07-16,Female,Lower
5158,4116,Sneha Shanker,1961-06-03,Female,Lower-Middle
5159,4117,Baljiwan Ray,1954-10-08,Male,Lower
5160,4118,Yash Sastry,1975-07-07,Male,Middle
5161,4119,Vansha Sheth,1984-10-05,Female,Middle
5162,4119,Urvashi Vasa,1985-03-26,Female,Upper-Middle
5163,4120,Edhitha Shere,1977-07-11,Female,Lower-Middle
5164,4121,Dalaja Varty,2016-04-20,Female,Middle
5165,4122,Nathan Sagar,2012-12-21,Male,Upper-Middle
5166,4123,Lucky Dara,1974-08-11,Male,Lower-Middle
5167,4124,Manya Pandey,1992-04-15,Female,Middle
5168,4124,Vasatika Balan,2008-03-06,Female,Upper-Middle
5169,4125,Wazir Sathe,1953-01-21,Male,Middle
5170,4125,Rachit Nazareth,1974-03-07,Male,Lower
5171,4126,Aishani Bobal,2011-07-15,Female,Lower-Middle
5172,4127,Charles Lala,1959-09-26,Male,Middle
5173,4128,Warinder Gera,1993-05-14,Male,Lower
5174,4129,Chatura Goswami,2020-12-18,Male,Lower-Middle
5175,4130,Rayaan Sem,1962-11-05,Male,Middle
5176,4131,Ati Peri,1995-05-09,Female,Upper-Middle
5177,4132,Finn Narain,1959-10-09,Male,Upper-Middle
5178,4133,Wahab Mani,2017-11-29,Male,Lower
5179,4134,Tanveer Nagi,1966-10-08,Male,Lower-Middle
5180,4135,Mitesh Dugal,1982-03-27,Male,Lower-Middle
5181,4136,Theodore Morar,1966-07-22,Male,Upper
5182,4136,Faraj Bajwa,1970-09-10,Male,Lower
5183,4137,Atharv Maharaj,1955-06-14,Male,Lower
5184,4138,Shaurya Master,2000-10-07,Male,Upper-Middle
5185,4138,Vasudha Edwin,1996-09-15,Female,Middle
5186,4139,Farhan Bhatia,1960-01-29,Male,Lower
5187,4140,Vihaan Saini,1951-12-12,Male,Lower
5188,4141,Upkaar Kata,2005-04-19,Male,Lower
5189,4141,Rachit Bandi,1953-01-05,Male,Lower
5190,4142,Faris Dalal,1992-02-23,Male,Middle
5191,4143,Gunbir Gola,1953-08-05,Male,Lower
5192,4144,Aachal Sami,1992-10-24,Female,Lower-Middle
5193,4145,Rushil Rama,1960-12-25,Male,Middle
5194,4146,Jonathan Mahajan,1993-05-04,Male,Lower
5195,4147,Janani Ranganathan,1979-07-26,Female,Lower-Middle
5196,4147,Bimala Chauhan,1949-03-30,Female,Middle
5197,4148,Frederick Bali,2018-09-22,Male,Lower-Middle
5198,4149,Xalak Raval,1950-03-05,Female,Lower
5199,4150,Barkha Sabharwal,1965-02-07,Female,Upper
5200,4150,Idika Char,1994-11-18,Female,Lower
5201,4151,Vidhi Murty,1962-06-30,Female,Upper-Middle
5202,4152,Warjas Gola,2001-01-11,Male,Lower
5203,4153,Om Virk,2004-02-11,Male,Upper-Middle
5204,4153,Kamala Buch,1982-05-14,Female,Middle
5205,4154,Krishna Gokhale,1969-12-18,Male,Upper-Middle
5206,4155,Yug Batra,1984-07-26,Male,Lower
5207,4155,Balveer Bath,2007-07-09,Male,Lower-Middle
5208,4156,Hamsini Gandhi,1965-01-19,Female,Lower
5209,4157,Jonathan Natarajan,2014-06-29,Male,Lower
5210,4158,Ryan Sur,1985-06-02,Male,Lower-Middle
5211,4159,Rushil Bali,1956-09-13,Male,Upper
5212,4159,Shivani Sinha,2017-08-21,Female,Lower-Middle
5213,4160,Hredhaan Thakkar,2015-10-03,Male,Upper-Middle
5214,4160,Dhriti Chawla,1954-03-18,Female,Middle
5215,4161,Amol Palla,1968-12-17,Male,Lower
5216,4162,Ishita Wagle,1975-10-27,Female,Middle
5217,4163,Gayathri Divan,1974-03-02,Female,Lower
5218,4164,Xiti Nayak,1951-07-22,Female,Lower
5219,4165,Mekhala Viswanathan,1949-08-12,Female,Middle
5220,4166,Kavya Grover,1981-06-16,Female,Lower-Middle
5221,4167,Sudiksha Krishna,2001-04-21,Female,Upper-Middle
5222,4168,Maya Choudhary,1968-07-30,Female,Upper-Middle
5223,4169,Charles Randhawa,1995-05-29,Male,Upper-Middle
5224,4169,Nimrat Dayal,2009-02-07,Female,Upper-Middle
5225,4170,Guneet Singh,1953-02-11,Male,Middle
5226,4171,Dipta Mishra,1997-05-16,Female,Lower
5227,4172,Reyansh Banerjee,1987-12-25,Male,Middle
5228,4173,Sachi Bora,1952-05-27,Female,Upper-Middle
5229,4174,Tanay Peri,1981-05-27,Male,Lower
5230,4174,Benjamin Basu,1981-08-17,Male,Middle
5231,4175,Yash Shroff,1950-01-16,Male,Lower-Middle
5232,4175,Sarthak Shanker,1950-01-04,Male,Lower
5233,4176,Aashi Jha,1989-04-11,Female,Middle
5234,4177,Frado Khanna,2006-12-06,Male,Upper-Middle
5235,4178,Mahika Ranganathan,1982-01-30,Female,Lower-Middle
5236,4179,Sneha Andra,1985-07-25,Female,Upper-Middle
5237,4180,Chameli Chada,1949-10-21,Female,Lower
5238,4181,Nathaniel Ramaswamy,1977-07-24,Male,Middle
5239,4181,Girik Raval,2011-07-29,Male,Lower-Middle
5240,4182,Devika Bose,2012-05-30,Female,Middle
5241,4183,Dakshesh Gole,1992-11-06,Male,Lower-Middle
5242,4184,Utkarsh Gokhale,1956-01-15,Male,Lower
5243,4185,Mugdha Dewan,1965-05-20,Female,Upper
5244,4186,Ekta Pall,1979-02-13,Female,Lower-Middle
5245,4187,Ekavir Savant,1990-06-30,Other,Middle
5246,4188,Robert Chadha,2012-03-21,Male,Lower-Middle
5247,4189,Ridhi Sundaram,1967-07-22,Female,Middle
5248,4190,Kai Patla,2016-06-01,Male,Upper
5249,4191,Tejas Sant,1947-06-13,Male,Lower
5250,4192,Janaki Keer,1984-01-01,Female,Upper-Middle
5251,4193,Harish Hayer,2009-10-05,Male,Upper-Middle
5252,4194,Shivani Chowdhury,1993-05-26,Female,Lower-Middle
5253,4195,Robert Sachdeva,2016-08-22,Male,Upper-Middle
5254,4195,Sai Vasa,1948-09-29,Female,Lower
5255,4196,Wridesh Pingle,2002-04-20,Male,Lower-Middle
5256,4197,Kashvi Behl,1948-12-20,Female,Lower-Middle
5257,4198,Girik Dhar,2011-06-25,Male,Lower-Middle
5258,4199,Abha Jaggi,2001-03-22,Female,Lower-Middle
5259,4200,Meera Singhal,1946-04-25,Female,Lower-Middle
5260,4200,Anita Keer,1975-10-07,Female,Middle
5261,4201,Chameli Lanka,1964-11-11,Female,Lower
5262,4202,Hritik Sodhi,1984-10-28,Male,Lower
5263,4202,Gaurang Tara,1976-07-09,Male,Middle
5264,4203,Ekbal Reddy,2014-01-13,Male,Lower-Middle
5265,4204,Nihal Lad,1967-01-05,Male,Middle
5266,4205,Sathvik Dass,1979-01-25,Male,Middle
5267,4205,Rudra Vaidya,1974-09-12,Male,Lower-Middle
5268,4206,Nilima Balan,2009-09-06,Female,Middle
5269,4206,Brijesh Pai,2013-11-26,Male,Lower-Middle
5270,4207,Sathvik Borra,2013-09-29,Male,Lower-Middle
5271,4207,Yashica Balasubramanian,2018-04-01,Female,Upper-Middle
5272,4208,Karan Bahl,1973-10-28,Male,Lower-Middle
5273,4208,Ronith Goel,2005-02-02,Male,Middle
5274,4209,Lipika Mittal,1990-05-10,Female,Upper-Middle
5275,4209,Girik Sule,1994-06-13,Male,Lower
5276,4210,Ekanta Ramakrishnan,2012-01-09,Female,Lower
5277,4211,Ekani Sule,1969-12-16,Female,Lower
5278,4212,Falak Chaudry,1988-06-16,Female,Upper-Middle
5279,4212,Jagat Dhingra,1989-02-05,Male,Lower-Middle
5280,4213,Chanakya Ramanathan,1971-01-25,Male,Upper-Middle
5281,4214,Timothy Kulkarni,1994-09-25,Male,Lower-Middle
5282,4215,Chaman Rana,1991-07-28,Female,Middle
5283,4216,Siddharth Agrawal,2019-12-07,Male,Middle
5284,4217,Harini Minhas,1989-10-07,Female,Upper-Middle
5285,4218,Jeevika Iyengar,2003-05-30,Female,Lower-Middle
5286,4219,Aarnav Om,2008-09-21,Male,Lower
5287,4220,Falan Ravi,1999-04-24,Male,Upper
5288,4221,Wriddhish Bhatti,1958-04-06,Male,Lower-Middle
5289,4222,Hitesh Desai,1946-01-20,Male,Upper-Middle
5290,4223,Garima Hans,1961-09-08,Female,Middle
5291,4224,Karan Ratta,1990-05-25,Male,Lower
5292,4225,Avi Roy,1975-02-10,Male,Lower-Middle
5293,4225,Onkar Bhatnagar,1997-01-04,Male,Lower
5294,4226,Shivansh Patel,1993-11-16,Male,Middle
5295,4227,Sachi Sachar,2005-10-20,Female,Lower-Middle
5296,4228,Bhavani Gour,1964-04-21,Female,Middle
5297,4229,Saanvi Maharaj,1987-03-25,Female,Lower-Middle
5298,4230,Damini Mann,1977-06-13,Female,Lower
5299,4231,Aahana Luthra,1972-05-12,Female,Lower-Middle
5300,4232,Garima Minhas,1959-08-20,Female,Lower
5301,4232,Faras Sani,1972-06-02,Male,Middle
5302,4233,Yuvraj Sidhu,2009-06-01,Male,Upper
5303,4233,Laban Divan,1970-03-08,Male,Lower
5304,4234,Chavvi Grewal,1986-07-28,Female,Lower-Middle
5305,4235,Darika Srinivasan,1971-08-22,Female,Middle
5306,4235,Amrita Kaul,1980-07-25,Female,Lower-Middle
5307,4236,Harsh Chawla,2007-04-14,Male,Lower
5308,4237,Chandresh Balay,1969-07-30,Male,Upper
5309,4238,Kashish Narain,1947-07-17,Female,Lower
5310,4239,Kamya Ganguly,2010-01-15,Female,Upper
5311,4240,Advik Misra,1988-04-12,Male,Middle
5312,4240,Neel Chahal,1975-02-24,Male,Lower
5313,4241,Tanay Jaggi,1985-08-26,Male,Lower
5314,4242,Bachittar Sarraf,1956-02-17,Male,Upper
5315,4242,Ranveer Karpe,1972-02-27,Male,Middle
5316,4243,Kalpit Sehgal,1957-02-13,Male,Lower
5317,4244,Kalpit Kakar,1978-08-15,Male,Lower
5318,4245,Neel Mittal,1960-03-14,Male,Lower
5319,4246,Tripti Dhaliwal,1965-07-23,Female,Lower-Middle
5320,4247,Sneha Zacharia,1963-08-19,Female,Upper-Middle
5321,4248,Panini Barman,1969-03-06,Female,Lower-Middle
5322,4249,Oscar Sharma,1961-08-30,Male,Lower-Middle
5323,4250,Daksha Varkey,1957-02-21,Female,Lower
5324,4251,Hema Pingle,1985-06-16,Female,Lower
5325,4252,Chatresh Mittal,1989-05-23,Male,Lower-Middle
5326,4253,Shaurya Nigam,1959-02-13,Male,Middle
5327,4254,Janani Varughese,2004-07-20,Female,Lower
5328,4255,Jasmit Sachdeva,2008-12-13,Female,Lower
5329,4256,Reyansh Bumb,2004-03-15,Male,Lower
5330,4256,Tanish Apte,1988-11-29,Male,Upper
5331,4257,Kavya Kara,2007-02-22,Female,Lower-Middle
5332,4257,Wyatt Khalsa,1997-08-07,Male,Upper
5333,4258,Chaaya Datta,2013-05-02,Female,Middle
5334,4258,Wyatt Agrawal,2002-05-16,Male,Middle
5335,4259,Jagdish Brahmbhatt,1969-03-24,Male,Middle
5336,4260,Utkarsh Wadhwa,1986-09-19,Male,Upper-Middle
5337,4261,Rishi Seshadri,1964-08-24,Male,Lower-Middle
5338,4262,Vansha Dhaliwal,1952-09-11,Female,Lower-Middle
5339,4262,Chaitanya Sani,1968-08-18,Male,Lower-Middle
5340,4263,Bhavini Cherian,1996-11-05,Female,Middle
5341,4264,Varsha Murthy,2021-07-04,Female,Middle
5342,4264,Kai Swamy,1980-09-18,Male,Lower-Middle
5343,4265,Dalbir Dhawan,1995-01-09,Male,Lower
5344,4266,Jatin Dara,2007-03-13,Male,Lower
5345,4267,Nihal Agarwal,1980-12-27,Male,Lower-Middle
5346,4268,Dalaja Saraf,1960-10-21,Female,Upper-Middle
5347,4268,Kamala Magar,1952-03-08,Female,Middle
5348,4269,Viraj Dass,1997-01-25,Male,Upper-Middle
5349,4270,Pahal Manda,1992-08-01,Female,Lower
5350,4270,Shaurya Bhandari,1985-08-02,Male,Lower
5351,4271,Kai Dayal,1993-12-16,Male,Middle
5352,4272,Qushi Ramanathan,1972-04-18,Female,Lower-Middle
5353,4273,Baghyawati Kamdar,2014-11-15,Female,Lower-Middle
5354,4274,Naveen Dyal,2014-07-20,Male,Middle
5355,4275,Girish D’Alia,1974-02-18,Male,Upper-Middle
5356,4275,Unni Sunder,2015-03-08,Female,Lower
5357,4276,Mohammed Jain,1994-05-21,Male,Upper
5358,4277,Chatura Sheth,2008-12-22,Male,Lower-Middle
5359,4278,Jatin Vala,1994-10-19,Male,Lower-Middle
5360,4279,Ethan Dhar,1991-01-03,Male,Lower
5361,4280,Ishaan Sura,2000-12-04,Male,Lower-Middle
5362,4280,Shivansh Ravel,1969-07-29,Male,Lower
5363,4281,Chanakya Bose,2008-05-04,Male,Upper-Middle
5364,4282,Urmi Prabhakar,1974-05-31,Female,Middle
5365,4283,Ojas Palan,1972-02-11,Male,Middle
5366,4284,Reva Batta,2003-05-18,Female,Middle
5367,4285,Zayan Dave,1981-06-03,Male,Lower
5368,4285,Jacob Bhat,2008-05-17,Male,Middle
5369,4286,Ojas Nanda,1983-03-13,Male,Middle
5370,4287,Udant Jayaraman,1986-04-04,Male,Lower
5371,4288,Brijesh Muni,1961-09-10,Male,Lower-Middle
5372,4289,Gauri Bobal,1994-01-06,Female,Upper-Middle
5373,4290,Nilima Bali,2000-02-29,Female,Lower-Middle
5374,4290,Robert Din,1987-11-25,Male,Upper
5375,4291,Radha Talwar,1981-02-25,Female,Middle
5376,4292,Nilima Bajaj,1995-11-25,Female,Middle
5377,4293,Xavier Shroff,1948-03-21,Male,Upper
5378,4294,Raksha Krishnamurthy,2008-05-25,Female,Upper
5379,4295,Ranveer Kata,1952-05-04,Male,Middle
5380,4296,Vaishnavi Suresh,1989-02-24,Female,Upper-Middle
5381,4296,Aachal Bala,1999-04-30,Female,Lower-Middle
5382,4297,Chavvi Mandal,1948-09-06,Female,Upper-Middle
5383,4298,Hamsini Kari,1983-09-17,Female,Lower-Middle
5384,4299,Charan Patil,1951-03-21,Male,Upper
5385,4300,Daniel Bhatnagar,2013-06-14,Male,Lower-Middle
5386,4301,Yashvi Dua,1966-02-28,Female,Lower
5387,4302,Atharv Dhar,1988-10-10,Male,Middle
5388,4303,Henry Balakrishnan,1946-02-17,Male,Lower
5389,4303,Pranav Basu,1954-04-01,Male,Upper-Middle
5390,4304,Nidra Sastry,1980-06-22,Female,Lower
5391,4305,Hema Bhakta,1992-10-27,Female,Lower-Middle
5392,4306,Oeshi Date,1978-04-15,Female,Lower-Middle
5393,4307,Yashawini Guha,1949-05-02,Female,Lower
5394,4307,Yug Pai,2010-11-16,Male,Middle
5395,4308,Naksh Puri,2019-08-07,Male,Lower
5396,4309,Lucky Deshpande,1997-07-20,Male,Upper-Middle
5397,4310,Indira Kade,1978-12-19,Female,Lower
5398,4311,Sarthak Oommen,1954-07-19,Male,Lower
5399,4311,Ishita Mannan,1972-09-24,Female,Lower
5400,4312,Ekantika Menon,1957-09-03,Female,Upper-Middle
5401,4313,Ansh Dalal,2003-01-01,Male,Lower-Middle
5402,4313,Samaksh Kumar,1981-04-28,Male,Middle
5403,4314,Harrison Pau,1978-08-14,Male,Upper-Middle
5404,4314,Daniel Sundaram,2011-05-31,Male,Lower
5405,4315,Harsh Mane,1977-05-06,Male,Middle
5406,4316,Vasana Choudhry,2019-12-27,Female,Middle
5407,4317,Chandresh Wali,1967-04-04,Male,Lower-Middle
5408,4318,Rehaan Badal,2004-07-30,Male,Lower-Middle
5409,4319,Fitan Kannan,1954-08-29,Male,Lower
5410,4319,Vihaan Verma,1960-12-24,Male,Lower
5411,4320,Amara Bhat,1966-07-12,Female,Upper-Middle
5412,4321,Kavya Rastogi,2010-10-25,Female,Lower
5413,4322,Ekiya Parekh,2006-09-29,Female,Lower-Middle
5414,4323,Kashvi Parmar,2003-02-12,Female,Upper-Middle
5415,4324,Krishna Bhatt,1954-12-30,Male,Lower
5416,4325,Priya Manne,2006-12-19,Female,Lower-Middle
5417,4325,Yutika Raman,1979-06-05,Female,Lower
5418,4326,Finn Mohan,1947-10-21,Male,Lower
5419,4327,Jack Thakkar,1981-04-02,Male,Upper-Middle
5420,4328,Dakshesh Kar,1955-02-08,Other,Upper-Middle
5421,4329,Pooja Borra,1981-02-07,Female,Lower-Middle
5422,4330,Abdul Basu,1948-09-28,Male,Lower-Middle
5423,4331,Qabil Srinivas,1964-05-17,Male,Upper-Middle
5424,4332,Jai Oak,1977-08-05,Male,Middle
5425,4333,Amaira Rajagopal,2010-12-23,Female,Lower
5426,4334,Imaran Kala,2016-04-07,Male,Lower-Middle
5427,4334,Tristan Rajagopalan,1989-01-30,Male,Lower
5428,4335,Neelima Zachariah,1952-09-04,Female,Upper-Middle
5429,4336,Mason Ramachandran,1998-10-12,Male,Middle
5430,4336,Kamya Pathak,2020-02-05,Female,Upper-Middle
5431,4337,Oni Gopal,1949-03-29,Female,Lower-Middle
5432,4337,Aachal Choudhury,1995-02-04,Female,Lower
5433,4338,Nidra Morar,2020-06-19,Female,Lower-Middle
5434,4339,Yatan Dhaliwal,1946-01-25,Male,Lower
5435,4340,Krishna Bhandari,1995-05-29,Male,Middle
5436,4341,Vidhi Atwal,1971-03-25,Female,Middle
5437,4342,Frederick Chauhan,2007-01-23,Male,Lower-Middle
5438,4343,Omya Bhagat,1963-10-07,Female,Middle
5439,4344,Jeremiah Wagle,1978-05-08,Male,Lower-Middle
5440,4345,Agastya Joshi,1969-06-25,Male,Lower-Middle
5441,4346,Laksh Cherian,1952-08-23,Male,Lower
5442,4347,Widisha Deep,2014-09-13,Female,Lower-Middle
5443,4348,Baghyawati Doctor,2007-04-23,Female,Lower
5444,4349,Onkar Sem,1990-01-01,Male,Lower
5445,4350,Deepa Dugal,2004-03-27,Female,Upper
5446,4351,Vincent Bhalla,1953-02-15,Male,Middle
5447,4352,Tanay Kakar,1973-10-28,Male,Middle
5448,4353,Gautam Dutt,1993-01-10,Male,Middle
5449,4354,Vivaan Ram,2003-12-24,Male,Lower
5450,4354,Zinal Ghosh,1961-08-09,Female,Middle
5451,4355,Wishi Mangal,2002-05-30,Female,Lower
5452,4356,Chandran Johal,1974-09-03,Male,Lower-Middle
5453,4357,Rajata Palan,1969-08-20,Female,Lower
5454,4358,Rushil Palla,1999-09-02,Male,Middle
5455,4358,Bhavika Garg,1989-12-04,Female,Upper-Middle
5456,4359,Nidra Mishra,1955-10-03,Female,Lower
5457,4359,Yahvi Patla,1973-11-06,Female,Upper-Middle
5458,4360,Unni Hayre,2007-01-12,Female,Upper
5459,4361,Priya Sahni,1985-04-16,Female,Lower-Middle
5460,4362,Upadhriti Muni,2013-04-10,Female,Lower
5461,4363,Sathvik Parmar,1989-07-13,Male,Middle
5462,4364,Xavier Agrawal,1989-04-19,Male,Middle
5463,4365,Samar Pau,1952-08-24,Male,Upper
5464,4366,Ucchal Sachdev,1983-08-26,Other,Lower
5465,4366,Bahadurjit Chaudhary,1996-06-11,Male,Lower
5466,4367,Naksh Devan,1990-08-20,Male,Middle
5467,4368,Yashasvi Shan,1945-11-30,Female,Middle
5468,4369,Fitan Samra,1981-03-29,Male,Lower
5469,4370,Zaid Parikh,1951-11-06,Male,Upper-Middle
5470,4371,Netra Ranganathan,2000-12-16,Female,Lower-Middle
5471,4372,Robert Kannan,2014-07-26,Male,Middle
5472,4372,Zayyan Prabhu,1949-11-04,Male,Lower-Middle
5473,4373,Dalaja Sahni,1964-11-21,Female,Lower
5474,4374,Oni Acharya,1967-09-08,Female,Lower
5475,4374,Gaurangi Gole,1991-01-29,Female,Lower-Middle
5476,4375,Dayamai Gour,1976-01-19,Female,Lower
5477,4376,Gagan Manda,1981-08-30,Male,Lower
5478,4376,Ekalinga Tailor,1996-12-26,Male,Lower
5479,4377,Ojasvi Char,1985-07-02,Female,Middle
5480,4378,Karan Sinha,1958-01-01,Male,Middle
5481,4379,Chasmum Deep,1990-04-15,Female,Lower-Middle
5482,4380,Reva Khosla,2019-11-15,Female,Lower-Middle
5483,4381,Isaac Karan,1990-08-26,Male,Upper
5484,4382,Bhavna Sant,1992-10-27,Female,Lower
5485,4383,Owen Nori,1965-01-07,Male,Lower
5486,4384,Warjas Nagy,1956-04-23,Male,Lower-Middle
5487,4385,Aarush Basu,1954-06-26,Male,Lower-Middle
5488,4386,Yuvraj Mittal,2007-10-21,Male,Lower-Middle
5489,4387,Bhavika Das,1956-05-12,Female,Lower
5490,4388,Pallavi Khare,1974-02-09,Other,Middle
5491,4389,Amara Char,1952-11-09,Female,Middle
5492,4389,Aarav Manda,1989-05-22,Male,Lower
5493,4390,Dalaja Sethi,1982-03-04,Female,Lower-Middle
5494,4391,Akshay Pathak,2012-04-29,Male,Middle
5495,4391,Yoshita Johal,1981-02-26,Female,Lower
5496,4392,Praneel Mahajan,1968-05-27,Male,Upper-Middle
5497,4393,Abhiram Mistry,1967-09-16,Male,Lower
5498,4393,Manan Chakraborty,2015-06-12,Male,Lower-Middle
5499,4394,Samar Nagi,1982-06-24,Male,Middle
5500,4395,Vidhi Savant,1969-03-23,Female,Middle
5501,4396,Omya Banerjee,1996-05-03,Female,Upper-Middle
5502,4397,Darpan Natt,1961-12-22,Male,Lower
5503,4397,Ishani Shankar,1995-11-06,Female,Lower
5504,4398,Viraj Agate,2005-10-20,Male,Middle
5505,4398,Alexander Ratti,1958-02-23,Male,Lower-Middle
5506,4399,Lakshit Chowdhury,1974-04-15,Male,Lower-Middle
5507,4399,Chandresh Garg,2019-04-19,Male,Upper
5508,4400,Harsh Raghavan,1988-02-27,Male,Middle
5509,4401,Qabil Yohannan,1967-04-30,Male,Lower
5510,4402,Vedika Bhatia,2001-03-25,Female,Lower-Middle
5511,4403,Ekanta Sagar,1960-07-24,Female,Middle
5512,4403,Rishi Krishnamurthy,1949-06-06,Male,Upper-Middle
5513,4404,Advaith Viswanathan,1969-10-10,Male,Lower-Middle
5514,4405,Simon Dash,1948-03-07,Male,Middle
5515,4406,Frado Kar,1993-09-24,Male,Lower
5516,4407,Ekapad Bala,1980-10-05,Male,Middle
5517,4407,Sanaya Choudhary,1991-01-14,Female,Middle
5518,4408,Ishanvi Lal,1981-02-07,Female,Upper-Middle
5519,4408,Prisha Sampath,1972-10-24,Female,Upper-Middle
5520,4409,William Parmer,2015-03-17,Male,Upper
5521,4410,Brijesh Kibe,2019-02-10,Male,Middle
5522,4411,Zarna Tank,1945-11-27,Female,Middle
5523,4412,Chaitanya Chahal,1961-11-12,Male,Upper-Middle
5524,4412,Jackson Solanki,1989-11-16,Male,Lower-Middle
5525,4413,Hemang Jaggi,1958-04-18,Male,Middle
5526,4414,Kamya Ganesan,1983-01-11,Female,Lower
5527,4414,Vaishnavi Arora,2008-11-11,Female,Lower
5528,4415,Eta Suri,2014-01-09,Female,Middle
5529,4416,Sathvik Khatri,1978-12-22,Male,Lower
5530,4416,Anmol Vala,1954-11-14,Male,Lower-Middle
5531,4417,Harini Gera,1952-05-29,Female,Lower
5532,4418,Hemangini Bhagat,1987-01-29,Female,Upper-Middle
5533,4419,Zilmil Memon,1978-02-03,Other,Lower-Middle
5534,4420,Dayita Swaminathan,2015-08-13,Female,Lower-Middle
5535,4421,Sarthak Kumer,1993-08-12,Male,Middle
5536,4421,Dayita Banerjee,1985-02-16,Female,Lower
5537,4422,Onkar Badal,1947-07-23,Male,Middle
5538,4423,Manan Gala,1963-08-26,Male,Lower-Middle
5539,4424,Chanakya Tara,1951-06-26,Male,Lower
5540,4425,Isaac Chandran,1978-01-01,Male,Middle
5541,4426,Yatin Majumdar,1974-01-23,Male,Upper-Middle
5542,4427,Anika Kapur,1953-08-08,Female,Upper-Middle
5543,4428,Warjas Garde,1990-09-25,Male,Middle
5544,4429,Yadavi Kapoor,1975-11-18,Female,Lower
5545,4429,Oscar Verma,1961-03-20,Male,Middle
5546,4430,Samarth Tella,1967-10-05,Male,Upper-Middle
5547,4431,Arjun Bumb,1991-01-31,Male,Lower-Middle
5548,4432,Widisha Sahota,2020-10-20,Female,Lower
5549,4432,Maanas Raval,1969-06-12,Male,Middle
5550,4433,Charita Rajan,2007-01-04,Female,Lower
5551,4434,Avi Sahni,1967-11-15,Male,Lower-Middle
5552,4434,Yasti Devan,1959-12-06,Female,Lower-Middle
5553,4435,Krish Anne,2007-09-28,Male,Upper-Middle
5554,4436,Tarak Mane,1991-07-08,Male,Lower
5555,4437,Robert Dua,1962-12-09,Male,Middle
5556,4438,Krisha Natarajan,1951-07-02,Female,Middle
5557,4439,Damini Khatri,1982-05-26,Female,Lower
5558,4439,Ranbir Narain,1949-03-21,Male,Lower-Middle
5559,4440,Benjamin Vyas,1984-05-13,Male,Middle
5560,4441,Rachana Magar,1983-05-16,Female,Upper-Middle
5561,4442,Ekavir Pandey,1985-08-25,Male,Middle
5562,4443,Ethan Bhakta,1984-11-05,Male,Middle
5563,4444,Ladli Mohan,1962-08-16,Female,Lower-Middle
5564,4445,Sara Patel,2001-08-06,Other,Middle
5565,4446,Kabir Agarwal,1981-04-24,Male,Lower
5566,4447,Nicholas Chaudhuri,1984-02-13,Male,Lower
5567,4448,Kai Mody,2002-10-14,Male,Upper
5568,4449,Watika More,2015-11-15,Female,Middle
5569,4450,Madhav Nadkarni,1967-04-27,Male,Upper-Middle
5570,4451,Ekalinga Vaidya,2015-01-21,Male,Upper
5571,4452,Neha Raghavan,1988-10-24,Female,Lower-Middle
5572,4453,Ishwar Bakshi,1979-07-24,Male,Middle
5573,4454,Benjamin Soni,2021-06-29,Male,Lower-Middle
5574,4454,Garima Bose,1977-11-14,Female,Upper-Middle
5575,4455,Jasmit Sarkar,2013-06-25,Female,Lower-Middle
5576,4456,Kalpit Vyas,1975-04-25,Male,Upper-Middle
5577,4457,Yagnesh Sundaram,2011-05-15,Male,Upper
5578,4458,Thomas Dara,1994-10-23,Male,Upper-Middle
5579,4459,Forum Gade,1980-07-25,Female,Middle
5580,4460,Fitan Nadig,1945-09-27,Male,Lower
5581,4460,Zansi Kade,1982-12-21,Female,Middle
5582,4461,Idika Mani,2010-02-26,Female,Lower-Middle
5583,4462,Hemangini Karpe,2007-07-03,Female,Middle
5584,4463,Anthony Saxena,1986-01-10,Male,Middle
5585,4464,Warhi Pai,1975-01-02,Female,Lower
5586,4464,Arya Ben,2004-01-02,Female,Middle
5587,4465,Gaurika Keer,2021-05-07,Female,Lower-Middle
5588,4466,Vasatika Kadakia,1976-04-23,Female,Upper
5589,4467,Fariq Chatterjee,1945-08-15,Male,Lower-Middle
5590,4468,Zilmil Gulati,2008-02-23,Female,Lower-Middle
5591,4469,Pranav Gola,2002-01-09,Male,Lower-Middle
5592,4470,Fariq Chahal,2017-04-27,Male,Lower
5593,4471,Reva Chaudhry,1953-10-30,Female,Lower-Middle
5594,4472,Zehaan Varty,1958-03-28,Male,Lower-Middle
5595,4473,Chandresh Madan,1970-03-20,Male,Lower-Middle
5596,4474,Yadavi Keer,1984-05-13,Female,Lower
5597,4475,Aadhya Sabharwal,1980-04-08,Female,Middle
5598,4476,Harish Nagar,1991-09-23,Male,Upper
5599,4476,Nilima Hayre,1971-01-24,Female,Lower
5600,4477,Utkarsh Chaudhary,2006-01-27,Male,Upper-Middle
5601,4478,Abeer Madan,1952-05-28,Male,Lower-Middle
5602,4478,Hiral Manne,1965-09-20,Female,Upper-Middle
5603,4479,Indira Balay,1948-11-09,Female,Middle
5604,4480,Veda Kar,1960-09-21,Female,Upper-Middle
5605,4481,Inaya Kant,1963-09-29,Female,Upper-Middle
5606,4481,Ishaan Aggarwal,2015-09-25,Male,Lower-Middle
5607,4482,Frederick Mohan,1980-03-03,Male,Lower-Middle
5608,4482,Yashasvi Khare,1949-05-26,Female,Lower-Middle
5609,4483,Daniel Deshmukh,1956-11-27,Male,Middle
5610,4484,Rajeshri Tandon,2018-12-27,Female,Lower-Middle
5611,4485,Balvan Bedi,1965-06-22,Male,Middle
5612,4486,Daksh Thakur,1969-12-02,Male,Middle
5613,4487,Finn Mand,1985-02-14,Male,Lower
5614,4488,Gaurang Barad,2005-07-04,Male,Middle
5615,4488,Balvan Parekh,1965-01-16,Male,Upper
5616,4489,Chaman Chana,2008-08-14,Female,Lower
5617,4490,Zehaan Parikh,1960-01-24,Male,Lower-Middle
5618,4490,Samaksh Parmar,1953-03-15,Male,Lower-Middle
5619,4491,Arjun Ben,1996-03-22,Male,Lower
5620,4492,Manbir Bail,1965-02-14,Male,Middle
5621,4493,Theodore Ramakrishnan,1953-07-30,Male,Lower-Middle
5622,4494,Dev Kapadia,1958-10-12,Male,Lower-Middle
5623,4495,Ekapad Nori,2009-09-07,Male,Lower-Middle
5624,4495,Charita Bakshi,1950-02-10,Female,Upper-Middle
5625,4496,Hritik Raju,2001-06-22,Male,Middle
5626,4497,Warinder Muni,1978-01-31,Male,Upper-Middle
5627,4498,Jagat Madan,2006-12-02,Male,Lower
5628,4499,Krish Pau,2013-12-25,Male,Upper-Middle
5629,4499,Rishi Karan,1951-12-30,Male,Lower
5630,4500,Chatresh Ghosh,1956-02-14,Male,Lower
5631,4501,Inaya Ray,1971-11-24,Female,Lower
5632,4502,Ekalinga Narayanan,1960-12-10,Male,Middle
5633,4503,Ekaraj Verma,1949-10-17,Male,Middle
5634,4503,Caleb Ben,1966-07-11,Male,Lower-Middle
5635,4504,Ganga Kaul,2005-07-05,Female,Upper-Middle
5636,4505,Pratyush Bansal,1997-09-28,Male,Upper-Middle
5637,4506,Nandini Ghosh,1993-03-25,Female,Lower-Middle
5638,4507,Ganga Dutta,1989-11-26,Female,Middle
5639,4508,Shravya Nayar,1983-06-13,Female,Upper-Middle
5640,4508,Riya Kapadia,1955-12-31,Female,Lower
5641,4509,Chakradhar Mishra,1995-12-21,Male,Lower-Middle
5642,4510,Avi Jhaveri,1997-12-01,Male,Middle
5643,4511,Jeevika Pant,1983-12-08,Female,Lower
5644,4511,Harsh Sastry,1967-03-16,Male,Lower-Middle
5645,4512,Tejas Samra,2007-01-14,Male,Middle
5646,4512,Dev Ganesh,2001-03-31,Male,Lower-Middle
5647,4513,Robert Borah,2012-08-19,Male,Lower
5648,4514,Urvi Arora,1983-04-21,Female,Middle
5649,4515,Oliver Ganesan,1964-12-21,Male,Lower
5650,4516,Harinakshi Bassi,1994-07-14,Female,Middle
5651,4517,Leena Din,1995-05-18,Female,Lower
5652,4518,Varenya Walia,1952-09-10,Female,Middle
5653,4519,Madhavi Karnik,2011-03-05,Female,Middle
5654,4520,Sneha Baral,1971-04-07,Female,Lower-Middle
5655,4521,Xavier Kapadia,1954-12-09,Male,Lower
5656,4521,Upadhriti Batra,1962-04-04,Female,Lower
5657,4522,Sachi Oza,1977-06-16,Female,Lower-Middle
5658,4523,George Chanda,1958-08-01,Male,Middle
5659,4523,Meera Goswami,1980-04-01,Female,Middle
5660,4524,Chakradhar Palan,1948-08-27,Male,Lower-Middle
5661,4525,Hredhaan Shroff,1953-10-23,Male,Lower
5662,4526,Amara Wali,2015-03-08,Female,Middle
5663,4527,Omkaar Vyas,1995-10-15,Male,Lower-Middle
5664,4528,Zayan Kapur,2003-09-03,Male,Middle
5665,4529,Naveen Lall,2006-07-21,Male,Upper-Middle
5666,4530,Udarsh Subramanian,1980-11-29,Male,Upper-Middle
5667,4531,Owen Master,1967-08-03,Male,Lower
5668,4531,Max Kala,1997-11-17,Male,Upper-Middle
5669,4532,Waida Narain,2000-06-18,Female,Middle
5670,4533,Yug Wable,1990-02-24,Male,Lower-Middle
5671,4533,Varsha Virk,2004-03-17,Female,Lower-Middle
5672,4534,Gautam Nadkarni,1977-03-10,Male,Lower
5673,4534,Chatresh Nath,2017-08-29,Male,Middle
5674,4535,Saksham Sarna,2016-08-21,Male,Lower
5675,4536,Ridhi Chokshi,1960-03-02,Female,Lower
5676,4536,Gauri Mander,2001-09-15,Female,Lower
5677,4537,Balendra Dubey,2008-09-15,Male,Middle
5678,4537,Harinakshi Kalita,2005-04-19,Female,Middle
5679,4538,Aishani Anand,1965-07-12,Female,Lower
5680,4539,Reyansh Halder,1988-11-02,Male,Lower
5681,4540,Xavier Panchal,2007-02-08,Male,Middle
5682,4541,Qadim Jani,1970-03-10,Male,Upper-Middle
5683,4541,Krisha Puri,1955-12-03,Female,Lower
5684,4542,Advaith Bhattacharyya,1984-10-19,Male,Lower
5685,4542,Samar Mahal,1960-04-13,Male,Lower-Middle
5686,4543,Farhan Mani,1955-03-13,Male,Middle
5687,4544,Hitesh Sane,2012-08-22,Male,Lower-Middle
5688,4545,Zilmil Atwal,1998-04-15,Female,Upper-Middle
5689,4546,Faraj Viswanathan,1981-10-05,Male,Middle
5690,4547,Bimala Chand,2007-08-09,Female,Lower
5691,4548,Girish Bandi,1979-05-07,Male,Lower-Middle
5692,4549,Akshay Sharaf,1959-04-30,Male,Lower-Middle
5693,4549,Tripti Shanker,1953-04-21,Female,Lower-Middle
5694,4550,Wazir Kaur,2010-04-17,Male,Lower-Middle
5695,4551,Chatresh Saha,1965-01-08,Male,Lower-Middle
5696,4552,Orinder Gara,2012-04-08,Male,Middle
5697,4553,Samuel Batta,1957-01-05,Male,Lower-Middle
5698,4554,Abhiram Ratta,2005-10-05,Male,Lower
5699,4555,Mugdha Behl,1945-10-03,Female,Lower-Middle
5700,4555,Ayaan Bhatnagar,2015-06-10,Male,Upper-Middle
5701,4556,Ekaja Prabhakar,1999-09-26,Female,Upper
5702,4557,Bimala Anand,1996-12-20,Female,Middle
5703,4558,Aarav Vyas,1991-08-21,Male,Lower-Middle
5704,4558,Vasana Baria,1946-06-01,Female,Lower
5705,4559,Azaan Bail,1959-03-06,Male,Lower-Middle
5706,4560,Falan Dey,1963-07-23,Male,Middle
5707,4561,Frado Randhawa,1975-03-25,Male,Lower-Middle
5708,4561,Nathaniel Char,1950-05-27,Male,Upper-Middle
5709,4562,Balvan Bir,1997-02-02,Male,Middle
5710,4563,Lipika Choudhury,1946-03-30,Female,Lower-Middle
5711,4564,Vincent Sarin,2016-01-21,Male,Upper
5712,4565,Bhavini Baral,1960-06-28,Female,Middle
5713,4566,Niharika Buch,1956-08-20,Female,Lower-Middle
5714,4566,Veer Gola,1965-12-04,Other,Lower
5715,4567,Radhika Choudhury,1997-05-29,Female,Lower-Middle
5716,4567,Ekanta Narayan,2014-07-09,Female,Lower
5717,4568,Darsh Sant,2006-03-31,Male,Upper
5718,4569,Darika Bhatnagar,2011-07-02,Female,Lower-Middle
5719,4570,Faras Narain,1979-12-29,Male,Lower
5720,4571,Saumya Mutti,1990-01-07,Female,Lower-Middle
5721,4572,Gaurangi Majumdar,1966-11-10,Female,Lower
5722,4572,Ekavir Nanda,1981-05-19,Male,Lower-Middle
5723,4573,Noah Shukla,1992-07-12,Male,Lower
5724,4574,Aarav Garde,1985-08-08,Male,Middle
5725,4575,Ladli Devi,2002-07-21,Female,Middle
5726,4575,Krisha Prasad,1969-12-15,Female,Middle
5727,4576,Dalbir Sheth,1989-02-18,Male,Lower
5728,4576,Yashasvi Savant,2013-04-11,Female,Lower
5729,4577,Gunbir Dube,1945-11-10,Male,Lower
5730,4578,Abhiram Rattan,1957-10-18,Male,Lower-Middle
5731,4579,Dhruv Atwal,1977-07-14,Male,Upper
5732,4580,Sarthak Sengupta,2003-06-03,Male,Upper-Middle
5733,4580,Logan Mohanty,2016-01-17,Male,Middle
5734,4581,Hemal Uppal,2012-02-12,Female,Lower-Middle
5735,4582,Zaid Hayer,1953-12-11,Male,Lower-Middle
5736,4583,Mason Sankaran,1976-11-21,Male,Upper-Middle
5737,4584,Reyansh Sahni,1998-10-21,Male,Middle
5738,4585,Urmi Ghosh,1997-01-10,Female,Lower
5739,4586,Gaurangi Saraf,1987-12-25,Female,Upper-Middle
5740,4587,Ansh Kurian,2012-08-07,Male,Upper-Middle
5741,4588,Oeshi Mishra,1990-02-16,Other,Lower
5742,4588,Naveen Thakkar,1981-07-23,Male,Lower-Middle
5743,4589,Samar Padmanabhan,2009-03-14,Male,Middle
5744,4589,Daniel Korpal,2006-10-22,Male,Middle
5745,4590,Pooja Hora,1980-03-12,Female,Middle
5746,4591,Viraj Thakkar,1974-05-17,Male,Upper-Middle
5747,4592,Vincent Kale,1965-05-29,Male,Upper-Middle
5748,4593,Vinaya Purohit,2003-07-19,Female,Lower-Middle
5749,4593,Kabir Warrior,1984-12-09,Male,Lower-Middle
5750,4594,Xalak Mody,1984-12-15,Other,Lower-Middle
5751,4594,Niharika Oommen,1982-12-25,Female,Upper-Middle
5752,4595,Girindra Balan,1949-05-02,Male,Middle
5753,4595,Chandresh Mital,1977-05-04,Male,Lower-Middle
5754,4596,Sarthak Narain,1985-07-14,Male,Lower-Middle
5755,4597,Isha Gera,1974-10-22,Female,Lower-Middle
5756,4598,Jeet Mody,1990-11-04,Male,Middle
5757,4599,Ikbal Palla,1998-04-15,Male,Lower-Middle
5758,4600,Faris Deo,2016-10-31,Male,Lower
5759,4601,Qabil Sule,1995-09-13,Male,Lower-Middle
5760,4601,Falguni Ahluwalia,1975-08-17,Female,Middle
5761,4602,Dayita Jaggi,1977-03-19,Female,Lower-Middle
5762,4603,Rushil Bora,1956-02-24,Male,Middle
5763,4604,Vedant Subramaniam,1946-08-18,Male,Lower-Middle
5764,4605,Nimrat Chakraborty,1961-03-19,Female,Middle
5765,4606,Rachana Wadhwa,1960-03-24,Female,Lower
5766,4607,Faraj Kakar,1954-12-11,Male,Lower-Middle
5767,4607,Keya Mahajan,1967-05-17,Female,Lower-Middle
5768,4608,Dayita Parmar,2019-10-04,Female,Lower-Middle
5769,4609,Tanmayi Nazareth,1950-11-07,Female,Middle
5770,4610,Riya Jaggi,2006-07-29,Female,Lower
5771,4611,Advay Pillay,2005-04-22,Male,Lower
5772,4612,Dipta Prabhakar,1954-04-18,Female,Upper-Middle
5773,4613,Chakradhar Bhatia,1949-09-04,Male,Lower-Middle
5774,4614,Manan Kant,1947-08-06,Male,Upper-Middle
5775,4615,Ekaraj Sharaf,2011-12-20,Male,Upper-Middle
5776,4616,Ekapad Atwal,1996-07-31,Male,Middle
5777,4617,Sneha Mann,1965-05-30,Female,Lower
5778,4617,Samuel Gulati,2020-11-18,Male,Lower-Middle
5779,4618,Zansi Ghose,1997-08-12,Female,Middle
5780,4619,Fitan Ramesh,2006-02-19,Male,Middle
5781,4619,Isaiah Chaudhry,1957-06-22,Male,Lower
5782,4620,Jatin Buch,1953-11-22,Male,Lower-Middle
5783,4621,Omkaar Karnik,2013-12-26,Male,Lower-Middle
5784,4622,Chaaya Majumdar,1960-05-04,Female,Lower
5785,4623,Idika Sankaran,1985-04-03,Female,Lower-Middle
5786,4624,Indrajit Balasubramanian,1996-10-05,Male,Lower
5787,4625,Sai Choudhury,1983-10-26,Female,Lower-Middle
5788,4626,Yashica Jaggi,2014-06-09,Female,Lower-Middle
5789,4627,Triveni Tank,1986-06-06,Female,Lower-Middle
5790,4628,Naksh Mukhopadhyay,1952-06-28,Male,Middle
5791,4629,Zinal Mane,2010-02-15,Female,Middle
5792,4630,Krishna Master,2012-01-11,Female,Middle
5793,4631,Ekalinga Trivedi,2011-06-14,Male,Lower-Middle
5794,4631,Niharika Nath,2007-11-26,Female,Upper-Middle
5795,4632,Girik Mani,1991-10-16,Male,Lower
5796,4633,Neelima Bala,1983-08-02,Female,Middle
5797,4634,Darsh Bail,1946-10-26,Male,Lower
5798,4634,Mason Ratta,1961-08-28,Male,Lower
5799,4635,Warjas Sehgal,2017-03-23,Male,Middle
5800,4636,Meera Prabhu,1973-12-11,Female,Lower-Middle
5801,4637,Prisha Sarraf,2019-11-25,Female,Lower-Middle
5802,4638,Sanaya Dave,2004-03-17,Female,Lower-Middle
5803,4639,Janaki Khalsa,1991-08-05,Female,Lower
5804,4640,Aayush Bali,1962-12-08,Male,Lower-Middle
5805,4641,Parth Hayre,1991-01-31,Male,Lower-Middle
5806,4642,Reva Ratta,1973-08-04,Female,Lower-Middle
5807,4643,Yagnesh Kamdar,1959-11-23,Male,Lower-Middle
5808,4644,Rachita Dugar,1987-12-04,Female,Upper-Middle
5809,4644,Zilmil Suri,1949-11-19,Female,Upper-Middle
5810,4645,Janya Chandran,1961-06-15,Female,Lower
5811,4646,Sai Panchal,1962-02-16,Other,Lower
5812,4646,Jagat Jhaveri,1995-03-11,Male,Upper
5813,4647,Tripti Dhar,1985-07-19,Female,Lower
5814,4647,David Nayar,1957-04-25,Male,Lower-Middle
5815,4648,Upadhriti More,1987-12-05,Female,Lower
5816,4649,Yug Soni,1955-01-19,Male,Middle
5817,4650,Bhavya Kashyap,1989-08-02,Female,Lower
5818,4651,Ijaya Varghese,1956-12-10,Other,Lower
5819,4652,Parth Mallick,2018-10-29,Male,Lower-Middle
5820,4653,Oni Sant,1967-03-08,Female,Upper
5821,4654,Jalsa Samra,1983-09-23,Female,Lower-Middle
5822,4655,Isha Dash,2004-02-14,Female,Middle
5823,4656,Faraj Acharya,1964-10-02,Male,Lower-Middle
5824,4657,Vyanjana Memon,1966-05-20,Female,Lower
5825,4658,Warda Narayanan,1959-07-17,Female,Lower
5826,4658,Indrajit Ranganathan,2005-05-20,Male,Upper-Middle
5827,4659,Arunima Sarraf,1993-09-04,Female,Lower
5828,4659,Sanaya Prashad,1959-09-01,Female,Lower
5829,4660,Nirja Randhawa,2016-01-13,Female,Lower-Middle
5830,4661,Mahika Manne,1956-04-01,Female,Lower
5831,4662,Luke Khalsa,1973-07-01,Male,Lower
5832,4663,Benjamin Chahal,1989-01-24,Male,Lower
5833,4664,Nathan Muni,1949-05-31,Male,Middle
5834,4665,Rishi Dass,1959-01-23,Male,Upper-Middle
5835,4666,Shravya Anne,1978-12-14,Female,Middle
5836,4667,Jeet Gara,1976-12-16,Male,Lower
5837,4668,Darsh Nanda,1968-11-27,Male,Lower-Middle
5838,4669,Chanchal Sane,1993-09-23,Female,Upper-Middle
5839,4670,Chakradhar Iyengar,1953-12-13,Male,Upper-Middle
5840,4671,Kavya Varma,2005-02-12,Female,Lower-Middle
5841,4672,Mohini Vaidya,1984-11-19,Female,Lower
5842,4673,Krishna Morar,1972-08-05,Male,Lower
5843,4674,Aahana Shetty,1985-04-23,Female,Lower
5844,4675,Varenya Suresh,2009-05-08,Female,Upper-Middle
5845,4676,Darsh Memon,2002-09-17,Male,Lower
5846,4677,Daksha Thaker,1974-02-10,Female,Middle
5847,4677,Suhani Konda,1972-11-03,Female,Lower-Middle
5848,4678,Qadim Kapadia,1978-07-03,Male,Upper-Middle
5849,4678,Guneet Baral,1990-10-16,Male,Lower
5850,4679,Patrick Sheth,2014-05-09,Male,Lower-Middle
5851,4680,Saksham Bhalla,2007-03-21,Male,Lower
5852,4680,Girik Nayar,1948-09-11,Male,Lower-Middle
5853,4681,Sai Sane,2003-08-14,Female,Middle
5854,4682,Reyansh Parikh,1948-02-28,Male,Middle
5855,4683,Ethan Sandhu,1956-09-05,Male,Upper-Middle
5856,4684,Shivansh Varghese,2001-04-21,Male,Middle
5857,4684,Prisha Kadakia,1964-01-14,Female,Upper-Middle
5858,4685,Joshua Taneja,1982-06-09,Male,Upper
5859,4686,Kai Bhatt,1970-02-13,Male,Lower
5860,4687,Abhimanyu Lad,1972-02-22,Male,Lower
5861,4688,Lucky Varma,1974-03-01,Male,Middle
5862,4689,Rishi Bedi,1946-07-04,Male,Upper
5863,4690,Bahadurjit Dugal,1946-08-03,Male,Lower-Middle
5864,4691,Chatresh Ram,1975-01-12,Male,Middle
5865,4692,Janaki Dhillon,2010-06-03,Female,Lower
5866,4692,Charvi Toor,1975-07-13,Female,Lower-Middle
5867,4693,William Dave,1958-08-24,Male,Lower
5868,4693,Ojas Agate,1958-10-13,Male,Lower-Middle
5869,4694,Viraj Pathak,2007-09-05,Male,Lower
5870,4695,Aayush Chauhan,2015-02-20,Male,Lower
5871,4696,Yoshita Sankar,2005-05-10,Female,Lower
5872,4697,Dev Date,2001-07-16,Male,Lower
5873,4698,Michael Chadha,1990-12-18,Male,Lower
5874,4699,Yochana Kar,1968-05-29,Female,Lower
5875,4700,Saksham Sarin,1991-05-27,Male,Lower
5876,4701,Widisha Suresh,1972-11-17,Female,Lower-Middle
5877,4702,Harshil Chacko,2008-04-05,Male,Upper-Middle
5878,4703,Krisha D’Alia,1978-02-07,Female,Upper-Middle
5879,4704,Ekapad Suresh,2003-08-12,Male,Lower
5880,4705,Pooja Oommen,1979-02-27,Female,Lower
5881,4706,Siddharth Pingle,1954-01-21,Male,Lower
5882,4707,Zilmil Datta,1989-02-25,Other,Lower-Middle
5883,4708,Unnati Nazareth,1960-07-16,Female,Lower-Middle
5884,4709,Jalsa Choudhary,2007-07-26,Female,Lower-Middle
5885,4710,Vrinda Chandran,1990-05-30,Female,Upper
5886,4710,Indali Sachdev,1968-12-18,Female,Lower-Middle
5887,4711,Gunbir Mani,1962-01-25,Male,Middle
5888,4712,Ojas Bajwa,1971-02-06,Male,Middle
5889,4712,Lucky Ratti,1947-03-22,Male,Lower-Middle
5890,4713,Nachiket Sagar,2014-04-08,Male,Upper-Middle
5891,4714,Nicholas Sehgal,1986-07-28,Male,Middle
5892,4715,Tanish Murty,1986-12-27,Male,Middle
5893,4715,Ekta Contractor,2015-08-31,Female,Upper-Middle
5894,4716,Ikbal Goel,1959-12-04,Male,Upper
5895,4717,Nitesh Nanda,2014-12-17,Male,Lower-Middle
5896,4717,Warinder Mammen,1950-12-23,Male,Middle
5897,4718,Ayush Kamdar,1954-05-26,Male,Lower
5898,4719,Bachittar Johal,1987-10-10,Male,Lower-Middle
5899,4719,Rachit Bhagat,2019-10-10,Male,Lower-Middle
5900,4720,Neel Sahota,2003-11-25,Male,Middle
5901,4721,Xalak Lata,1985-06-07,Female,Lower
5902,4722,Yatan Brar,1976-08-18,Male,Upper-Middle
5903,4723,Chameli Gandhi,1991-09-26,Female,Upper
5904,4724,Jeet Lall,1957-05-31,Male,Lower-Middle
5905,4725,Simon Pillay,2007-12-20,Male,Middle
5906,4726,Udant Sama,1997-08-02,Male,Middle
5907,4727,Shivansh Dugar,1951-05-03,Male,Lower-Middle
5908,4727,Zaid Bawa,1977-09-12,Male,Lower
5909,4728,Jalsa Prashad,2005-07-02,Female,Lower
5910,4729,Utkarsh Kunda,1987-12-01,Male,Lower
5911,4730,Anay Krishnamurthy,1973-02-27,Male,Middle
5912,4730,Darsh Choudhury,2016-04-11,Male,Upper
5913,4731,Baghyawati Arora,1975-03-08,Female,Middle
5914,4732,Andrew Korpal,1991-03-05,Male,Lower-Middle
5915,4733,William Comar,2011-08-18,Male,Upper-Middle
5916,4734,Krishna Bera,1974-04-11,Other,Lower
5917,4735,Aashi Sarkar,1999-08-14,Female,Middle
5918,4736,Megha Sarin,1994-06-25,Female,Middle
5919,4737,Zashil Loke,2010-03-02,Male,Lower-Middle
5920,4738,Vivaan Vora,2020-04-08,Male,Lower-Middle
5921,4739,Parth Tella,2012-06-10,Male,Upper-Middle
5922,4740,Viraj Sood,1957-02-22,Male,Middle
5923,4741,Mugdha Chadha,2007-11-19,Female,Middle
5924,4741,Sathvik Bhavsar,1952-11-27,Male,Upper-Middle
5925,4742,Gaurang Kar,1993-10-05,Male,Lower-Middle
5926,4743,Advaith Yohannan,1973-04-30,Male,Middle
5927,4744,Yatin Varughese,1999-08-31,Male,Middle
5928,4744,Yoshita Sandal,2019-04-20,Female,Upper-Middle
5929,4745,Elijah Badami,1948-05-17,Male,Lower-Middle
5930,4745,Idika Rajan,1990-07-31,Female,Lower-Middle
5931,4746,Jhalak Bawa,1988-08-28,Female,Lower
5932,4747,Kalpit Chandra,1958-09-09,Male,Upper-Middle
5933,4747,Hamsini Baral,2005-10-28,Female,Lower
5934,4748,Ridhi Chandran,1975-11-18,Female,Middle
5935,4749,Pahal Gokhale,1983-12-12,Female,Upper
5936,4750,Vyanjana Sarkar,1952-10-02,Female,Upper-Middle
5937,4751,Sathvik Bobal,1949-08-28,Male,Upper
5938,4752,Fitan Sridhar,1952-11-06,Male,Lower-Middle
5939,4753,Nathan Jha,2016-07-06,Male,Middle
5940,4754,Tristan Rao,1955-01-16,Male,Lower-Middle
5941,4754,Vanya Sabharwal,2012-05-07,Female,Middle
5942,4755,Faqid Comar,1972-03-26,Male,Upper
5943,4756,Netra Nagi,2000-07-10,Female,Lower
5944,4757,Logan Karan,1961-12-07,Male,Lower
5945,4758,Hardik Vala,1971-07-22,Male,Middle
5946,4759,Radhika Konda,1954-07-28,Female,Upper
5947,4760,Aryan Balay,2016-04-12,Male,Upper-Middle
5948,4760,Ansh Muni,1952-01-12,Male,Middle
5949,4761,Gagan Mammen,1959-09-09,Male,Middle
5950,4762,Amol Kale,2000-07-31,Male,Lower
5951,4763,Hemani Kohli,2012-05-07,Female,Lower
5952,4764,Ikbal Brahmbhatt,1973-05-17,Male,Lower-Middle
5953,4764,Falguni Mukhopadhyay,1954-01-21,Female,Lower
5954,4765,Thomas Dasgupta,2015-04-19,Male,Upper-Middle
5955,4766,Ronith Gaba,1955-09-22,Male,Upper-Middle
5956,4767,Wahab Menon,1964-09-27,Male,Lower
5957,4768,Chandran Banerjee,1959-08-21,Male,Upper-Middle
5958,4769,Ekansh Tandon,1981-12-13,Male,Lower
5959,4769,Banjeet Oak,1957-05-12,Male,Middle
5960,4770,Om Bahri,2012-04-08,Male,Middle
5961,4771,Jacob Buch,1976-02-23,Male,Middle
5962,4771,Mahika Bhasin,1982-11-20,Female,Middle
5963,4772,Banjeet Saini,1988-12-12,Male,Upper
5964,4772,Rudra Ramanathan,1968-11-26,Male,Upper-Middle
5965,4773,Charita Majumdar,1993-04-17,Female,Lower
5966,4774,Atharv Samra,1988-08-07,Male,Lower-Middle
5967,4775,Zehaan Sarin,1967-09-16,Male,Lower
5968,4776,Vaishnavi Vaidya,1996-03-02,Female,Lower-Middle
5969,4777,Vedhika Char,2008-07-25,Female,Upper-Middle
5970,4778,Gaurav Bhatti,1972-01-26,Male,Upper-Middle
5971,4779,Yatin Raghavan,2010-08-18,Male,Upper-Middle
5972,4779,Yash Apte,1945-09-24,Male,Middle
5973,4780,Harinakshi Sarna,2003-03-24,Female,Lower-Middle
5974,4781,Lakshit Mohan,1991-05-19,Male,Lower-Middle
5975,4781,Vaishnavi Tiwari,1985-01-12,Female,Upper-Middle
5976,4782,Aachal Anne,1975-05-26,Female,Lower
5977,4783,Zashil Baral,2002-09-14,Male,Middle
5978,4784,Siddharth Oak,1987-05-22,Male,Lower
5979,4785,Sarthak Modi,2015-02-10,Male,Upper-Middle
5980,4786,Madhavi Hari,1969-10-26,Female,Lower-Middle
5981,4787,Henry Dhaliwal,1968-03-30,Male,Lower
5982,4788,Tamanna Thaker,2009-08-12,Female,Upper-Middle
5983,4789,Ishanvi Singhal,1995-06-29,Female,Middle
5984,4790,Xalak Wali,1995-08-17,Female,Lower-Middle
5985,4790,Nihal Sule,1998-02-21,Male,Lower
5986,4791,Hredhaan Agrawal,1965-01-15,Male,Lower-Middle
5987,4792,Shaurya Mani,1973-06-14,Male,Upper-Middle
5988,4792,Yashawini Choudhury,1975-10-26,Female,Lower
5989,4793,Falguni Ghose,1992-08-17,Female,Middle
5990,4794,Qasim Bahl,1980-09-28,Male,Upper-Middle
5991,4795,Ekapad Gade,2002-11-29,Male,Lower-Middle
5992,4795,Michael Khare,1996-05-12,Male,Lower
5993,4796,Logan Murty,1995-11-16,Male,Lower-Middle
5994,4797,Jack Chaudhari,1984-07-10,Male,Lower-Middle
5995,4798,Simon Sami,1969-09-01,Male,Middle
5996,4798,Lajita Swamy,2005-03-14,Female,Upper-Middle
5997,4799,Aarav Jaggi,2021-02-16,Male,Middle
5998,4799,Zayan Bhargava,2011-01-14,Male,Upper-Middle
5999,4800,Bhavani Bawa,1965-03-14,Female,Lower-Middle
6000,4801,Nisha Vora,2017-06-02,Female,Middle
6001,4802,Madhavi Chowdhury,2008-02-12,Female,Lower
6002,4802,Robert Sridhar,1978-10-29,Male,Lower
6003,4803,Isha Korpal,2014-05-01,Female,Lower
6004,4803,Guneet Vyas,2006-04-02,Male,Upper-Middle
6005,4804,Yashvi Kade,2020-08-15,Female,Lower-Middle
6006,4805,Yutika Wagle,1965-11-26,Female,Middle
6007,4806,Yashvi Das,2006-06-05,Female,Lower-Middle
6008,4807,Urishilla Yohannan,1959-06-27,Female,Lower
6009,4808,Priya Gole,1964-11-13,Female,Lower-Middle
6010,4809,Ojas Barad,2012-05-19,Male,Upper-Middle
6011,4809,Wriddhish Swaminathan,1977-03-23,Male,Lower-Middle
6012,4810,Ekani Comar,2016-09-07,Female,Lower-Middle
6013,4811,Raghav Varty,1980-04-30,Male,Lower
6014,4812,Alexander Hegde,1973-12-05,Male,Upper-Middle
6015,4813,Gaurang Panchal,1953-05-13,Male,Lower
6016,4814,Vedika Dube,1966-07-13,Female,Middle
6017,4815,Teerth Goyal,2018-04-18,Male,Upper-Middle
6018,4815,Baghyawati Sengupta,2000-07-16,Female,Lower-Middle
6019,4816,Vedant Sawhney,2018-10-18,Male,Middle
6020,4817,Timothy Karnik,2011-02-26,Male,Middle
6021,4817,Zinal Bir,1951-09-19,Female,Upper-Middle
6022,4818,Urvashi Lanka,2004-02-01,Female,Upper-Middle
6023,4819,Janani Bali,1994-09-28,Female,Lower-Middle
6024,4820,Xavier Mand,1951-05-17,Male,Lower
6025,4821,Farhan Kunda,1964-08-17,Male,Lower
6026,4822,Daniel Bhakta,1977-07-28,Male,Lower-Middle
6027,4823,Faqid Mammen,2021-03-22,Male,Lower-Middle
6028,4823,Zaid Guha,1998-07-20,Male,Lower-Middle
6029,4824,Darika Wable,2018-07-23,Female,Middle
6030,4824,Dayamai Yadav,2001-03-07,Female,Lower-Middle
6031,4825,Banjeet Kakar,1964-10-03,Male,Upper
6032,4826,Advaith Ratta,1977-12-15,Male,Middle
6033,4826,Vrishti Gopal,1981-07-09,Female,Lower-Middle
6034,4827,Tamanna Jani,2020-06-28,Female,Upper
6035,4828,Wazir Din,1999-07-14,Male,Upper-Middle
6036,4828,Anika Apte,2008-10-30,Female,Lower
6037,4829,Mason Karan,2014-09-09,Male,Upper
6038,4830,Zaitra Anand,1949-03-18,Female,Lower
6039,4831,Teerth Dyal,1981-12-22,Male,Lower
6040,4832,Abhiram Narain,1954-05-10,Male,Upper-Middle
6041,4833,Amrita Mukherjee,2014-01-09,Female,Middle
6042,4833,Jasmit Pai,2011-12-03,Female,Lower-Middle
6043,4834,Madhavi Kara,1984-08-10,Female,Lower
6044,4835,Jacob Raj,1985-07-03,Male,Upper-Middle
6045,4836,Daksha Bhat,2011-11-10,Female,Lower-Middle
6046,4837,Tristan Shan,1964-12-01,Male,Lower-Middle
6047,4837,Faris Dhaliwal,2003-12-17,Male,Middle
6048,4838,Saanvi Chad,1989-08-06,Female,Middle
6049,4839,Kashish Bandi,1946-12-17,Female,Lower
6050,4840,Yadavi Apte,1964-01-08,Female,Lower-Middle
6051,4841,Qabil Bhasin,2010-05-09,Male,Lower-Middle
6052,4842,Wahab Sarkar,1978-08-22,Male,Lower
6053,4843,Nathaniel Chokshi,1979-11-08,Male,Lower
6054,4844,Kavya Purohit,1946-11-12,Female,Lower-Middle
6055,4844,Teerth Varty,1955-02-11,Male,Lower
6056,4845,Anirudh Tank,1992-02-01,Male,Lower-Middle
6057,4846,Avni Bakshi,2000-04-27,Female,Middle
6058,4847,Priya Pau,2017-08-19,Female,Middle
6059,4848,Imaran Dugar,1965-01-31,Male,Middle
6060,4848,Kabir Nagar,1993-12-22,Male,Lower-Middle
6061,4849,Pallavi Goswami,1974-05-28,Female,Lower
6062,4850,Eesha Char,1986-11-14,Female,Upper-Middle
6063,4851,Logan Chacko,1971-05-01,Male,Middle
6064,4852,Brijesh Sekhon,2000-04-01,Male,Lower-Middle
6065,4853,Ishita Ben,1977-12-28,Female,Lower-Middle
6066,4854,Nitara Saraf,1990-01-22,Female,Lower-Middle
6067,4855,Wridesh Arya,1993-01-24,Male,Middle
6068,4856,Qasim Bhattacharyya,1947-04-23,Male,Lower-Middle
6069,4857,Hemang Sabharwal,1960-10-10,Male,Middle
6070,4858,Ekaraj Venkataraman,2011-07-02,Male,Lower-Middle
6071,4858,Anvi Thakkar,1960-12-03,Female,Middle
6072,4859,Utkarsh Halder,1948-12-02,Male,Lower-Middle
6073,4860,Ishwar Wali,1965-04-22,Male,Lower
6074,4861,Lakshit Murthy,1963-07-19,Male,Middle
6075,4862,Yochana Ranganathan,1963-11-26,Female,Middle
6076,4863,Aarini Grover,2020-09-23,Female,Middle
6077,4864,Ayaan Patel,1965-03-15,Male,Lower-Middle
6078,4865,Zayan Parmer,1951-12-24,Male,Lower-Middle
6079,4866,Sanaya Ben,1971-05-14,Female,Middle
6080,4867,Chanakya Doctor,2001-02-12,Male,Lower
6081,4867,Karan Pandya,2017-06-08,Male,Lower
6082,4868,Nicholas Lall,2020-08-11,Male,Lower-Middle
6083,4869,Madhavi Magar,1947-08-22,Female,Middle
6084,4870,Tanish Pandit,1987-06-08,Male,Middle
6085,4871,Bakhshi Grover,2013-07-12,Male,Lower-Middle
6086,4871,Ria Kulkarni,2014-12-29,Female,Upper-Middle
6087,4872,Michael Wagle,2009-10-06,Male,Lower-Middle
6088,4873,Om Rastogi,1997-04-30,Male,Lower-Middle
6089,4874,Jeevika Bala,1951-12-22,Female,Middle
6090,4875,Rohan Ahuja,1987-07-22,Male,Lower
6091,4875,Rohan Chokshi,1994-08-18,Male,Upper-Middle
6092,4876,Chanakya Devi,1975-08-21,Male,Lower-Middle
6093,4877,Ati Sahni,1999-04-05,Female,Lower
6094,4877,Raghav Sant,1953-01-22,Male,Lower-Middle
6095,4878,Akshay Palla,1948-05-14,Male,Upper-Middle
6096,4878,Quincy Shankar,2003-10-24,Male,Upper-Middle
6097,4879,Vedhika Yogi,1974-06-29,Other,Lower-Middle
6098,4880,Jeet Char,1987-07-04,Male,Lower
6099,4881,Kiaan Kara,2008-05-14,Male,Upper-Middle
6100,4881,Anvi Halder,1989-11-06,Female,Lower-Middle
6101,4882,Benjamin Ram,1948-01-09,Male,Upper-Middle
6102,4883,Amara Devi,2007-07-16,Female,Lower-Middle
6103,4884,Laban Tank,1955-03-26,Male,Lower-Middle
6104,4885,Idika Krishnamurthy,1976-07-19,Female,Middle
6105,4886,Chaitaly Chaudhuri,1955-08-23,Female,Lower
6106,4887,Dhruv Sarkar,2002-03-23,Male,Lower
6107,4888,Jacob Sundaram,2006-10-13,Male,Middle
6108,4889,Darika Kanda,1979-06-21,Female,Upper-Middle
6109,4890,Jairaj Chaudhari,1981-05-09,Male,Lower
6110,4890,Nicholas Krish,2012-04-30,Other,Lower-Middle
6111,4891,Hemang More,1998-01-20,Male,Upper-Middle
6112,4892,Guneet Golla,2015-08-16,Male,Lower
6113,4892,Kevin Dube,1995-02-17,Male,Upper-Middle
6114,4893,Ekaja Raval,2020-09-22,Other,Lower
6115,4894,Triveni Wali,1950-03-04,Female,Lower-Middle
6116,4895,Banjeet Balay,1952-04-15,Other,Upper
6117,4896,Parth Kale,2019-08-22,Male,Lower-Middle
6118,4897,Nihal Singh,1996-03-24,Male,Lower-Middle
6119,4898,Chakradhar Murthy,1982-03-22,Male,Middle
6120,4899,Ojas Setty,2019-02-03,Male,Lower
6121,4899,Arya Srivastava,2007-05-04,Female,Middle
6122,4900,Chatresh Manda,2017-09-26,Male,Lower
6123,4901,Prisha Comar,1985-09-05,Female,Lower-Middle
6124,4902,Tanay Ray,1958-02-22,Male,Middle
6125,4903,Lajita Choudhry,2007-05-06,Female,Lower
6126,4903,Anita Aggarwal,2000-11-18,Female,Lower
6127,4904,Triya Dhaliwal,1999-05-15,Female,Middle
6128,4904,Tanish Yadav,2020-11-01,Male,Middle
6129,4905,Mohini Murthy,1990-10-17,Female,Upper-Middle
6130,4905,Sudiksha Kannan,2013-04-06,Female,Lower-Middle
6131,4906,Unnati Sant,1994-08-11,Female,Lower
6132,4906,Arin Ganguly,1976-08-26,Male,Lower-Middle
6133,4907,Megha Deo,1977-03-31,Female,Lower
6134,4908,Tanish Golla,1970-08-26,Male,Lower
6135,4908,Tanish Luthra,2014-12-30,Male,Lower-Middle
6136,4909,Chatura Vyas,1998-11-24,Male,Lower
6137,4910,Nachiket Rajan,1967-05-03,Male,Lower
6138,4911,Tamanna Kamdar,1991-02-24,Female,Middle
6139,4912,Ridhi Jhaveri,1972-11-10,Female,Lower-Middle
6140,4912,Pranit Butala,1972-09-16,Male,Middle
6141,4913,Guneet Pai,2004-03-10,Male,Lower-Middle
6142,4914,Chatura Sawhney,1946-03-11,Male,Lower-Middle
6143,4914,Xavier Toor,1984-12-09,Male,Upper-Middle
6144,4915,Girindra Mishra,1987-04-12,Male,Middle
6145,4916,Gopal Sehgal,1968-10-13,Male,Lower-Middle
6146,4917,Ishaan Choudhary,2011-03-20,Male,Lower-Middle
6147,4917,Baljiwan Reddy,2021-06-02,Male,Lower-Middle
6148,4918,Harinakshi Pal,2016-08-11,Female,Lower-Middle
6149,4919,Laban Hegde,1961-11-19,Male,Lower-Middle
6150,4920,Naksh Tandon,1986-12-19,Male,Lower
6151,4920,Udarsh Mohanty,2006-05-15,Male,Upper-Middle
6152,4921,Akshay Seth,1972-02-12,Male,Lower
6153,4922,Faqid Saini,1959-09-27,Male,Lower-Middle
6154,4923,Oscar Reddy,1992-01-08,Male,Upper-Middle
6155,4924,Xavier Bhakta,1997-11-30,Male,Lower-Middle
6156,4925,Yashica Kibe,1984-11-21,Female,Middle
6157,4926,Falan Narasimhan,1962-06-16,Male,Lower-Middle
6158,4927,Zehaan Barad,1988-07-30,Male,Middle
6159,4928,Ojas Munshi,1956-02-21,Male,Lower
6160,4928,Maanav Chawla,1995-10-10,Male,Middle
6161,4929,Tarak Khalsa,1987-11-25,Male,Lower
6162,4930,Aarush Bhavsar,2003-07-03,Male,Upper-Middle
6163,4930,Upkaar Bava,1997-05-04,Male,Upper-Middle
6164,4931,Dhriti Modi,1987-03-05,Female,Upper-Middle
6165,4931,Hitesh Korpal,2012-07-13,Male,Lower
6166,4932,Gaurav Bahri,1958-08-26,Male,Upper
6167,4933,Sai Chandran,1983-02-10,Female,Middle
6168,4934,Darika Raghavan,1986-03-14,Female,Lower
6169,4934,Pushti Som,1976-07-20,Female,Upper-Middle
6170,4935,Vyanjana Sandal,2015-12-30,Female,Lower
6171,4936,Aarush Chakrabarti,1972-12-21,Male,Upper-Middle
6172,4937,Balendra Swamy,2014-07-07,Male,Lower
6173,4938,Abhimanyu Ahluwalia,2011-10-24,Male,Middle
6174,4938,Ridhi Subramaniam,1959-06-09,Female,Lower
6175,4939,Pooja Chaudry,1987-12-13,Female,Lower
6176,4940,Chandran Mammen,1994-06-01,Male,Lower
6177,4940,Girindra Sur,1974-06-25,Male,Lower-Middle
6178,4941,Anita Sibal,1969-05-01,Female,Lower
6179,4942,Tanay Brahmbhatt,2015-12-18,Male,Lower-Middle
6180,4942,Kabir Khurana,2016-05-15,Male,Upper-Middle
6181,4943,Rayaan Zachariah,1987-11-08,Male,Lower
6182,4944,Upadhriti Gara,1972-02-16,Other,Middle
6183,4944,Anamika Shah,1947-12-01,Female,Lower-Middle
6184,4945,Sanya Majumdar,1979-08-30,Female,Lower-Middle
6185,4945,Aadhya Keer,1948-07-07,Female,Upper
6186,4946,Saanvi Agate,1981-02-25,Female,Upper
6187,4947,David Batta,2015-03-03,Male,Lower
6188,4948,Wriddhish Kashyap,1974-04-03,Male,Upper
6189,4949,Amrita Goel,2012-08-18,Female,Middle
6190,4949,Jagdish Dewan,2007-09-24,Male,Lower
6191,4950,Geetika Jhaveri,2013-01-27,Female,Upper-Middle
6192,4951,Tanay Naik,1953-08-07,Male,Middle
6193,4952,Hemang Dhingra,1998-01-18,Male,Lower-Middle
6194,4953,Oni Bava,1980-12-20,Female,Upper-Middle
6195,4954,Jackson Parikh,1974-03-26,Male,Middle
6196,4954,Ekavir Gala,2002-06-21,Male,Lower
6197,4955,Kalpit Jha,1952-09-01,Male,Lower
6198,4956,Jagrati Sidhu,1971-05-16,Female,Upper-Middle
6199,4956,Qasim Char,1972-01-15,Male,Lower-Middle
6200,4957,Urishilla Minhas,1965-04-12,Female,Upper
6201,4958,Ayushman Raghavan,1953-12-18,Male,Lower
6202,4959,Veer Dugar,2009-02-06,Male,Middle
6203,4960,Aashi Murthy,1957-09-29,Female,Lower
6204,4960,Keya Contractor,1998-03-04,Female,Lower-Middle
6205,4961,Chakradev Biswas,1957-08-26,Male,Upper-Middle
6206,4962,Teerth Peri,2002-09-06,Male,Lower-Middle
6207,4963,Arya Dugar,1994-08-17,Female,Lower
6208,4964,Gabriel Sangha,1951-01-29,Male,Lower-Middle
6209,4965,Triveni Datta,2019-01-12,Female,Middle
6210,4966,Geetika Gulati,2016-05-24,Female,Lower-Middle
6211,4967,Harsh Parsa,2008-06-24,Male,Middle
6212,4968,Odika Mital,1995-07-10,Female,Lower-Middle
6213,4969,Garima Nanda,1954-03-21,Female,Lower
6214,4970,Liam Sunder,1989-05-15,Male,Lower-Middle
6215,4971,Krishna Saxena,2007-12-05,Male,Lower-Middle
6216,4971,Mitali Peri,1988-05-13,Other,Lower-Middle
6217,4972,Finn Varma,2015-05-14,Male,Lower
6218,4972,Tejas Jaggi,2018-06-30,Male,Upper
6219,4973,Upadhriti Swaminathan,2001-01-15,Female,Middle
6220,4974,Prisha Setty,1953-06-17,Female,Middle
6221,4974,Chaitaly Aggarwal,1956-03-10,Female,Upper-Middle
6222,4975,Devansh Bora,1978-12-07,Male,Lower-Middle
6223,4975,Yatin Parekh,1974-02-22,Male,Lower-Middle
6224,4976,Gaurav Borah,1986-07-18,Male,Upper-Middle
6225,4976,Hredhaan Nayak,1984-10-20,Male,Upper-Middle
6226,4977,Utkarsh Mani,2014-06-20,Male,Lower
6227,4978,Simon Venkatesh,1972-10-12,Male,Middle
6228,4978,Radhika Dora,1996-02-12,Female,Lower
6229,4979,Hritik Banik,1971-09-15,Male,Lower-Middle
6230,4980,Kritika Nori,1969-01-23,Female,Middle
6231,4981,Patrick Bhatnagar,2012-04-01,Male,Lower
6232,4981,Mekhala Raghavan,2002-09-11,Female,Middle
6233,4982,Tarak Walia,1966-03-04,Male,Lower-Middle
6234,4983,Vrinda Chaudry,1994-04-02,Female,Lower
6235,4984,Naveen Sagar,1959-11-18,Male,Lower-Middle
6236,4985,Aradhana Bose,1950-10-30,Female,Upper
6237,4986,Advaith Gaba,1969-12-19,Male,Upper
6238,4987,Ekaraj Kadakia,1991-07-28,Male,Lower-Middle
6239,4988,Damyanti Gola,1958-09-03,Female,Upper-Middle
6240,4988,Yashvi Kapur,1964-02-06,Female,Lower-Middle
6241,4989,Faraj Pant,1980-11-01,Male,Lower
6242,4990,Lekha Date,1967-11-23,Female,Upper
6243,4991,Kala Deol,2001-09-02,Female,Middle
6244,4991,Deepa Merchant,1981-06-23,Female,Lower-Middle
6245,4992,Isha Soman,1960-01-07,Female,Lower-Middle
6246,4993,Anita Loke,1989-05-04,Female,Upper-Middle
6247,4994,Ronith Suresh,2019-07-07,Male,Middle
6248,4995,Yatin Tella,1949-12-03,Male,Lower
6249,4996,Diya Pandit,1959-03-15,Female,Lower
6250,4997,Hemal Sami,2018-08-02,Female,Middle
6251,4997,Girik Hayre,1969-05-03,Male,Middle
6252,4998,Ikshita Nazareth,1993-11-23,Female,Lower-Middle
6253,4999,Triya Baria,1973-10-17,Female,Lower-Middle
6254,5000,Rishi Guha,1957-04-25,Male,Lower
